model_name,k,mae,rmse,r2,log_mae,log_rmse,log_r2,signed_bias,log_signed_bias,q90_mae,n_splits,mae_sd_split,q90_nonempty_partitions,r2_defined_partitions,log_r2_defined_partitions,station_equal_mae
current_model,0,2.377917079137766,3.9361265924592557,0.13347459975076023,0.32001498889564406,0.40552620837358316,0.2243149367724699,-0.4992168016555394,0.030679578634852482,10.72381061286265,5,2.1354495618185343,5,5,5,2.5694167106082646
current_model,1,2.2403200493359874,3.798692367919897,0.17075680020177866,0.29727631156763934,0.3857358457898544,0.28889165730035027,-0.4889211069732342,0.00973620526192645,10.53813819207815,5,2.0167340241896716,5,5,5,2.4468845585358734
current_model,3,2.0438949737580856,3.5959219113032916,0.24759345872009314,0.2596834154296713,0.34512270165259185,0.4022613400855832,-0.38550571879194134,0.020138298434533027,10.22901537746805,5,1.8976743243578982,5,5,5,2.23084450711547
current_model,5,1.9496869869346383,3.55267866207594,0.2645678717846796,0.24368401890564567,0.33307506071690857,0.44550412589661975,-0.47225352232417056,0.00041815005429490933,10.10364202785792,5,1.848181497495401,5,5,5,2.1537795478251445
innovation_real_integrated,0,2.286835456900418,3.890524901651767,0.14180045044925307,0.310166649900644,0.3961657974804948,0.23887569792473498,-0.6519802852714637,0.024037979390016263,10.531159018041967,5,1.9473395697665494,5,5,5,2.5158234775783286
innovation_real_integrated,1,2.1562285027363273,3.760068833040644,0.17325070829357458,0.2863303213398005,0.3751401749830373,0.31162835615689355,-0.6481273616705538,-0.002495230492112861,10.422820918288958,5,1.8483247108521597,5,5,5,2.39258871722503
innovation_real_integrated,3,1.9725130481825979,3.5316385690521406,0.25745630367262545,0.2509631163071241,0.3374036245719676,0.42127683619050343,-0.4620256245903994,0.0052069554503607,10.128712664979886,5,1.7901061130969624,5,5,5,2.1880801600800828
innovation_real_integrated,5,1.902423559970319,3.503591632075144,0.2676663564145022,0.24043526914655802,0.3312413084699047,0.4466117864823678,-0.5685013516440119,-0.016165461772905766,10.183845282549942,5,1.7453597941786398,5,5,5,2.119611050095577
innovation_real_native,0,2.2822862088988196,3.883577467711227,0.1470996315970659,0.31283156557946196,0.39890065191529267,0.23345717308618646,-0.6696995001731507,0.01247078715209211,10.505778989591038,5,1.9515364224433989,5,5,5,2.505119573327388
innovation_real_native,1,2.1563398418892645,3.7601245774384857,0.17464641103914916,0.2888584603845998,0.3773499362203789,0.30739447662286157,-0.6449517648905662,-0.007519711841844598,10.358784466035468,5,1.847480656048348,5,5,5,2.3865359786529945
innovation_real_native,3,1.9717566068613284,3.5249748196301516,0.2628104906054541,0.25201894478877074,0.337227941652785,0.4253609367054154,-0.4645975632384758,0.0013732803804216583,10.097142343193559,5,1.7907397518298869,5,5,5,2.186086083116729
innovation_real_native,5,1.8974690719002758,3.494730076534471,0.2738159306123973,0.23921342158512457,0.3288387505671337,0.45460311656280145,-0.5523047810941155,-0.014366555745387583,10.11618540807583,5,1.7484255262747948,5,5,5,2.1169768195046066
innovation_real_trees,0,2.326535580085408,3.907532846430533,0.12876216668128215,0.32714246413098647,0.4108884327183716,0.1760694157560268,-0.5581879927638147,0.08240117583400981,10.52434095628879,5,1.8986622306361924,5,5,5,2.528867900781119
innovation_real_trees,1,2.157070959880556,3.7894410449809426,0.14359465516604614,0.2836315472211106,0.37478080443399353,0.28981162608449396,-0.5767904506273359,0.027664990683913714,10.361720748578263,5,1.8154578850929877,5,5,5,2.4087463181325885
innovation_real_trees,3,1.9538279251809734,3.506289155061455,0.25412546049719975,0.2526731838174461,0.34004088007920286,0.4069500864743526,-0.41047989851004535,0.02142929893569004,10.13637002091373,5,1.722512904139212,5,5,5,2.158409902683472
innovation_real_trees,5,1.871110144728028,3.477960941543884,0.26175912735029383,0.2384652271195776,0.3335024127590362,0.4329039233144475,-0.5270280180084231,-0.012637162064666713,10.160433490025744,5,1.681585981391763,5,5,5,2.084388851736282
matched_daily_trees,0,2.4609885196033305,3.9636211392900784,0.11075786876636869,0.3465133449540153,0.42642879909585896,0.11938328474965518,-0.3136864123194866,0.11659129289590886,10.546532386366554,5,2.0439857647505297,5,5,5,2.6228051269881574
matched_daily_trees,1,2.2509704878600565,3.8415819928356845,0.13909052588305895,0.2947334835315073,0.38522892146077636,0.2664358872015929,-0.40446650554230945,0.052459139843750856,10.374666077306582,5,1.965198399941529,5,5,5,2.485969907747941
matched_daily_trees,3,2.0806880619187127,3.5829879445789303,0.23462726528763342,0.2682015029036414,0.35367493735312083,0.36282972921511225,-0.2150694520532069,0.05094166877351525,10.20349684517933,5,1.862285370563546,5,5,5,2.265148864258644
matched_daily_trees,5,1.9513623005435874,3.5570281787345137,0.24726706000357052,0.24635682311066373,0.3410888019572452,0.41552717011792595,-0.46286528664048704,0.0009882888774559284,10.147107982250457,5,1.8091553520499402,5,5,5,2.164261416717879
station_hidden_trees,0,2.3594728621698278,3.952931795293478,0.12068025439462811,0.32848010502816455,0.41218002713007895,0.17342208719735713,-0.5969661692433008,0.07947327532226903,10.57042025293647,5,1.9537255999718282,5,5,5,2.5648070146655195
station_hidden_trees,1,2.1816759653937723,3.8079057348887337,0.1590041444245233,0.28801977801304146,0.3783326966853639,0.2929371005393621,-0.6081679529751655,0.03543627910951873,10.428226155238026,5,1.8748338953124337,5,5,5,2.4241902457533606
station_hidden_trees,3,1.9897538436509268,3.5448934000639754,0.2502469829318449,0.2548892399862993,0.3414055041071994,0.405689627685857,-0.4003346695635175,0.0294025996083841,10.170466961537572,5,1.7893615186698968,5,5,5,2.1926453198861133
station_hidden_trees,5,1.905463472215341,3.5241934432781514,0.25865024491297567,0.23999945659079297,0.3333657617208897,0.4368083051397279,-0.5371293598584069,-0.00380304932898073,10.108801014978818,5,1.744251295744659,5,5,5,2.1241697176740026
unmonitored_integrated,0,2.296494573042324,3.903131039195256,0.13482518719197126,0.311765029926845,0.3974619260134504,0.23079150669669887,-0.6511857662415739,0.0300427449723205,10.579604305766447,5,1.9469642948263026,5,5,5,2.521551292615935
unmonitored_integrated,1,2.1604590384245546,3.762939851896257,0.17194386304815765,0.28666110025927194,0.37589758807983953,0.3055294190493452,-0.6468530218947623,0.00300665533277152,10.478770817035159,5,1.8504994114385689,5,5,5,2.398562450289489
unmonitored_integrated,3,1.9879461217420036,3.544576866367467,0.24898036809999907,0.25402752871168444,0.3404833524346512,0.407393932556294,-0.4471841161035387,0.010378089157742755,10.162957067961361,5,1.7871526772079849,5,5,5,2.1983832586322145
unmonitored_integrated,5,1.90979016739578,3.511261084055744,0.26303648446903616,0.24178917978635744,0.3326374901007099,0.44039336317416716,-0.5548126217094325,-0.011342074867548006,10.212400566927064,5,1.7450746299708573,5,5,5,2.1221376925573963
unmonitored_residual,0,2.2798100490843485,3.8928728952842304,0.14327488403987837,0.30826586299792125,0.3952387137382584,0.24511539174251987,-0.6893806801502987,0.011349675662932438,10.554581927975017,5,1.9598563741251165,5,5,5,2.5021298960401688
unmonitored_residual,1,2.160134088438215,3.7636538792642837,0.1738553334908423,0.28872259618552454,0.377037572081021,0.30601059259210883,-0.6558986236839017,-0.007214400154980445,10.414659433124623,5,1.851198946207084,5,5,5,2.391755281073901
unmonitored_residual,3,1.9867096245870683,3.53475398041995,0.2569017828658545,0.2558962609834505,0.34052996248377454,0.41229764318423917,-0.4547991397393368,0.0032546276454620536,10.122535356567788,5,1.7895828896992059,5,5,5,2.195590324119988
unmonitored_residual,5,1.90553584028537,3.4998712775523635,0.27130351004298875,0.24177526794470613,0.330600071059432,0.44929031087259863,-0.5443488840799805,-0.013423010723751568,10.13682161373321,5,1.7490676228765494,5,5,5,2.1185060861590492
