split_seed,model_name,k,mae,rmse,r2,log_mae,q90_mae,n_seeds,mae_sd_seed,n_stations,n_query_cells,q90_n,q90_unstable
142,context_constant,0,1.9905841327747291,4.351821346975098,0.46447468909411177,0.31997684330671544,9.14223901640318,3,0.007446337554938058,71,3975,352,False
142,context_constant,1,1.8739641368657478,4.065231436478384,0.5326855623898009,0.2958047816570141,8.390884104988096,3,0.007889656001283238,71,3975,352,False
142,context_constant,3,1.5823593416846176,3.6429346702423397,0.6247357490428014,0.24887750803476427,7.609301231380987,3,0.0023164144441746508,71,3975,352,False
142,context_constant,5,1.5768485267617687,3.599472481149805,0.6336363189702633,0.24806183387407008,7.482940079714436,3,0.0016065521316647484,71,3975,352,False
142,context_gru_tuned_anchor,0,1.9905841327747291,4.351821346975098,0.46447468909411177,0.31997684330671544,9.14223901640318,3,0.007446337554938058,71,3975,352,False
142,context_gru_tuned_anchor,1,1.8739641368657478,4.065231436478384,0.5326855623898009,0.2958047816570141,8.390884104988096,3,0.007889656001283238,71,3975,352,False
142,context_gru_tuned_anchor,3,1.567357285708188,3.6087293721440115,0.6317411739489266,0.24577086874470022,7.566608328760682,3,0.0123735088209349,71,3975,352,False
142,context_gru_tuned_anchor,5,1.566883696594356,3.561320552724163,0.641348215912865,0.2464765903767907,7.432791057269912,3,0.00827759971080133,71,3975,352,False
142,frozen_constant,0,1.8562099056897845,4.163798151462736,0.5097465087125095,0.29820894648120966,8.588436608156956,3,0.020899485660582515,71,3975,352,False
142,frozen_constant,1,1.7385444213992767,3.912378296269526,0.567168408465231,0.27693455852721355,7.998345869372881,3,0.019264730481728293,71,3975,352,False
142,frozen_constant,3,1.5843809740726271,3.727716095931024,0.607065659825293,0.2489116311312677,7.680776803203748,3,0.0058736028712340705,71,3975,352,False
142,frozen_constant,5,1.5358203160421962,3.532895655984156,0.6470647624404416,0.24195494529442682,7.3135184477250315,3,0.002026945019530838,71,3975,352,False
142,frozen_gru_tuned_anchor,0,1.8562099056897845,4.163798151462736,0.5097465087125095,0.29820894648120966,8.588436608156956,3,0.020899485660582515,71,3975,352,False
142,frozen_gru_tuned_anchor,1,1.7385444213992767,3.912378296269526,0.567168408465231,0.27693455852721355,7.998345869372881,3,0.019264730481728293,71,3975,352,False
142,frozen_gru_tuned_anchor,3,1.5806583197598474,3.7176634608529984,0.609182602934246,0.2482804482322398,7.666767454273885,3,0.004660907400834471,71,3975,352,False
142,frozen_gru_tuned_anchor,5,1.5296172480036703,3.503980611244625,0.6528101096799096,0.24087358178652538,7.281344652529932,3,0.004117760095083579,71,3975,352,False
142,frozen_integrated_constant,0,1.8562099056897845,4.163798151462736,0.5097465087125095,0.29820894648120966,8.588436608156956,3,0.020899485660582515,71,3975,352,False
142,frozen_integrated_constant,1,1.7385444213992767,3.912378296269526,0.567168408465231,0.27693455852721355,7.998345869372881,3,0.019264730481728293,71,3975,352,False
142,frozen_integrated_constant,3,1.5835702602439223,3.7316007311636312,0.6062469914962452,0.24813324137196144,7.691915689427295,3,0.006794155169137213,71,3975,352,False
142,frozen_integrated_constant,5,1.536715070474395,3.543808629407907,0.6448803564020914,0.24172289723253879,7.343618866891575,3,0.0016789459512596473,71,3975,352,False
142,frozen_integrated_gru_tuned_anchor,0,1.8562099056897845,4.163798151462736,0.5097465087125095,0.29820894648120966,8.588436608156956,3,0.020899485660582515,71,3975,352,False
142,frozen_integrated_gru_tuned_anchor,1,1.7385444213992767,3.912378296269526,0.567168408465231,0.27693455852721355,7.998345869372881,3,0.019264730481728293,71,3975,352,False
142,frozen_integrated_gru_tuned_anchor,3,1.5797979126466675,3.7215913019298967,0.6083557720269971,0.247487057817002,7.677821414557703,3,0.00554148512856449,71,3975,352,False
142,frozen_integrated_gru_tuned_anchor,5,1.5290987252011423,3.511389866318473,0.6513340613349058,0.24026762179924557,7.303401163620894,3,0.0035646847639167357,71,3975,352,False
142,last_self_constant,0,1.8354393048781905,4.1418138769892465,0.5149162585193529,0.2939631916376613,8.552789695505522,3,0.02360684290541977,71,3975,352,False
142,last_self_constant,1,1.727111279262755,3.90162585996976,0.5695458811787363,0.27563259636263676,7.987524484314718,3,0.02387679383658321,71,3975,352,False
142,last_self_constant,3,1.5818645386072185,3.7236415141878747,0.6079250064845901,0.24914651228394194,7.670302992341415,3,0.010890449338490989,71,3975,352,False
142,last_self_constant,5,1.5363461698440999,3.531900121973992,0.6472637191889458,0.24294380111591526,7.30894318708373,3,0.005581019331530325,71,3975,352,False
142,last_self_ecology_constant,0,1.8288322616209467,4.125733354117039,0.5186718726601601,0.2924814911170512,8.500775363551835,3,0.026139017132077703,71,3975,352,False
142,last_self_ecology_constant,1,1.720382457507366,3.890828119801636,0.5719166349021801,0.27478637594354133,7.956470559786523,3,0.027174587110699863,71,3975,352,False
142,last_self_ecology_constant,3,1.580226688570513,3.7181495002170757,0.6090775936007099,0.24912757369707425,7.649944045639912,3,0.012519529744476045,71,3975,352,False
142,last_self_ecology_constant,5,1.5359046241286665,3.530434500886233,0.6475554739294952,0.24327981768891985,7.301712182775375,3,0.0072295091396415365,71,3975,352,False
142,last_self_ecology_gru_tuned_anchor,0,1.8288322616209467,4.125733354117039,0.5186718726601601,0.2924814911170512,8.500775363551835,3,0.026139017132077703,71,3975,352,False
142,last_self_ecology_gru_tuned_anchor,1,1.720382457507366,3.890828119801636,0.5719166349021801,0.27478637594354133,7.956470559786523,3,0.027174587110699863,71,3975,352,False
142,last_self_ecology_gru_tuned_anchor,3,1.573100235489701,3.6998651940999765,0.6129156293291101,0.24763892528487227,7.625355640181883,3,0.013959484053053882,71,3975,352,False
142,last_self_ecology_gru_tuned_anchor,5,1.5285979469470785,3.4999614771728313,0.6535988355384806,0.24177438878002322,7.268619795900566,3,0.010284527877857998,71,3975,352,False
142,last_self_ecology_integrated_constant,0,1.8288322616209467,4.125733354117039,0.5186718726601601,0.2924814911170512,8.500775363551835,3,0.026139017132077703,71,3975,352,False
142,last_self_ecology_integrated_constant,1,1.720382457507366,3.890828119801636,0.5719166349021801,0.27478637594354133,7.956470559786523,3,0.027174587110699863,71,3975,352,False
142,last_self_ecology_integrated_constant,3,1.5794300806862047,3.720450753946622,0.6085913636452681,0.24833076333466184,7.65737058249162,3,0.012983654982605274,71,3975,352,False
142,last_self_ecology_integrated_constant,5,1.536791622514257,3.5438158818472925,0.6448785805402453,0.2421686186701394,7.342941039537393,3,0.0029255810456789958,71,3975,352,False
142,last_self_ecology_integrated_gru_tuned_anchor,0,1.8288322616209467,4.125733354117039,0.5186718726601601,0.2924814911170512,8.500775363551835,3,0.026139017132077703,71,3975,352,False
142,last_self_ecology_integrated_gru_tuned_anchor,1,1.720382457507366,3.890828119801636,0.5719166349021801,0.27478637594354133,7.956470559786523,3,0.027174587110699863,71,3975,352,False
142,last_self_ecology_integrated_gru_tuned_anchor,3,1.5752984496906668,3.71008257186368,0.6107662408932009,0.2475757073183452,7.640896355767073,3,0.012348918985236249,71,3975,352,False
142,last_self_ecology_integrated_gru_tuned_anchor,5,1.5284360206939365,3.5111602673711353,0.6513804787028113,0.24048856695978824,7.303352206550954,3,0.006549232167457339,71,3975,352,False
142,last_self_gru_tuned_anchor,0,1.8354393048781905,4.1418138769892465,0.5149162585193529,0.2939631916376613,8.552789695505522,3,0.02360684290541977,71,3975,352,False
142,last_self_gru_tuned_anchor,1,1.727111279262755,3.90162585996976,0.5695458811787363,0.27563259636263676,7.987524484314718,3,0.02387679383658321,71,3975,352,False
142,last_self_gru_tuned_anchor,3,1.5748677116280867,3.7056409008322055,0.6117064390059729,0.24770367640396004,7.647672975856001,3,0.011937599537670339,71,3975,352,False
142,last_self_gru_tuned_anchor,5,1.5295678779145758,3.502189415449962,0.6531615512739634,0.24170153836705258,7.276561329231036,3,0.008185885407622892,71,3975,352,False
142,last_self_integrated_constant,0,1.8354393048781905,4.1418138769892465,0.5149162585193529,0.2939631916376613,8.552789695505522,3,0.02360684290541977,71,3975,352,False
142,last_self_integrated_constant,1,1.727111279262755,3.90162585996976,0.5695458811787363,0.27563259636263676,7.987524484314718,3,0.02387679383658321,71,3975,352,False
142,last_self_integrated_constant,3,1.580923477566096,3.7264749899921887,0.6073268913032686,0.2483358821845422,7.678718082885393,3,0.011395406161607027,71,3975,352,False
142,last_self_integrated_constant,5,1.536533095842105,3.5414739636800774,0.6453465665841557,0.24228226896206828,7.337515285957179,3,0.003249733482215028,71,3975,352,False
142,last_self_integrated_gru_tuned_anchor,0,1.8354393048781905,4.1418138769892465,0.5149162585193529,0.2939631916376613,8.552789695505522,3,0.02360684290541977,71,3975,352,False
142,last_self_integrated_gru_tuned_anchor,1,1.727111279262755,3.90162585996976,0.5695458811787363,0.27563259636263676,7.987524484314718,3,0.02387679383658321,71,3975,352,False
142,last_self_integrated_gru_tuned_anchor,3,1.5769242682151747,3.7163137807448785,0.6094632746859282,0.24761720630626013,7.663861070985544,3,0.010409188928059459,71,3975,352,False
142,last_self_integrated_gru_tuned_anchor,5,1.5283920717563968,3.5090791357793365,0.6517888586300288,0.24076337018231095,7.2980716791385865,3,0.006477246021256518,71,3975,352,False
142,prior_concentration_constant,0,1.8562099056897845,4.163798151462736,0.5097465087125095,0.29820894648120966,8.588436608156956,3,0.020899485660582515,71,3975,352,False
142,prior_concentration_constant,1,1.7385444213992767,3.912378296269526,0.567168408465231,0.27693455852721355,7.998345869372881,3,0.019264730481728293,71,3975,352,False
142,prior_concentration_constant,3,1.5843809740726271,3.727716095931024,0.607065659825293,0.2489116311312677,7.680776803203748,3,0.0058736028712340705,71,3975,352,False
142,prior_concentration_constant,5,1.5358203160421962,3.532895655984156,0.6470647624404416,0.24195494529442682,7.3135184477250315,3,0.002026945019530838,71,3975,352,False
142,prior_concentration_gru_tuned_anchor,0,1.8562099056897845,4.163798151462736,0.5097465087125095,0.29820894648120966,8.588436608156956,3,0.020899485660582515,71,3975,352,False
142,prior_concentration_gru_tuned_anchor,1,1.7385444213992767,3.912378296269526,0.567168408465231,0.27693455852721355,7.998345869372881,3,0.019264730481728293,71,3975,352,False
142,prior_concentration_gru_tuned_anchor,3,1.5806583197598474,3.7176634608529984,0.609182602934246,0.2482804482322398,7.666767454273885,3,0.004660907400834471,71,3975,352,False
142,prior_concentration_gru_tuned_anchor,5,1.5296172480036703,3.503980611244625,0.6528101096799096,0.24087358178652538,7.281344652529932,3,0.004117760095083579,71,3975,352,False
142,prior_ecological_affine_constant,0,1.8328589356871128,4.202070072349583,0.5006038555456115,0.2916677233151612,8.711402668467814,3,0.07952585011349121,71,3975,352,False
142,prior_ecological_affine_constant,1,1.750403645322551,3.961294802365544,0.5562122499645518,0.28826054737738876,8.115879404446959,3,0.06475897609821253,71,3975,352,False
142,prior_ecological_affine_constant,3,1.5951497263938805,3.7620820548047558,0.5997826827479451,0.25694215984791274,7.776035009593634,3,0.021523751624698835,71,3975,352,False
142,prior_ecological_affine_constant,5,1.539341346430125,3.5536455178886635,0.6429029224733924,0.24629523914259877,7.363720553747761,3,0.009527422602044911,71,3975,352,False
142,prior_ecological_affine_gru_tuned_anchor,0,1.8328589356871128,4.202070072349583,0.5006038555456115,0.2916677233151612,8.711402668467814,3,0.07952585011349121,71,3975,352,False
142,prior_ecological_affine_gru_tuned_anchor,1,1.750403645322551,3.961294802365544,0.5562122499645518,0.28826054737738876,8.115879404446959,3,0.06475897609821253,71,3975,352,False
142,prior_ecological_affine_gru_tuned_anchor,3,1.5858697077176487,3.733856427811641,0.6057280604204087,0.2553072991876417,7.733823029969957,3,0.029807225080799186,71,3975,352,False
142,prior_ecological_affine_gru_tuned_anchor,5,1.5287659237487514,3.508334428890693,0.6519418402281634,0.2441053518507189,7.315509965337934,3,0.010722363364306436,71,3975,352,False
143,context_constant,0,1.7212246762319634,3.6184213070497493,0.5185867372074374,0.2451521240625029,6.379871450863685,3,0.009093933167021099,71,3907,440,False
143,context_constant,1,1.729065785417937,3.614440501081326,0.5196455830736523,0.24481554342016865,6.422884209510467,3,0.004595190906651741,71,3907,440,False
143,context_constant,3,1.649234957816233,3.571944005922047,0.5308746269572093,0.22740678666526906,6.52060303321272,3,0.0035909548050763692,71,3907,440,False
143,context_constant,5,1.6057208078520517,3.5166479609302184,0.5452869669652459,0.22003709138854313,6.2295447115543245,3,0.0034934682017154295,71,3907,440,False
143,context_gru_tuned_anchor,0,1.7212246762319634,3.6184213070497493,0.5185867372074374,0.2451521240625029,6.379871450863685,3,0.009093933167021099,71,3907,440,False
143,context_gru_tuned_anchor,1,1.729065785417937,3.614440501081326,0.5196455830736523,0.24481554342016865,6.422884209510467,3,0.004595190906651741,71,3907,440,False
143,context_gru_tuned_anchor,3,1.6425916979425257,3.5664495221037487,0.5323068732961539,0.2252437970312587,6.515469546288876,3,0.023513999231812712,71,3907,440,False
143,context_gru_tuned_anchor,5,1.5980538384663416,3.51107898323288,0.5467243494858024,0.21821944074270605,6.209636393468823,3,0.007903964296701382,71,3907,440,False
143,frozen_constant,0,1.699660273688906,3.615778078906308,0.5192896491109137,0.23923530431237974,6.382624535512652,3,0.01245626255015264,71,3907,440,False
143,frozen_constant,1,1.7056317959645613,3.6098860302817584,0.5208553183677919,0.23968838718250782,6.432376050567996,3,0.007376768279276598,71,3907,440,False
143,frozen_constant,3,1.6369318594032018,3.5671214247191227,0.532140510804313,0.22477134902843635,6.508330684240261,3,0.002509658589079412,71,3907,440,False
143,frozen_constant,5,1.5963728566083242,3.507352076776949,0.5476877595277437,0.2180105741704459,6.2034757829706235,3,0.003003765222971671,71,3907,440,False
143,frozen_gru_tuned_anchor,0,1.699660273688906,3.615778078906308,0.5192896491109137,0.23923530431237974,6.382624535512652,3,0.01245626255015264,71,3907,440,False
143,frozen_gru_tuned_anchor,1,1.7056317959645613,3.6098860302817584,0.5208553183677919,0.23968838718250782,6.432376050567996,3,0.007376768279276598,71,3907,440,False
143,frozen_gru_tuned_anchor,3,1.6300647193937599,3.5603060664076422,0.5339183830017515,0.22249032058835327,6.501784359484298,3,0.020049511074057266,71,3907,440,False
143,frozen_gru_tuned_anchor,5,1.5881780445138307,3.501138379671962,0.5492873873883433,0.21602980645628334,6.1827285220144335,3,0.006615438798348534,71,3907,440,False
143,frozen_integrated_constant,0,1.6620829186804513,3.616794129977965,0.5190167294073774,0.23152530963527762,6.416523993410654,3,0.011729061360450236,71,3907,440,False
143,frozen_integrated_constant,1,1.6901190500788157,3.610036736147363,0.5208142973765065,0.23671592903024985,6.448659473340147,3,0.004069223537937571,71,3907,440,False
143,frozen_integrated_constant,3,1.6371198594550886,3.5695965209493945,0.5314908858325289,0.22478223868284045,6.513658012394383,3,0.0033952604725974466,71,3907,440,False
143,frozen_integrated_constant,5,1.5970922859120327,3.5078885483840536,0.5475493618112653,0.21813098164646413,6.204058046547108,3,0.003657778514574961,71,3907,440,False
143,frozen_integrated_gru_tuned_anchor,0,1.6620829186804513,3.616794129977965,0.5190167294073774,0.23152530963527762,6.416523993410654,3,0.011729061360450236,71,3907,440,False
143,frozen_integrated_gru_tuned_anchor,1,1.6901190500788157,3.610036736147363,0.5208142973765065,0.23671592903024985,6.448659473340147,3,0.004069223537937571,71,3907,440,False
143,frozen_integrated_gru_tuned_anchor,3,1.6284926658645364,3.562360023245182,0.5333815555409559,0.2222401835156346,6.507549780854483,3,0.02152833034852543,71,3907,440,False
143,frozen_integrated_gru_tuned_anchor,5,1.588940369099877,3.501665561071601,0.5491514365266414,0.21616591174398855,6.183110676772425,3,0.007575555169599759,71,3907,440,False
143,last_self_constant,0,1.6993740104561088,3.6157616024100214,0.5192940201687557,0.23915694548714253,6.382709153564104,3,0.012289155168128204,71,3907,440,False
143,last_self_constant,1,1.7051459179127633,3.609776045859931,0.5208845125091828,0.23958926900119995,6.432467748343399,3,0.007144554024318585,71,3907,440,False
143,last_self_constant,3,1.6367531954161174,3.567093396501139,0.5321478606890568,0.2247307995662872,6.508368103550125,3,0.0024652067530912536,71,3907,440,False
143,last_self_constant,5,1.5962702834804843,3.507264627721129,0.5477103136608925,0.217986537334929,6.203197898343206,3,0.002943513426473435,71,3907,440,False
143,last_self_ecology_constant,0,1.6957794943703524,3.6150630874898524,0.5194799286929143,0.23818574783229485,6.384552007368953,3,0.01003011934426582,71,3907,440,False
143,last_self_ecology_constant,1,1.6980412822643538,3.608707957487884,0.5211680898880252,0.23789046665454136,6.4365388372838686,3,0.01097208833408356,71,3907,440,False
143,last_self_ecology_constant,3,1.6347186164446252,3.5690952854871436,0.5316221480712074,0.22416180426741802,6.514480452564237,3,0.0024770833326473495,71,3907,440,False
143,last_self_ecology_constant,5,1.5945858961877855,3.5076575712200957,0.5476089621649413,0.21747490707060532,6.205395294144694,3,0.0026042703634568966,71,3907,440,False
143,last_self_ecology_gru_tuned_anchor,0,1.6957794943703524,3.6150630874898524,0.5194799286929143,0.23818574783229485,6.384552007368953,3,0.01003011934426582,71,3907,440,False
143,last_self_ecology_gru_tuned_anchor,1,1.6980412822643538,3.608707957487884,0.5211680898880252,0.23789046665454136,6.4365388372838686,3,0.01097208833408356,71,3907,440,False
143,last_self_ecology_gru_tuned_anchor,3,1.62730517608863,3.561615377671995,0.5335768990804596,0.22189622927428357,6.507195419147167,3,0.022996107804145096,71,3907,440,False
143,last_self_ecology_gru_tuned_anchor,5,1.5862428445894163,3.501150498936882,0.5492843397014459,0.21552744576287872,6.1843062606650365,3,0.009790918246862002,71,3907,440,False
143,last_self_ecology_integrated_constant,0,1.6649640057575203,3.61710569854746,0.5189350422819693,0.2320187532464271,6.415393812402958,3,0.005314788977996073,71,3907,440,False
143,last_self_ecology_integrated_constant,1,1.6859915012004434,3.6091915476733583,0.5210390264963191,0.23576103746101904,6.448656308801339,3,0.004761447422214671,71,3907,440,False
143,last_self_ecology_integrated_constant,3,1.6352480274797454,3.569995181404393,0.5313859011214038,0.22436149146309856,6.515933313523196,3,0.00224630709941752,71,3907,440,False
143,last_self_ecology_integrated_constant,5,1.5953045960613015,3.5082005694565974,0.5474688852533428,0.21759499468031854,6.206017957081909,3,0.0038467909700110573,71,3907,440,False
143,last_self_ecology_integrated_gru_tuned_anchor,0,1.6649640057575203,3.61710569854746,0.5189350422819693,0.2320187532464271,6.415393812402958,3,0.005314788977996073,71,3907,440,False
143,last_self_ecology_integrated_gru_tuned_anchor,1,1.6859915012004434,3.6091915476733583,0.5210390264963191,0.23576103746101904,6.448656308801339,3,0.004761447422214671,71,3907,440,False
143,last_self_ecology_integrated_gru_tuned_anchor,3,1.626628242271724,3.562774471713281,0.53327342241487,0.22186223822075332,6.5096642375932,3,0.02346439883745716,71,3907,440,False
143,last_self_ecology_integrated_gru_tuned_anchor,5,1.587009565474052,3.501685133037356,0.5491464717942425,0.21566427044586445,6.184727480480724,3,0.010667915750001462,71,3907,440,False
143,last_self_gru_tuned_anchor,0,1.6993740104561088,3.6157616024100214,0.5192940201687557,0.23915694548714253,6.382709153564104,3,0.012289155168128204,71,3907,440,False
143,last_self_gru_tuned_anchor,1,1.7051459179127633,3.609776045859931,0.5208845125091828,0.23958926900119995,6.432467748343399,3,0.007144554024318585,71,3907,440,False
143,last_self_gru_tuned_anchor,3,1.629891391825849,3.5602622921516853,0.5339298954162089,0.22245391127825154,6.5017868194261,3,0.020042961547552404,71,3907,440,False
143,last_self_gru_tuned_anchor,5,1.5880779401038538,3.5010438026673256,0.5493117346977177,0.21600822714432122,6.182440631645615,3,0.006661886732157388,71,3907,440,False
143,last_self_integrated_constant,0,1.6667809814183032,3.6178125329943662,0.51874667673234,0.23250256644454995,6.417419020356263,3,0.007912157506732718,71,3907,440,False
143,last_self_integrated_constant,1,1.689861892402556,3.6099853333508705,0.5208279348594468,0.236663489676875,6.448695014443987,3,0.003996193419309041,71,3907,440,False
143,last_self_integrated_constant,3,1.636659350797239,3.5691940044261408,0.531596457143633,0.22471104782524268,6.513388877497004,3,0.003192648217170869,71,3907,440,False
143,last_self_integrated_constant,5,1.5969885664046684,3.5078074514549358,0.5475702817226646,0.21810647112386708,6.2038186608845045,3,0.0036123281343994834,71,3907,440,False
143,last_self_integrated_gru_tuned_anchor,0,1.6667809814183032,3.6178125329943662,0.51874667673234,0.23250256644454995,6.417419020356263,3,0.007912157506732718,71,3907,440,False
143,last_self_integrated_gru_tuned_anchor,1,1.689861892402556,3.6099853333508705,0.5208279348594468,0.236663489676875,6.448695014443987,3,0.003996193419309041,71,3907,440,False
143,last_self_integrated_gru_tuned_anchor,3,1.6283674073032748,3.562320337060058,0.5333919910860531,0.22221430695372635,6.507522539754647,3,0.021495900425875764,71,3907,440,False
143,last_self_integrated_gru_tuned_anchor,5,1.5888442007288497,3.5015781633546936,0.5491739372055708,0.21614490983506662,6.18285999411781,3,0.007622321088246871,71,3907,440,False
143,prior_concentration_constant,0,1.699660273688906,3.615778078906308,0.5192896491109137,0.23923530431237974,6.382624535512652,3,0.01245626255015264,71,3907,440,False
143,prior_concentration_constant,1,1.7056317959645613,3.6098860302817584,0.5208553183677919,0.23968838718250782,6.432376050567996,3,0.007376768279276598,71,3907,440,False
143,prior_concentration_constant,3,1.6369318594032018,3.5671214247191227,0.532140510804313,0.22477134902843635,6.508330684240261,3,0.002509658589079412,71,3907,440,False
143,prior_concentration_constant,5,1.5963728566083242,3.507352076776949,0.5476877595277437,0.2180105741704459,6.2034757829706235,3,0.003003765222971671,71,3907,440,False
143,prior_concentration_gru_tuned_anchor,0,1.699660273688906,3.615778078906308,0.5192896491109137,0.23923530431237974,6.382624535512652,3,0.01245626255015264,71,3907,440,False
143,prior_concentration_gru_tuned_anchor,1,1.7056317959645613,3.6098860302817584,0.5208553183677919,0.23968838718250782,6.432376050567996,3,0.007376768279276598,71,3907,440,False
143,prior_concentration_gru_tuned_anchor,3,1.6300647193937599,3.5603060664076422,0.5339183830017515,0.22249032058835327,6.501784359484298,3,0.020049511074057266,71,3907,440,False
143,prior_concentration_gru_tuned_anchor,5,1.5881780445138307,3.501138379671962,0.5492873873883433,0.21602980645628334,6.1827285220144335,3,0.006615438798348534,71,3907,440,False
143,prior_ecological_affine_constant,0,1.6637316229069654,3.619145951414536,0.5183911599030343,0.23192605864873608,6.424125770405721,3,0.0104996634856667,71,3907,440,False
143,prior_ecological_affine_constant,1,1.6936222746738692,3.613559993920846,0.5198785837348963,0.23751848029750314,6.460116172237697,3,0.002000213944093708,71,3907,440,False
143,prior_ecological_affine_constant,3,1.637823613399666,3.570771642015815,0.5311823399521812,0.22498406042345576,6.5170011701053605,3,0.002985437964134428,71,3907,440,False
143,prior_ecological_affine_constant,5,1.5977794470845452,3.5087538108062053,0.5473261334316306,0.2183510170719983,6.206595549224301,3,0.003317173935694654,71,3907,440,False
143,prior_ecological_affine_gru_tuned_anchor,0,1.6637316229069654,3.619145951414536,0.5183911599030343,0.23192605864873608,6.424125770405721,3,0.0104996634856667,71,3907,440,False
143,prior_ecological_affine_gru_tuned_anchor,1,1.6936222746738692,3.613559993920846,0.5198785837348963,0.23751848029750314,6.460116172237697,3,0.002000213944093708,71,3907,440,False
143,prior_ecological_affine_gru_tuned_anchor,3,1.629086928579822,3.563623042248659,0.5330508700033186,0.22244084941232878,6.511630801749604,3,0.021669429421335262,71,3907,440,False
143,prior_ecological_affine_gru_tuned_anchor,5,1.589659886324414,3.5025909894358915,0.5489131087429485,0.21639039579602792,6.185810098794957,3,0.007712270725588012,71,3907,440,False
144,context_constant,0,1.9966587416968853,4.053830148475839,0.41744257213184516,0.2925322521544108,7.153793743121974,3,0.017057242819614113,71,4983,558,False
144,context_constant,1,1.9966587416968853,4.053830148475839,0.41744257213184516,0.2925322521544108,7.153793743121974,3,0.017057242819614113,71,4983,558,False
144,context_constant,3,1.699412037841016,3.789796387121155,0.49085837482546396,0.24006040956354072,6.796671115102637,3,0.00561620553572386,71,4983,558,False
144,context_constant,5,1.6455728403895433,3.727664195511787,0.5073828720900511,0.22868731088934025,6.518378622267917,3,0.027239509973988725,71,4983,558,False
144,context_gru_tuned_anchor,0,1.9966587416968853,4.053830148475839,0.41744257213184516,0.2925322521544108,7.153793743121974,3,0.017057242819614113,71,4983,558,False
144,context_gru_tuned_anchor,1,1.9966587416968853,4.053830148475839,0.41744257213184516,0.2925322521544108,7.153793743121974,3,0.017057242819614113,71,4983,558,False
144,context_gru_tuned_anchor,3,1.6945049821020792,3.7888713779892846,0.4911063717131257,0.23894891787904227,6.775598351799386,3,0.0036519296672537886,71,4983,558,False
144,context_gru_tuned_anchor,5,1.6230664254782543,3.70080443746302,0.5144884091526514,0.22359358571820445,6.440924827751459,3,0.005479737965929348,71,4983,558,False
144,frozen_constant,0,1.975034789498323,3.99544482947412,0.43409856177190687,0.2883912772654266,6.881430106586713,3,0.050227596589604434,71,4983,558,False
144,frozen_constant,1,1.975034789498323,3.99544482947412,0.43409856177190687,0.2883912772654266,6.881430106586713,3,0.050227596589604434,71,4983,558,False
144,frozen_constant,3,1.7848106372416008,3.836371800272047,0.4782660911500251,0.2539717003943544,6.740140077034823,3,0.032455830255643504,71,4983,558,False
144,frozen_constant,5,1.6521182033883022,3.719794177667905,0.509493492996693,0.2301446140248118,6.433789644460138,3,0.011330525584215203,71,4983,558,False
144,frozen_gru_tuned_anchor,0,1.975034789498323,3.99544482947412,0.43409856177190687,0.2883912772654266,6.881430106586713,3,0.050227596589604434,71,4983,558,False
144,frozen_gru_tuned_anchor,1,1.975034789498323,3.99544482947412,0.43409856177190687,0.2883912772654266,6.881430106586713,3,0.050227596589604434,71,4983,558,False
144,frozen_gru_tuned_anchor,3,1.7006609866611415,3.770520740047259,0.4959650799697181,0.2378559135476425,6.671110978248791,3,0.05585091609963971,71,4983,558,False
144,frozen_gru_tuned_anchor,5,1.6471384880829423,3.7153583646082695,0.5106620035714086,0.22945743302835117,6.409222394072228,3,0.012627318799286113,71,4983,558,False
144,frozen_integrated_constant,0,1.9554899887532429,3.995314080918199,0.4341375000205616,0.28476761002475875,6.910768674311156,3,0.039127354817474536,71,4983,558,False
144,frozen_integrated_constant,1,1.9554899887532429,3.995314080918199,0.4341375000205616,0.28476761002475875,6.910768674311156,3,0.039127354817474536,71,4983,558,False
144,frozen_integrated_constant,3,1.7705987195795458,3.8389747449069755,0.4775585176640595,0.25120766010471113,6.764562863298135,3,0.024056122724916862,71,4983,558,False
144,frozen_integrated_constant,5,1.6446399098325344,3.7244774622732213,0.5082577499887057,0.2285672034362705,6.457416455039442,3,0.007452926569500156,71,4983,558,False
144,frozen_integrated_gru_tuned_anchor,0,1.9554899887532429,3.995314080918199,0.4341375000205616,0.28476761002475875,6.910768674311156,3,0.039127354817474536,71,4983,558,False
144,frozen_integrated_gru_tuned_anchor,1,1.9554899887532429,3.995314080918199,0.4341375000205616,0.28476761002475875,6.910768674311156,3,0.039127354817474536,71,4983,558,False
144,frozen_integrated_gru_tuned_anchor,3,1.649645085634182,3.753516845531074,0.5005587893565268,0.2285080310072969,6.677496926463358,3,0.005619749564689959,71,4983,558,False
144,frozen_integrated_gru_tuned_anchor,5,1.6396487053340485,3.719605875433667,0.5095431630663249,0.2279406788515611,6.430527388922776,3,0.006638677488403215,71,4983,558,False
144,last_self_constant,0,1.9723556236753124,3.9940476415569983,0.4344941416705355,0.2878318058653323,6.8804645537226365,3,0.051996326908688925,71,4983,558,False
144,last_self_constant,1,1.9723556236753124,3.9940476415569983,0.4344941416705355,0.2878318058653323,6.8804645537226365,3,0.051996326908688925,71,4983,558,False
144,last_self_constant,3,1.7835078461110605,3.8356785693293367,0.4784542685350109,0.25364217189728566,6.740318430918751,3,0.03316711410513714,71,4983,558,False
144,last_self_constant,5,1.652456488829541,3.7198194012332615,0.5094865719061795,0.23015696640001929,6.433850311194893,3,0.0105819295773124,71,4983,558,False
144,last_self_ecology_constant,0,1.965167757843594,3.989922713390639,0.43566341666582226,0.28605252579139595,6.878606378139203,3,0.05367188545732784,71,4983,558,False
144,last_self_ecology_constant,1,1.965167757843594,3.989922713390639,0.43566341666582226,0.28605252579139595,6.878606378139203,3,0.05367188545732784,71,4983,558,False
144,last_self_ecology_constant,3,1.7793191444022696,3.8331931594558903,0.4791307526781961,0.25258992740257113,6.739206460905261,3,0.033948390486478075,71,4983,558,False
144,last_self_ecology_constant,5,1.650115250723431,3.7185927479214307,0.5098103643123838,0.2295452769939287,6.433375165739398,3,0.010522239830017878,71,4983,558,False
144,last_self_ecology_gru_tuned_anchor,0,1.965167757843594,3.989922713390639,0.43566341666582226,0.28605252579139595,6.878606378139203,3,0.05367188545732784,71,4983,558,False
144,last_self_ecology_gru_tuned_anchor,1,1.965167757843594,3.989922713390639,0.43566341666582226,0.28605252579139595,6.878606378139203,3,0.05367188545732784,71,4983,558,False
144,last_self_ecology_gru_tuned_anchor,3,1.7443082666029897,3.8003111723877776,0.48795921026512595,0.24642132524915283,6.697561930613717,3,0.08179911238853711,71,4983,558,False
144,last_self_ecology_gru_tuned_anchor,5,1.6447403745369573,3.71391463761636,0.5110423259322261,0.22876217500246798,6.408397099328898,3,0.012260784391242202,71,4983,558,False
144,last_self_ecology_integrated_constant,0,1.9470476874205254,3.99062778669397,0.4354652332184443,0.28271675820413966,6.908128867862298,3,0.0406773642082705,71,4983,558,False
144,last_self_ecology_integrated_constant,1,1.9470476874205254,3.99062778669397,0.4354652332184443,0.28271675820413966,6.908128867862298,3,0.0406773642082705,71,4983,558,False
144,last_self_ecology_integrated_constant,3,1.7661157891342878,3.8363283545058695,0.4782787197730845,0.25005959874715605,6.763271726911092,3,0.02454503770865421,71,4983,558,False
144,last_self_ecology_integrated_constant,5,1.6453129006006284,3.7207839408944676,0.5092324553717927,0.22848341973215577,6.445084114842156,3,0.0024323338073230245,71,4983,558,False
144,last_self_ecology_integrated_gru_tuned_anchor,0,1.9470476874205254,3.99062778669397,0.4354652332184443,0.28271675820413966,6.908128867862298,3,0.0406773642082705,71,4983,558,False
144,last_self_ecology_integrated_gru_tuned_anchor,1,1.9470476874205254,3.99062778669397,0.4354652332184443,0.28271675820413966,6.908128867862298,3,0.0406773642082705,71,4983,558,False
144,last_self_ecology_integrated_gru_tuned_anchor,3,1.6486082756948175,3.7525585381004767,0.5008135151050477,0.22814347553591652,6.676165619071395,3,0.004533394734224358,71,4983,558,False
144,last_self_ecology_integrated_gru_tuned_anchor,5,1.6377696465271991,3.718464361973767,0.5098441140575013,0.2273475194717093,6.430044025343559,3,0.005604444841648585,71,4983,558,False
144,last_self_gru_tuned_anchor,0,1.9723556236753124,3.9940476415569983,0.4344941416705355,0.2878318058653323,6.8804645537226365,3,0.051996326908688925,71,4983,558,False
144,last_self_gru_tuned_anchor,1,1.9723556236753124,3.9940476415569983,0.4344941416705355,0.2878318058653323,6.8804645537226365,3,0.051996326908688925,71,4983,558,False
144,last_self_gru_tuned_anchor,3,1.6988486417544528,3.769780843802351,0.49616516832181246,0.23730626454596196,6.670486609144603,3,0.051189557258110543,71,4983,558,False
144,last_self_gru_tuned_anchor,5,1.6472026790480545,3.715177531945468,0.5107090713957688,0.22941084843555715,6.408829571907738,3,0.011428743168442945,71,4983,558,False
144,last_self_integrated_constant,0,1.953988080156515,3.994658020141602,0.4343231238546396,0.28445082812255795,6.910095955478641,3,0.04150128877746159,71,4983,558,False
144,last_self_integrated_constant,1,1.953988080156515,3.994658020141602,0.4343231238546396,0.28445082812255795,6.910095955478641,3,0.04150128877746159,71,4983,558,False
144,last_self_integrated_constant,3,1.7701576275402864,3.838758451462791,0.47761733046065674,0.25108692469729404,6.764504023998455,3,0.025511043464717015,71,4983,558,False
144,last_self_integrated_constant,5,1.6475550603030864,3.721973162012727,0.5089184949128819,0.22908472263492485,6.44558331628006,3,0.004364751097464719,71,4983,558,False
144,last_self_integrated_gru_tuned_anchor,0,1.953988080156515,3.994658020141602,0.4343231238546396,0.28445082812255795,6.910095955478641,3,0.04150128877746159,71,4983,558,False
144,last_self_integrated_gru_tuned_anchor,1,1.953988080156515,3.994658020141602,0.4343231238546396,0.28445082812255795,6.910095955478641,3,0.04150128877746159,71,4983,558,False
144,last_self_integrated_gru_tuned_anchor,3,1.6498679594074244,3.753499184884388,0.5005636477532275,0.22852203014083972,6.676819618641061,3,0.005291310012887179,71,4983,558,False
144,last_self_integrated_gru_tuned_anchor,5,1.6401343080981146,3.7197140275801046,0.5095143733453731,0.22798281312600135,6.430425607932533,3,0.0064500582212946534,71,4983,558,False
144,prior_concentration_constant,0,1.975034789498323,3.99544482947412,0.43409856177190687,0.2883912772654266,6.881430106586713,3,0.050227596589604434,71,4983,558,False
144,prior_concentration_constant,1,1.975034789498323,3.99544482947412,0.43409856177190687,0.2883912772654266,6.881430106586713,3,0.050227596589604434,71,4983,558,False
144,prior_concentration_constant,3,1.7848106372416008,3.836371800272047,0.4782660911500251,0.2539717003943544,6.740140077034823,3,0.032455830255643504,71,4983,558,False
144,prior_concentration_constant,5,1.6521182033883022,3.719794177667905,0.509493492996693,0.2301446140248118,6.433789644460138,3,0.011330525584215203,71,4983,558,False
144,prior_concentration_gru_tuned_anchor,0,1.975034789498323,3.99544482947412,0.43409856177190687,0.2883912772654266,6.881430106586713,3,0.050227596589604434,71,4983,558,False
144,prior_concentration_gru_tuned_anchor,1,1.975034789498323,3.99544482947412,0.43409856177190687,0.2883912772654266,6.881430106586713,3,0.050227596589604434,71,4983,558,False
144,prior_concentration_gru_tuned_anchor,3,1.7006609866611415,3.770520740047259,0.4959650799697181,0.2378559135476425,6.671110978248791,3,0.05585091609963971,71,4983,558,False
144,prior_concentration_gru_tuned_anchor,5,1.6471384880829423,3.7153583646082695,0.5106620035714086,0.22945743302835117,6.409222394072228,3,0.012627318799286113,71,4983,558,False
144,prior_ecological_affine_constant,0,1.93106131838739,4.037709022502317,0.422063260183043,0.2813903689209162,7.159754507425546,3,0.019473870895541003,71,4983,558,False
144,prior_ecological_affine_constant,1,1.93106131838739,4.037709022502317,0.422063260183043,0.2813903689209162,7.159754507425546,3,0.019473870895541003,71,4983,558,False
144,prior_ecological_affine_constant,3,1.6871353319491291,3.8161339215249814,0.4836935924009163,0.23656755269351434,6.8691332436172,3,0.04725549650157677,71,4983,558,False
144,prior_ecological_affine_constant,5,1.6436046635592456,3.7644667156699447,0.4976410223715673,0.22894442662179884,6.641781888058425,3,0.0060353673418183295,71,4983,558,False
144,prior_ecological_affine_gru_tuned_anchor,0,1.93106131838739,4.037709022502317,0.422063260183043,0.2813903689209162,7.159754507425546,3,0.019473870895541003,71,4983,558,False
144,prior_ecological_affine_gru_tuned_anchor,1,1.93106131838739,4.037709022502317,0.422063260183043,0.2813903689209162,7.159754507425546,3,0.019473870895541003,71,4983,558,False
144,prior_ecological_affine_gru_tuned_anchor,3,1.6512634146298002,3.7825083543768705,0.4928147609979878,0.22972066146628953,6.798107309854558,3,0.005433991944906493,71,4983,558,False
144,prior_ecological_affine_gru_tuned_anchor,5,1.6212903165914214,3.7331819729540765,0.505929599711677,0.22430960024283894,6.540953950575084,3,0.02118294426611386,71,4983,558,False
