station_a,station_b,class_a,class_b,huc4,covariate_rms,metric,transform,value_a,value_b,difference_b_minus_a
03037525,03049646,1,3,0501,0.4793705987673115,arrival_dispersion,raw,0.4367415526012947,0.4108342719144634,-0.02590728068683129
03281000,03281500,1,3,0510,0.058144890088212,arrival_dispersion,raw,0.45190635746664626,0.4277976717448312,-0.02410868572181507
05532500,05536995,1,3,0712,0.3225659518455614,arrival_dispersion,raw,0.5257449098727831,0.3768565142710665,-0.14888839560171663
05552500,05520500,1,3,0712,0.3918843235298918,arrival_dispersion,raw,0.5738969507392894,0.518786578609118,-0.05511037213017134
06294940,06294995,1,3,1010,0.0551703085772423,arrival_dispersion,raw,0.5069822829107916,0.39076243032123353,-0.11621985258955808
06307740,06307600,1,3,1009,0.121042256763844,arrival_dispersion,raw,0.43006769877931506,0.44750267599272797,0.017434977213412917
06336500,06335750,1,3,1011,0.2034685625718267,arrival_dispersion,raw,0.5373803866866138,0.3950118115154521,-0.1423685751711617
06337470,06332515,1,3,1011,0.2111092365527512,arrival_dispersion,raw,0.538803146750689,0.3810235895664086,-0.15777955718428038
06339550,06342200,1,3,1013,0.0822216990567117,arrival_dispersion,raw,0.384056781304836,0.568566089549487,0.18450930824465095
06339560,06342040,1,3,1013,0.1426188690942824,arrival_dispersion,raw,0.520039257891494,0.336508609189636,-0.18353064870185798
06339900,06339100,1,3,1013,0.1408978487147423,arrival_dispersion,raw,0.45061063827246994,0.37957787125972925,-0.0710327670127407
06340000,06339300,1,3,1013,0.0594160092307099,arrival_dispersion,raw,0.4844254450616082,0.43893715053059135,-0.045488294531016826
06342230,06340520,1,3,1013,0.0514079211156598,arrival_dispersion,raw,0.37524747545731785,0.46675068993154323,0.09150321447422538
06349000,06340500,1,3,1013,0.147002320803892,arrival_dispersion,raw,0.490182199387231,0.49572807334846997,0.005545873961238956
06378300,06425900,1,3,1012,0.1082607006775584,arrival_dispersion,raw,0.43125746582866187,0.44620184939230356,0.014944383563641694
06890100,06885500,1,3,1027,0.1484808089463637,arrival_dispersion,raw,0.5153916601088345,0.38213544856345677,-0.13325621154537776
06893820,06893390,1,3,1030,0.757767045639333,arrival_dispersion,raw,0.44973794279379786,0.4372229676049329,-0.012514975188864963
07049000,07048700,1,3,1101,0.2574021624978772,arrival_dispersion,raw,0.4767633845293442,0.38234050597212943,-0.09442287855721476
07049160,07048600,1,3,1101,0.3207664805157218,arrival_dispersion,raw,0.4081734721308312,0.43621762879513615,0.02804415666430493
07056515,07048800,1,3,1101,0.1714332720951897,arrival_dispersion,raw,0.5197542915414848,0.43373071431402804,-0.08602357722745674
07065495,07050500,1,3,1101,0.1601513932467866,arrival_dispersion,raw,0.4276152342086367,0.45389525087518223,0.026280016666545558
07144780,07143672,1,3,1103,0.2028643660917541,arrival_dispersion,raw,0.43665418296068753,0.41494143661949295,-0.021712746341194578
03037525,03049646,1,3,0501,0.4793705987673115,major_common_share,raw,0.3651301546086404,0.2660319743346611,-0.09909818027397932
03281000,03281500,1,3,0510,0.058144890088212,major_common_share,raw,0.7117653859621913,0.5564373809201526,-0.1553280050420387
05532500,05536995,1,3,0712,0.3225659518455614,major_common_share,raw,0.0897714742363544,0.2419791258333085,0.1522076515969541
05552500,05520500,1,3,0712,0.3918843235298918,major_common_share,raw,0.0520167048988813,0.6132735944727995,0.5612568895739182
06294940,06294995,1,3,1010,0.0551703085772423,major_common_share,raw,0.750992061356617,0.5332345335709743,-0.21775752778564272
06307740,06307600,1,3,1009,0.121042256763844,major_common_share,raw,0.2006159740446843,0.637777915566019,0.43716194152133475
06336500,06335750,1,3,1011,0.2034685625718267,major_common_share,raw,0.3911613104157489,0.7296148059223736,0.3384534955066247
06337470,06332515,1,3,1011,0.2111092365527512,major_common_share,raw,0.1069682033392379,0.2286103894247114,0.1216421860854735
06339550,06342200,1,3,1013,0.0822216990567117,major_common_share,raw,0.5851022479897781,0.0557577947621467,-0.5293444532276314
06339560,06342040,1,3,1013,0.1426188690942824,major_common_share,raw,0.1128908153275,0.2324025659481981,0.1195117506206981
06339900,06339100,1,3,1013,0.1408978487147423,major_common_share,raw,0.1410741648819597,0.4409680856476026,0.2998939207656429
06340000,06339300,1,3,1013,0.0594160092307099,major_common_share,raw,0.263183935485096,0.3070008601563828,0.04381692467128678
06342230,06340520,1,3,1013,0.0514079211156598,major_common_share,raw,0.3504479859718507,0.3536580880995904,0.0032101021277397
06349000,06340500,1,3,1013,0.147002320803892,major_common_share,raw,0.3727121862510147,0.1481597359078444,-0.2245524503431703
06378300,06425900,1,3,1012,0.1082607006775584,major_common_share,raw,0.5356109280209803,0.1857499587458961,-0.34986096927508425
06890100,06885500,1,3,1027,0.1484808089463637,major_common_share,raw,0.1370827396856815,0.0897208780967069,-0.047361861588974596
06893820,06893390,1,3,1030,0.757767045639333,major_common_share,raw,0.7148562232718911,0.3124148607617034,-0.40244136251018775
07049000,07048700,1,3,1101,0.2574021624978772,major_common_share,raw,0.4509764340885226,0.2547174553913701,-0.19625897869715253
07049160,07048600,1,3,1101,0.3207664805157218,major_common_share,raw,0.689218444074143,0.0797757644852464,-0.6094426795888966
07056515,07048800,1,3,1101,0.1714332720951897,major_common_share,raw,0.2338746259085798,0.6290899764105149,0.3952153505019351
07065495,07050500,1,3,1101,0.1601513932467866,major_common_share,raw,0.7406124450192055,0.1344561867569675,-0.6061562582622381
07144780,07143672,1,3,1103,0.2028643660917541,major_common_share,raw,0.2605669761042054,0.2345126680627576,-0.02605430804144776
03037525,03049646,1,3,0501,0.4793705987673115,mapped_storage_path_share,raw,0.0,0.0,0.0
03281000,03281500,1,3,0510,0.058144890088212,mapped_storage_path_share,raw,0.1501892733237003,5.507727921003433e-07,-0.1501887225509082
05532500,05536995,1,3,0712,0.3225659518455614,mapped_storage_path_share,raw,0.0073203546650985,0.0130359640106556,0.0057156093455571
05552500,05520500,1,3,0712,0.3918843235298918,mapped_storage_path_share,raw,0.0386556264548811,0.000779744249339,-0.0378758822055421
06294940,06294995,1,3,1010,0.0551703085772423,mapped_storage_path_share,raw,0.0003412316647684,0.0008752544720184,0.00053402280725
06307740,06307600,1,3,1009,0.121042256763844,mapped_storage_path_share,raw,0.0006521891321418,0.0004348249202006,-0.00021736421194119994
06336500,06335750,1,3,1011,0.2034685625718267,mapped_storage_path_share,raw,0.0026301679686731,0.0008560213604328,-0.0017741466082403
06337470,06332515,1,3,1011,0.2111092365527512,mapped_storage_path_share,raw,0.0009599013445451,0.0,-0.0009599013445451
06339550,06342200,1,3,1013,0.0822216990567117,mapped_storage_path_share,raw,2.644464777489156e-05,0.001907928930787,0.0018814842830121084
06339560,06342040,1,3,1013,0.1426188690942824,mapped_storage_path_share,raw,0.0,0.0,0.0
06339900,06339100,1,3,1013,0.1408978487147423,mapped_storage_path_share,raw,0.0417627544319942,0.0,-0.0417627544319942
06340000,06339300,1,3,1013,0.0594160092307099,mapped_storage_path_share,raw,0.0113803208051572,3.4808575908079095e-05,-0.011345512229249122
06342230,06340520,1,3,1013,0.0514079211156598,mapped_storage_path_share,raw,0.0418868581316835,0.0,-0.0418868581316835
06349000,06340500,1,3,1013,0.147002320803892,mapped_storage_path_share,raw,0.0396763032724849,0.001678877798144,-0.0379974254743409
06378300,06425900,1,3,1012,0.1082607006775584,mapped_storage_path_share,raw,0.0002554187581828,0.0082713784866454,0.0080159597284626
06890100,06885500,1,3,1027,0.1484808089463637,mapped_storage_path_share,raw,0.0028857779299648,0.0013099382581751,-0.0015758396717897
06893820,06893390,1,3,1030,0.757767045639333,mapped_storage_path_share,raw,0.0009179603161378,0.0006083746899556,-0.0003095856261822
07049000,07048700,1,3,1101,0.2574021624978772,mapped_storage_path_share,raw,4.098019254852083e-07,0.0681542177800622,0.06815380797813671
07049160,07048600,1,3,1101,0.3207664805157218,mapped_storage_path_share,raw,0.1138523547102012,0.0844772272350691,-0.0293751274751321
07056515,07048800,1,3,1101,0.1714332720951897,mapped_storage_path_share,raw,1.4190445102857635e-05,0.0,-1.4190445102857635e-05
07065495,07050500,1,3,1101,0.1601513932467866,mapped_storage_path_share,raw,2.045719492282221e-05,0.0154904313944124,0.015469974199489577
07144780,07143672,1,3,1103,0.2028643660917541,mapped_storage_path_share,raw,0.0176213811350389,0.0011882508294023,-0.0164331303056366
03037525,03049646,1,3,0501,0.4793705987673115,mapped_storage_exposure,raw,0.0,0.0,0.0
03281000,03281500,1,3,0510,0.058144890088212,mapped_storage_exposure,raw,0.7599092152355458,0.000486855394152,-0.7594223598413937
05532500,05536995,1,3,0712,0.3225659518455614,mapped_storage_exposure,raw,0.3110239344501077,0.9986923878017784,0.6876684533516707
05552500,05520500,1,3,0712,0.3918843235298918,mapped_storage_exposure,raw,0.5695530184308666,0.0657786417401461,-0.5037743766907204
06294940,06294995,1,3,1010,0.0551703085772423,mapped_storage_exposure,raw,0.1076073058451204,0.3357280576981243,0.2281207518530039
06307740,06307600,1,3,1009,0.121042256763844,mapped_storage_exposure,raw,0.1605520068024054,0.1182989868767145,-0.04225301992569089
06336500,06335750,1,3,1011,0.2034685625718267,mapped_storage_exposure,raw,0.2358505270400262,0.0896882923859991,-0.1461622346540271
06337470,06332515,1,3,1011,0.2111092365527512,mapped_storage_exposure,raw,0.0630013143974609,0.0,-0.0630013143974609
06339550,06342200,1,3,1013,0.0822216990567117,mapped_storage_exposure,raw,0.0114040409971359,0.1218916469080566,0.11048760591092069
06339560,06342040,1,3,1013,0.1426188690942824,mapped_storage_exposure,raw,0.0,0.0,0.0
06339900,06339100,1,3,1013,0.1408978487147423,mapped_storage_exposure,raw,0.5229190805410706,0.0,-0.5229190805410706
06340000,06339300,1,3,1013,0.0594160092307099,mapped_storage_exposure,raw,0.2650286255056859,0.011235545809563,-0.2537930796961229
06342230,06340520,1,3,1013,0.0514079211156598,mapped_storage_exposure,raw,0.6373332520703028,0.0,-0.6373332520703028
06349000,06340500,1,3,1013,0.147002320803892,mapped_storage_exposure,raw,0.6327172051387371,0.0735389092469475,-0.5591782958917896
06378300,06425900,1,3,1012,0.1082607006775584,mapped_storage_exposure,raw,0.0268284499889819,0.7500663461602577,0.7232378961712758
06890100,06885500,1,3,1027,0.1484808089463637,mapped_storage_exposure,raw,0.1246027448669905,0.0703565387771507,-0.054246206089839794
06893820,06893390,1,3,1030,0.757767045639333,mapped_storage_exposure,raw,0.0458774687230899,0.0436213140196585,-0.0022561547034313997
07049000,07048700,1,3,1101,0.2574021624978772,mapped_storage_exposure,raw,0.0001378167981613,0.6733973868272204,0.6732595700290591
07049160,07048600,1,3,1101,0.3207664805157218,mapped_storage_exposure,raw,0.9980572491689924,0.6906418026202328,-0.30741544654875963
07056515,07048800,1,3,1101,0.1714332720951897,mapped_storage_exposure,raw,0.0011017991628096,0.0,-0.0011017991628096
07065495,07050500,1,3,1101,0.1601513932467866,mapped_storage_exposure,raw,0.0024636178680379,0.975704149927788,0.97324053205975
07144780,07143672,1,3,1103,0.2028643660917541,mapped_storage_exposure,raw,0.4965942759536541,0.1249044556133228,-0.37168982034033127
03037525,03049646,1,3,0501,0.4793705987673115,relative_time_pulse_peak,raw,0.2806798107953892,0.417489683775732,0.1368098729803428
03281000,03281500,1,3,0510,0.058144890088212,relative_time_pulse_peak,raw,0.3828344952771616,0.3642434485797018,-0.018591046697459812
05532500,05536995,1,3,0712,0.3225659518455614,relative_time_pulse_peak,raw,0.2529888329622866,0.3252157250739473,0.07222689211166072
05552500,05520500,1,3,0712,0.3918843235298918,relative_time_pulse_peak,raw,0.2629034152986807,0.2496906999570056,-0.013212715341675119
06294940,06294995,1,3,1010,0.0551703085772423,relative_time_pulse_peak,raw,0.2769674019504756,0.3699238833896361,0.09295648143916052
06307740,06307600,1,3,1009,0.121042256763844,relative_time_pulse_peak,raw,0.2826298454652923,0.3459168007906182,0.06328695532532591
06336500,06335750,1,3,1011,0.2034685625718267,relative_time_pulse_peak,raw,0.2286694666558914,0.4576720734212474,0.22900260676535597
06337470,06332515,1,3,1011,0.2111092365527512,relative_time_pulse_peak,raw,0.2488317185219408,0.3597260035867986,0.11089428506485782
06339550,06342200,1,3,1013,0.0822216990567117,relative_time_pulse_peak,raw,0.358798026583886,0.2541897428412723,-0.10460828374261366
06339560,06342040,1,3,1013,0.1426188690942824,relative_time_pulse_peak,raw,0.2717652145779053,0.4295960593038798,0.15783084472597447
06339900,06339100,1,3,1013,0.1408978487147423,relative_time_pulse_peak,raw,0.2995410733287639,0.3899182621278367,0.0903771887990728
06340000,06339300,1,3,1013,0.0594160092307099,relative_time_pulse_peak,raw,0.2824774249530153,0.3651274590354857,0.0826500340824704
06342230,06340520,1,3,1013,0.0514079211156598,relative_time_pulse_peak,raw,0.3524259301554868,0.3306789739143045,-0.02174695624118228
06349000,06340500,1,3,1013,0.147002320803892,relative_time_pulse_peak,raw,0.3047146194550507,0.2655109799290339,-0.0392036395260168
06378300,06425900,1,3,1012,0.1082607006775584,relative_time_pulse_peak,raw,0.3286095347346712,0.3143311780055094,-0.014278356729161779
06890100,06885500,1,3,1027,0.1484808089463637,relative_time_pulse_peak,raw,0.2776246283546089,0.3483509508136004,0.07072632245899152
06893820,06893390,1,3,1030,0.757767045639333,relative_time_pulse_peak,raw,0.2982718336290147,0.3277714319749543,0.02949959834593957
07049000,07048700,1,3,1101,0.2574021624978772,relative_time_pulse_peak,raw,0.2847597056798566,0.3206508030782781,0.0358910973984215
07049160,07048600,1,3,1101,0.3207664805157218,relative_time_pulse_peak,raw,0.3311190678410411,0.2756359413008905,-0.05548312654015064
07056515,07048800,1,3,1101,0.1714332720951897,relative_time_pulse_peak,raw,0.2899563696997876,0.3412052955959543,0.0512489258961667
07065495,07050500,1,3,1101,0.1601513932467866,relative_time_pulse_peak,raw,0.3584924301726973,0.3268966895122784,-0.03159574066041887
07144780,07143672,1,3,1103,0.2028643660917541,relative_time_pulse_peak,raw,0.2884310446448134,0.359217668829789,0.07078662418497561
03037525,03049646,1,3,0501,0.4793705987673115,relative_time_pulse_sd,raw,0.461782615273236,0.4373611768086958,-0.0244214384645402
03281000,03281500,1,3,0510,0.058144890088212,relative_time_pulse_sd,raw,0.4761505601369932,0.4533330430823439,-0.022817517054649294
05532500,05536995,1,3,0712,0.3225659518455614,relative_time_pulse_sd,raw,0.5467245286770485,0.4056116767901764,-0.14111285188687206
05552500,05520500,1,3,0712,0.3918843235298918,relative_time_pulse_sd,raw,0.5931759520309757,0.5400365859318743,-0.053139366099101415
06294940,06294995,1,3,1010,0.0551703085772423,relative_time_pulse_sd,raw,0.5287069464130748,0.4185633487903078,-0.11014359762276699
06307740,06307600,1,3,1009,0.121042256763844,relative_time_pulse_sd,raw,0.4554758232149491,0.4719731401474585,0.016497316932509387
06336500,06335750,1,3,1011,0.2034685625718267,relative_time_pulse_sd,raw,0.557922646964124,0.4225332309259462,-0.13538941603817778
06337470,06332515,1,3,1011,0.2111092365527512,relative_time_pulse_sd,raw,0.5592931529604529,0.4094862339640626,-0.14980691899639031
06339550,06342200,1,3,1013,0.0822216990567117,relative_time_pulse_sd,raw,0.4123100911525579,0.5880198960797118,0.17570980492715393
06339560,06342040,1,3,1013,0.1426188690942824,relative_time_pulse_sd,raw,0.5412400851270494,0.3684264432132189,-0.17281364191383047
06339900,06339100,1,3,1013,0.1408978487147423,relative_time_pulse_sd,raw,0.4749209906124626,0.4081413484934693,-0.06677964211899334
06340000,06339300,1,3,1013,0.0594160092307099,relative_time_pulse_sd,raw,0.5071173550798053,0.4638597008966342,-0.04325765418317107
06342230,06340520,1,3,1013,0.0514079211156598,relative_time_pulse_sd,raw,0.4041171461805234,0.4902613655506332,0.0861442193701098
06349000,06340500,1,3,1013,0.147002320803892,relative_time_pulse_sd,raw,0.5126193408330426,0.5179250164896324,0.005305675656589792
06378300,06425900,1,3,1012,0.1082607006775584,relative_time_pulse_sd,raw,0.4565993887785654,0.4707399392457707,0.014140550467205304
06890100,06885500,1,3,1027,0.1484808089463637,relative_time_pulse_sd,raw,0.5367760830269364,0.4105210117019522,-0.12625507132498415
06893820,06893390,1,3,1030,0.757767045639333,relative_time_pulse_sd,raw,0.4740930469732681,0.4622379510612086,-0.011855095912059521
07049000,07048700,1,3,1101,0.2574021624978772,relative_time_pulse_sd,raw,0.4998032861315292,0.4107118972065746,-0.0890913889249546
07049160,07048600,1,3,1101,0.3207664805157218,relative_time_pulse_sd,raw,0.4348627178217724,0.4612871336506702,0.026424415828897818
07056515,07048800,1,3,1101,0.1714332720951897,relative_time_pulse_sd,raw,0.5409662869124013,0.4589360876411409,-0.08203019927126043
07065495,07050500,1,3,1101,0.1601513932467866,relative_time_pulse_sd,raw,0.4531608859194571,0.478038595478487,0.024877709559029904
07144780,07143672,1,3,1103,0.2028643660917541,relative_time_pulse_sd,raw,0.4616999842939845,0.4412214815983563,-0.02047850269562823
03037525,03049646,1,3,0501,0.4793705987673115,doc_cv,raw,0.3830136091508777,0.4135982416395195,0.03058463248864185
03281000,03281500,1,3,0510,0.058144890088212,doc_cv,raw,0.330882283980896,0.4085847628145013,0.07770247883360532
05532500,05536995,1,3,0712,0.3225659518455614,doc_cv,raw,0.1745736865992964,0.1872926407106077,0.012718954111311298
05552500,05520500,1,3,0712,0.3918843235298918,doc_cv,raw,0.1652209572852062,0.2489349396279219,0.08371398234271571
06294940,06294995,1,3,1010,0.0551703085772423,doc_cv,raw,0.3503069792998015,0.5274855426005514,0.17717856330074988
06307740,06307600,1,3,1009,0.121042256763844,doc_cv,raw,0.3421957263094232,0.3730368238511536,0.030841097541730422
06336500,06335750,1,3,1011,0.2034685625718267,doc_cv,raw,0.4792380136213342,0.3421660853166367,-0.1370719283046975
06337470,06332515,1,3,1011,0.2111092365527512,doc_cv,raw,0.298654287168185,0.5582691838338966,0.2596148966657116
06339550,06342200,1,3,1013,0.0822216990567117,doc_cv,raw,0.5077588709854912,0.5700694143063338,0.062310543320842626
06339560,06342040,1,3,1013,0.1426188690942824,doc_cv,raw,0.4887493238423441,0.5110125464647065,0.02226322262236241
06339900,06339100,1,3,1013,0.1408978487147423,doc_cv,raw,0.5037581802790035,0.8083193859993029,0.3045612057202993
06340000,06339300,1,3,1013,0.0594160092307099,doc_cv,raw,0.514806092798967,0.5808867919834264,0.06608069918445936
06342230,06340520,1,3,1013,0.0514079211156598,doc_cv,raw,0.3691730512311036,0.3668340306089416,-0.0023390206221620136
06349000,06340500,1,3,1013,0.147002320803892,doc_cv,raw,0.4354074855524319,0.5597061564748596,0.12429867092242763
06378300,06425900,1,3,1012,0.1082607006775584,doc_cv,raw,0.6880079981601986,0.3597912241244142,-0.3282167740357844
06890100,06885500,1,3,1027,0.1484808089463637,doc_cv,raw,0.3111126822085333,0.5384954178224155,0.22738273561388223
06893820,06893390,1,3,1030,0.757767045639333,doc_cv,raw,0.2209712944629867,0.3618601575555751,0.1408888630925884
07049000,07048700,1,3,1101,0.2574021624978772,doc_cv,raw,1.2673805322342613,0.9916989114366596,-0.2756816207976017
07049160,07048600,1,3,1101,0.3207664805157218,doc_cv,raw,0.286896615267986,0.5739779151067586,0.28708129983877256
07056515,07048800,1,3,1101,0.1714332720951897,doc_cv,raw,0.8001360979832385,1.0340616655303545,0.23392556754711602
07065495,07050500,1,3,1101,0.1601513932467866,doc_cv,raw,1.0230482807574677,0.4637291414325633,-0.5593191393249044
07144780,07143672,1,3,1103,0.2028643660917541,doc_cv,raw,0.6849400577344158,0.4267926540670522,-0.2581474036673636
03037525,03049646,1,3,0501,0.4793705987673115,doc_median,raw,2.0,2.024999976158142,0.02499997615814209
03281000,03281500,1,3,0510,0.058144890088212,doc_median,raw,2.4000000953674316,2.25,-0.15000009536743164
05532500,05536995,1,3,0712,0.3225659518455614,doc_median,raw,7.450000047683716,6.25,-1.2000000476837158
05552500,05520500,1,3,0712,0.3918843235298918,doc_median,raw,5.800000190734863,5.0,-0.8000001907348633
06294940,06294995,1,3,1010,0.0551703085772423,doc_median,raw,13.0,12.0,-1.0
06307740,06307600,1,3,1009,0.121042256763844,doc_median,raw,9.800000190734863,8.25,-1.5500001907348633
06336500,06335750,1,3,1011,0.2034685625718267,doc_median,raw,10.0,18.0,8.0
06337470,06332515,1,3,1011,0.2111092365527512,doc_median,raw,14.550000190734863,13.0,-1.5500001907348633
06339550,06342200,1,3,1013,0.0822216990567117,doc_median,raw,12.0,10.0,-2.0
06339560,06342040,1,3,1013,0.1426188690942824,doc_median,raw,11.0,14.0,3.0
06339900,06339100,1,3,1013,0.1408978487147423,doc_median,raw,14.0,15.0,1.0
06340000,06339300,1,3,1013,0.0594160092307099,doc_median,raw,11.0,13.0,2.0
06342230,06340520,1,3,1013,0.0514079211156598,doc_median,raw,18.0,16.0,-2.0
06349000,06340500,1,3,1013,0.147002320803892,doc_median,raw,8.800000190734863,10.0,1.1999998092651367
06378300,06425900,1,3,1012,0.1082607006775584,doc_median,raw,16.5,14.0,-2.5
06890100,06885500,1,3,1027,0.1484808089463637,doc_median,raw,4.900000095367432,4.900000095367432,0.0
06893820,06893390,1,3,1030,0.757767045639333,doc_median,raw,3.990000009536743,6.099999904632568,2.109999895095825
07049000,07048700,1,3,1101,0.2574021624978772,doc_median,raw,1.75,2.0799999237060547,0.3299999237060547
07049160,07048600,1,3,1101,0.3207664805157218,doc_median,raw,2.253333330154419,2.4000000953674316,0.1466667652130127
07056515,07048800,1,3,1101,0.1714332720951897,doc_median,raw,1.1749999523162842,1.7999999523162842,0.625
07065495,07050500,1,3,1101,0.1601513932467866,doc_median,raw,0.800000011920929,1.5,0.699999988079071
07144780,07143672,1,3,1103,0.2028643660917541,doc_median,raw,4.349999904632568,6.894999980926514,2.5450000762939453
03037525,03049646,1,3,0501,0.4793705987673115,harmonic_amplitude,raw,0.4448050228063401,0.4063205977456797,-0.03848442506066041
03281000,03281500,1,3,0510,0.058144890088212,harmonic_amplitude,raw,0.353779477262195,0.4128121205913662,0.059032643329171186
05532500,05536995,1,3,0712,0.3225659518455614,harmonic_amplitude,raw,0.1644357809629741,0.4156618804823768,0.25122609951940267
05552500,05520500,1,3,0712,0.3918843235298918,harmonic_amplitude,raw,0.2048614524766067,0.2509300546069926,0.04606860213038588
06294940,06294995,1,3,1010,0.0551703085772423,harmonic_amplitude,raw,0.1553824427464879,0.3368928021752377,0.1815103594287498
06307740,06307600,1,3,1009,0.121042256763844,harmonic_amplitude,raw,0.3652952346935832,0.2511317555993955,-0.11416347909418773
06336500,06335750,1,3,1011,0.2034685625718267,harmonic_amplitude,raw,0.6530060913822617,0.2639050240272993,-0.3891010673549624
06337470,06332515,1,3,1011,0.2111092365527512,harmonic_amplitude,raw,0.634310282282125,0.627574851625439,-0.006735430656686026
06339550,06342200,1,3,1013,0.0822216990567117,harmonic_amplitude,raw,0.2273351291286697,0.3964649834160689,0.16912985428739918
06339560,06342040,1,3,1013,0.1426188690942824,harmonic_amplitude,raw,0.197392030773819,0.4305883037531378,0.23319627297931877
06339900,06339100,1,3,1013,0.1408978487147423,harmonic_amplitude,raw,0.0665557052795652,0.3116158827480225,0.2450601774684573
06340000,06339300,1,3,1013,0.0594160092307099,harmonic_amplitude,raw,0.1451507091197012,0.4850522714192532,0.33990156229955204
06342230,06340520,1,3,1013,0.0514079211156598,harmonic_amplitude,raw,0.4726051966442584,0.304232866982533,-0.16837232966172538
06349000,06340500,1,3,1013,0.147002320803892,harmonic_amplitude,raw,0.0053667534785302,0.1246858329004793,0.1193190794219491
06378300,06425900,1,3,1012,0.1082607006775584,harmonic_amplitude,raw,0.4646794022365588,0.2095779678477488,-0.25510143438881
06890100,06885500,1,3,1027,0.1484808089463637,harmonic_amplitude,raw,0.0775957973279717,0.2059686977803827,0.128372900452411
06893820,06893390,1,3,1030,0.757767045639333,harmonic_amplitude,raw,0.1259759358259999,0.3813527241180806,0.25537678829208066
07049000,07048700,1,3,1101,0.2574021624978772,harmonic_amplitude,raw,0.1073757480281648,0.518340923519531,0.4109651754913662
07049160,07048600,1,3,1101,0.3207664805157218,harmonic_amplitude,raw,0.4143476024285945,0.1563319909433058,-0.2580156114852887
07056515,07048800,1,3,1101,0.1714332720951897,harmonic_amplitude,raw,0.4882066186254584,0.0680947492560482,-0.4201118693694102
07065495,07050500,1,3,1101,0.1601513932467866,harmonic_amplitude,raw,0.2657616557431881,0.2288081289384076,-0.03695352680478051
07144780,07143672,1,3,1103,0.2028643660917541,harmonic_amplitude,raw,0.2793042786062447,0.2825771032488471,0.0032728246426024232
03037525,03049646,1,3,0501,0.4793705987673115,q90_fraction,raw,0.0,0.0,0.0
03281000,03281500,1,3,0510,0.058144890088212,q90_fraction,raw,0.0,0.0,0.0
05532500,05536995,1,3,0712,0.3225659518455614,q90_fraction,raw,0.0576923076923076,0.0,-0.0576923076923076
05552500,05520500,1,3,0712,0.3918843235298918,q90_fraction,raw,0.0,0.0,0.0
06294940,06294995,1,3,1010,0.0551703085772423,q90_fraction,raw,0.65,0.7407407407407407,0.09074074074074068
06307740,06307600,1,3,1009,0.121042256763844,q90_fraction,raw,0.48,0.3125,-0.16749999999999998
06336500,06335750,1,3,1011,0.2034685625718267,q90_fraction,raw,0.5384615384615384,0.9555555555555556,0.41709401709401717
06337470,06332515,1,3,1011,0.2111092365527512,q90_fraction,raw,0.95,0.8,-0.1499999999999999
06339550,06342200,1,3,1013,0.0822216990567117,q90_fraction,raw,0.9069767441860463,0.6,-0.30697674418604637
06339560,06342040,1,3,1013,0.1426188690942824,q90_fraction,raw,0.6428571428571429,0.65,0.0071428571428571175
06339900,06339100,1,3,1013,0.1408978487147423,q90_fraction,raw,0.9230769230769232,0.9069767441860463,-0.016100178890876893
06340000,06339300,1,3,1013,0.0594160092307099,q90_fraction,raw,0.5945945945945946,0.8974358974358975,0.30284130284130284
06342230,06340520,1,3,1013,0.0514079211156598,q90_fraction,raw,0.896551724137931,0.88,-0.016551724137931045
06349000,06340500,1,3,1013,0.147002320803892,q90_fraction,raw,0.217391304347826,0.5087719298245614,0.29138062547673543
06378300,06425900,1,3,1012,0.1082607006775584,q90_fraction,raw,0.8095238095238095,0.7142857142857143,-0.09523809523809523
06890100,06885500,1,3,1027,0.1484808089463637,q90_fraction,raw,0.024390243902439,0.1142857142857142,0.0898954703832752
06893820,06893390,1,3,1030,0.757767045639333,q90_fraction,raw,0.0,0.04,0.04
07049000,07048700,1,3,1101,0.2574021624978772,q90_fraction,raw,0.0155038759689922,0.0245901639344262,0.009086287965434002
07049160,07048600,1,3,1101,0.3207664805157218,q90_fraction,raw,0.0,0.006578947368421,0.006578947368421
07056515,07048800,1,3,1101,0.1714332720951897,q90_fraction,raw,0.0,0.0083333333333333,0.0083333333333333
07065495,07050500,1,3,1101,0.1601513932467866,q90_fraction,raw,0.0,0.0,0.0
07144780,07143672,1,3,1103,0.2028643660917541,q90_fraction,raw,0.2162162162162162,0.160377358490566,-0.0558388577256502
