file,model,mask,dataset,rows,split_counts,test_stored_rows,test_mask_cells,test_unmatched,test_cells_nonfinite_pred,coverage,recomputed,sha256,in_frozen_table,in_multiseed_table,frozen_mae,frozen_r2,d_mae,d_r2,status
B0_station_mean__e1_r20_seed42.parquet,B0_station_mean,e1_r20_seed42,data/processed/mississippi_graph_v02.pt,33048,"{'train': 23794, 'test': 6610, 'val': 2644}",6610,6610,0,0,1.0,"{'mae': 1.5017077640632137, 'r2': 0.26543246681301336, 'rmse': 6.599899523898406, 'n': 6610}",c4d6c92edb9262aa6d6b5531a8a448fe235200902a317dd07bf58c3deffe603f,True,False,1.5017077640632135,0.2654324708438793,2.220446049250313e-16,-4.030865918824844e-09,verified
B0_station_mean__e1_r20_seed43.parquet,B0_station_mean,e1_r20_seed43,data/processed/mississippi_graph_v02.pt,33048,"{'train': 23794, 'test': 6610, 'val': 2644}",6610,6610,0,0,1.0,"{'mae': 1.3921340105363014, 'r2': 0.5730884030812196, 'rmse': 3.1478631193719973, 'n': 6610}",101df20ca12426ee51e2f8f0fe1c6f4ce48b8c3418aa5563abdee01f510a170a,True,False,1.3921340105363014,0.5730883766410337,0.0,2.6440185818543682e-08,verified
B0_station_mean__e1_r20_seed44.parquet,B0_station_mean,e1_r20_seed44,data/processed/mississippi_graph_v02.pt,33048,"{'train': 23794, 'test': 6610, 'val': 2644}",6610,6610,0,0,1.0,"{'mae': 1.4814824506771658, 'r2': 0.4408385827569581, 'rmse': 4.464733890334174, 'n': 6610}",2ebb77a346014b325123115cbb06163b71a686022cb65f31de651d6a83f719de,True,False,1.481482450677166,0.4408385656434399,-2.220446049250313e-16,1.7113518213651702e-08,verified
B0_station_mean__e1_r40_seed42.parquet,B0_station_mean,e1_r40_seed42,data/processed/mississippi_graph_v02.pt,33048,"{'train': 17846, 'test': 13219, 'val': 1983}",13219,13219,0,0,1.0,"{'mae': 1.517951820037172, 'r2': 0.24038443108062335, 'rmse': 6.818363967332452, 'n': 13219}",6c52684d46c9b2575a03fb2781b9e46840f84b854442610a47a160a7cbc09a29,True,False,1.517951820037172,0.2403844135391485,0.0,1.7541474855997663e-08,verified
B0_station_mean__e1_r40_seed43.parquet,B0_station_mean,e1_r40_seed43,data/processed/mississippi_graph_v02.pt,33048,"{'train': 17846, 'test': 13219, 'val': 1983}",13219,13219,0,0,1.0,"{'mae': 1.4647581377605474, 'r2': 0.3700295301050851, 'rmse': 5.059808283443589, 'n': 13219}",c1bd4b92f284b0f42dd3bc3afb151727d6dc9474c4a96e358c86611a1e046a81,True,False,1.4647581377605474,0.370029500853225,0.0,2.9251860100831806e-08,verified
B0_station_mean__e1_r40_seed44.parquet,B0_station_mean,e1_r40_seed44,data/processed/mississippi_graph_v02.pt,33048,"{'train': 17846, 'test': 13219, 'val': 1983}",13219,13219,0,0,1.0,"{'mae': 1.4510844256741955, 'r2': 0.45890836137370694, 'rmse': 4.173186514093086, 'n': 13219}",da127d70e0f5fef565c86ee980b343ca145abea21bec7c7a9e2cdf5631e0fe8d,True,False,1.4510844256741957,0.4589083500188062,-2.220446049250313e-16,1.135490074188894e-08,verified
B0_station_mean__e1_r60_seed42.parquet,B0_station_mean,e1_r60_seed42,data/processed/mississippi_graph_v02.pt,33048,"{'test': 19829, 'train': 11897, 'val': 1322}",19829,19829,0,0,1.0,"{'mae': 1.5072009243595024, 'r2': 0.2885783169599204, 'rmse': 5.9160485795308055, 'n': 19829}",7406543948b3f06db687850a9aa3305f5727eab78b7eaa840bee21ee422af9df,True,False,1.507200924359502,0.2885783189041959,4.440892098500626e-16,-1.9442754628506975e-09,verified
B0_station_mean__e1_r60_seed43.parquet,B0_station_mean,e1_r60_seed43,data/processed/mississippi_graph_v02.pt,33048,"{'test': 19829, 'train': 11897, 'val': 1322}",19829,19829,0,0,1.0,"{'mae': 1.4610441310483984, 'r2': 0.4095625272262047, 'rmse': 4.600531266276013, 'n': 19829}",c1a243072faae7fed01fdf9b36c285313cdd88b1e5e3635a4e10497d98497913,True,False,1.4610441310483984,0.40956252928815,0.0,-2.0619453366954588e-09,verified
B0_station_mean__e1_r60_seed44.parquet,B0_station_mean,e1_r60_seed44,data/processed/mississippi_graph_v02.pt,33048,"{'test': 19829, 'train': 11897, 'val': 1322}",19829,19829,0,0,1.0,"{'mae': 1.4773592148464412, 'r2': 0.3386609398055086, 'rmse': 5.341451021142438, 'n': 19829}",544e6dbd1b8cda8c087a813a7c223f22ccd0b7a8a3d5eb045c91ec917ee0adcc,True,False,1.4773592148464412,0.338660985888546,0.0,-4.608303738606878e-08,verified
B0_station_mean__e2a_strict.parquet,B0_station_mean,e2a_strict,data/processed/mississippi_graph_v02.pt,33048,"{'train': 25771, 'val': 4093, 'test': 3184}",3184,3184,0,0,1.0,"{'mae': 1.137258447512378, 'r2': 0.24743338857416863, 'rmse': 1.7293503755786406, 'n': 3184}",15ff1976cdd568049363e006f90d97f0982c6e40eb4713f8f6153c578cd2a64f,True,False,1.137258447512378,0.2474334121085136,0.0,-2.353434497281981e-08,verified
B0_station_mean__e2b_partial.parquet,B0_station_mean,e2b_partial,data/processed/mississippi_graph_v02.pt,33048,"{'train': 25771, 'val': 4093, 'test': 2547, 'context': 637}",2547,2547,0,0,1.0,"{'mae': 1.1198472517259095, 'r2': 0.2344506174647918, 'rmse': 1.6977579332674817, 'n': 2547}",dc916dc97f15da2d153377d345bd0a82183988f9e7f79868a94179e931f28436,True,False,1.1198472517259097,0.2344505642444002,-2.220446049250313e-16,5.322039159372238e-08,verified
B0_station_mean__e3_spatial_seed42.parquet,B0_station_mean,e3_spatial_seed42,data/processed/mississippi_graph_v02.pt,33048,"{'train': 25182, 'test': 5068, 'val': 2798}",5068,5068,0,0,1.0,"{'mae': 2.0897571938064607, 'r2': -0.060826396700130125, 'rmse': 4.0049181710144985, 'n': 5068}",4a2c3505ed77a96beaa15899967727f46c35ffef977f45399856d467113c8e04,True,False,2.0897571938064607,-0.060826439577285,0.0,4.287715487522048e-08,verified
B0_station_mean__e3_spatial_seed43.parquet,B0_station_mean,e3_spatial_seed43,data/processed/mississippi_graph_v02.pt,33048,"{'train': 26140, 'test': 4004, 'val': 2904}",4004,4004,0,0,1.0,"{'mae': 2.9449164329851114, 'r2': -0.010849627795792793, 'rmse': 12.086972017603319, 'n': 4004}",266ce1cb90660b0ff02638b231e43536c4ee658ce4bec88f2756895f97afd620,True,False,2.9449164329851114,-0.0108496116899778,0.0,-1.610581499417174e-08,verified
B0_station_mean__e3_spatial_seed44.parquet,B0_station_mean,e3_spatial_seed44,data/processed/mississippi_graph_v02.pt,33048,"{'train': 25325, 'test': 4909, 'val': 2814}",4909,4909,0,0,1.0,"{'mae': 2.7464664490014035, 'r2': -0.06253900118428302, 'rmse': 5.007679713917965, 'n': 4909}",5efe4a040ea80a68b149873766b84cec39d2b2621abf210d78083e416e61ea11,True,False,2.7464664490014035,-0.0625388963649846,0.0,-1.0481929842154347e-07,verified
B1_kriging__e1_r20_seed42.parquet,B1_kriging,e1_r20_seed42,data/processed/mississippi_graph_v02.pt,33048,"{'train': 23794, 'test': 6610, 'val': 2644}",6610,6610,0,16,0.9975794251134644,"{'mae': 2.1970352138651252, 'r2': 0.1640445870198295, 'rmse': 7.03681382342393, 'n': 6594}",b25d436f82087b2ae72b63cbaf5b1512fea15cf003cdba73abeec99861d86955,True,False,2.197035213865125,0.1640446693050175,4.440892098500626e-16,-8.228518799668905e-08,verified_partial_coverage
B1_kriging__e1_r20_seed43.parquet,B1_kriging,e1_r20_seed43,data/processed/mississippi_graph_v02.pt,33048,"{'train': 23794, 'test': 6610, 'val': 2644}",6610,6610,0,21,0.9968229954614221,"{'mae': 2.0331985774652943, 'r2': 0.3090629947377782, 'rmse': 3.966194069258655, 'n': 6589}",0ca2ae2630602e168e1e489338eb7d0ba0c4d8bf03bf5f71ccf9dedccd4a203c,True,False,2.0331985774652943,0.309063012098801,0.0,-1.7361022786044344e-08,verified_partial_coverage
B1_kriging__e1_r20_seed44.parquet,B1_kriging,e1_r20_seed44,data/processed/mississippi_graph_v02.pt,33048,"{'train': 23794, 'test': 6610, 'val': 2644}",6610,6610,0,19,0.997125567322239,"{'mae': 2.208524044500726, 'r2': 0.25502116362682103, 'rmse': 5.144379393161352, 'n': 6591}",efef41929860e158b213063d04bfea7a39222e5fd86ae9d55919759bf8f156ca,True,False,2.208524044500726,0.2550211589729894,0.0,4.653831653378404e-09,verified_partial_coverage
B1_kriging__e1_r40_seed42.parquet,B1_kriging,e1_r40_seed42,data/processed/mississippi_graph_v02.pt,33048,"{'train': 17846, 'test': 13219, 'val': 1983}",13219,13219,0,84,0.9936455102503972,"{'mae': 2.2095308187998266, 'r2': 0.135338966380936, 'rmse': 7.257348658093975, 'n': 13135}",ffa484d12a4e8192a7e5dd34e88b017375359048bc211e7f534184f994c323ab,True,False,2.2095308187998266,0.1353389665361094,0.0,-1.5517340190562834e-10,verified_partial_coverage
B1_kriging__e1_r40_seed43.parquet,B1_kriging,e1_r40_seed43,data/processed/mississippi_graph_v02.pt,33048,"{'train': 17846, 'test': 13219, 'val': 1983}",13219,13219,0,75,0.9943263484378546,"{'mae': 2.1332986150580493, 'r2': 0.20625386052747496, 'rmse': 5.663445512847889, 'n': 13144}",cca957e4fa91d64eb0aa08a59b3c738a4bef10954e26ba33551debc0fe8e6806,True,False,2.1332986150580493,0.2062538538533352,0.0,6.674139768625409e-09,verified_partial_coverage
B1_kriging__e1_r40_seed44.parquet,B1_kriging,e1_r40_seed44,data/processed/mississippi_graph_v02.pt,33048,"{'train': 17846, 'test': 13219, 'val': 1983}",13219,13219,0,63,0.9952341326877978,"{'mae': 2.1813624987601603, 'r2': 0.22457734844606403, 'rmse': 4.986654424465601, 'n': 13156}",b246d647455ff994a5cba658700171daad1df87e59f816ba5d082dffa769bd1d,True,False,2.1813624987601608,0.2245773510674218,-4.440892098500626e-16,-2.621357769738708e-09,verified_partial_coverage
B1_kriging__e1_r60_seed42.parquet,B1_kriging,e1_r60_seed42,data/processed/mississippi_graph_v02.pt,33048,"{'test': 19829, 'train': 11897, 'val': 1322}",19829,19829,0,329,0.9834081395935247,"{'mae': 2.2103745363870293, 'r2': 0.15540076114225543, 'rmse': 6.425581581737449, 'n': 19500}",4c7f6e52700e0f37d1a667ad0b4d046679934b46a2280c77fd06b835f3950297,True,False,2.2103745363870293,0.1554007565509583,0.0,4.591297120271065e-09,verified_partial_coverage
B1_kriging__e1_r60_seed43.parquet,B1_kriging,e1_r60_seed43,data/processed/mississippi_graph_v02.pt,33048,"{'test': 19829, 'train': 11897, 'val': 1322}",19829,19829,0,286,0.9855766806192949,"{'mae': 2.2039677427502378, 'r2': 0.19790861058719433, 'rmse': 5.340631978212917, 'n': 19543}",32ddd566037fb56bc4ee7f0cf1412e29237841e801fa836fc0539f4263df10d5,True,False,2.203967742750238,0.197908644516418,-4.440892098500626e-16,-3.3929223652862106e-08,verified_partial_coverage
B1_kriging__e1_r60_seed44.parquet,B1_kriging,e1_r60_seed44,data/processed/mississippi_graph_v02.pt,33048,"{'test': 19829, 'train': 11897, 'val': 1322}",19829,19829,0,388,0.9804326995814211,"{'mae': 2.2334933997668687, 'r2': 0.15581981063523842, 'rmse': 6.016998476032345, 'n': 19441}",0e8ee67c196de686ae75134266cde7ea79869bb46ba2adcec2d328bfe998ed9b,True,False,2.2334933997668687,0.1558199177393435,0.0,-1.0710410508485424e-07,verified_partial_coverage
B1_kriging__e2a_strict.parquet,B1_kriging,e2a_strict,data/processed/mississippi_graph_v02.pt,33048,"{'train': 25771, 'val': 4093, 'test': 3184}",3184,3184,0,3184,0.0,"{'mae': nan, 'r2': nan, 'rmse': nan, 'n': 0}",c9af4e84453a89418620563b559c59531a615caf4e5633b44dd3116e3620855d,True,False,,,,,zero_coverage
B1_kriging__e2b_partial.parquet,B1_kriging,e2b_partial,data/processed/mississippi_graph_v02.pt,33048,"{'train': 25771, 'val': 4093, 'test': 2547, 'context': 637}",2547,2547,0,125,0.9509226541028661,"{'mae': 1.5083985594185556, 'r2': -0.11481102624676764, 'rmse': 2.047469380445867, 'n': 2422}",f52aee9b6b9897a37fbfeeb7991791124a874d3aee9fc6a3c51dd663b8ca5e4a,True,False,1.5083985594185558,-0.1148109398502723,-2.220446049250313e-16,-8.639649534680771e-08,verified_partial_coverage
B1_kriging__e3_spatial_seed42.parquet,B1_kriging,e3_spatial_seed42,data/processed/mississippi_graph_v02.pt,33048,"{'train': 25182, 'test': 5068, 'val': 2798}",5068,5068,0,18,0.9964483030781374,"{'mae': 1.7598534007486715, 'r2': 0.32478886590345946, 'rmse': 3.1799365720304262, 'n': 5050}",f4d1197f3aa21fe3cabc60368210d89190e4921ba66a54259b5ef4ba2da01bdc,True,False,1.7598534007486717,0.3247888255143024,-2.220446049250313e-16,4.0389157074383064e-08,verified_partial_coverage
B1_kriging__e3_spatial_seed43.parquet,B1_kriging,e3_spatial_seed43,data/processed/mississippi_graph_v02.pt,33048,"{'train': 26140, 'test': 4004, 'val': 2904}",4004,4004,0,4,0.999000999000999,"{'mae': 2.3353121894487447, 'r2': 0.10243797699287271, 'rmse': 11.394184521601959, 'n': 4000}",85356edfa5db481d7c8493e5e90103522db5a001818b6834c567f392e017918a,True,False,2.3353121894487447,0.1024379574508547,0.0,1.954201801768196e-08,verified_partial_coverage
B1_kriging__e3_spatial_seed44.parquet,B1_kriging,e3_spatial_seed44,data/processed/mississippi_graph_v02.pt,33048,"{'train': 25325, 'test': 4909, 'val': 2814}",4909,4909,0,10,0.9979629252393563,"{'mae': 2.06011258453294, 'r2': 0.38267354605758974, 'rmse': 3.814525549801602, 'n': 4899}",b58a83a23813ea84af80c77b27c7651ac1c5501bef705114e535499125a29467,True,False,2.06011258453294,0.3826735805564737,0.0,-3.449888397177858e-08,verified_partial_coverage
B2_random_forest__e1_r20_seed42.parquet,B2_random_forest,e1_r20_seed42,data/processed/mississippi_graph_v02.pt,33048,"{'train': 23794, 'test': 6610, 'val': 2644}",6610,6610,0,0,1.0,"{'mae': 1.4551459784368677, 'r2': 0.254020170884672, 'rmse': 6.650970194348988, 'n': 6610}",203db4fed2daa87d5528968cd94a5c6b171280cc017e0ca0090c95f29a7473c1,True,False,1.4551459784368677,0.2540201749781621,0.0,-4.093490102441422e-09,verified
B2_random_forest__e1_r20_seed43.parquet,B2_random_forest,e1_r20_seed43,data/processed/mississippi_graph_v02.pt,33048,"{'train': 23794, 'test': 6610, 'val': 2644}",6610,6610,0,0,1.0,"{'mae': 1.350977051072275, 'r2': 0.5871958471182992, 'rmse': 3.0954150657374, 'n': 6610}",dd78deb2842047434799a8a79899ee043df9336e9a8f27b636564206cb73f00c,True,False,1.350977051072275,0.5871958215518387,0.0,2.5566460504222732e-08,verified
B2_random_forest__e1_r20_seed44.parquet,B2_random_forest,e1_r20_seed44,data/processed/mississippi_graph_v02.pt,33048,"{'train': 23794, 'test': 6610, 'val': 2644}",6610,6610,0,0,1.0,"{'mae': 1.461678697589569, 'r2': 0.43427320565158345, 'rmse': 4.4908686689416655, 'n': 6610}",1f09e5e423edcf56105a330cc15104bcaa147ae692d7b27af78a58d455b8852a,True,False,1.461678697589569,0.4342731883371273,0.0,1.731445614661098e-08,verified
B2_random_forest__e1_r40_seed42.parquet,B2_random_forest,e1_r40_seed42,data/processed/mississippi_graph_v02.pt,33048,"{'train': 17846, 'test': 13219, 'val': 1983}",13219,13219,0,0,1.0,"{'mae': 1.481872483946172, 'r2': 0.22860285782110157, 'rmse': 6.871036640368859, 'n': 13219}",6e10c83a9e7004c88430407944e2fa09ae559d7982edbdda12e2f91abc185e69,True,False,1.481872483946172,0.2286028400075598,0.0,1.7813541780542508e-08,verified
B2_random_forest__e1_r40_seed43.parquet,B2_random_forest,e1_r40_seed43,data/processed/mississippi_graph_v02.pt,33048,"{'train': 17846, 'test': 13219, 'val': 1983}",13219,13219,0,0,1.0,"{'mae': 1.4324750109612665, 'r2': 0.3384460839552782, 'rmse': 5.185093448466345, 'n': 13219}",9bfe1ec23bd171aaa0a6c68b05a017b10c40dee80403198ea212d9d8b44fe02a,True,False,1.4324750109612665,0.3384460532368818,0.0,3.071839638213447e-08,verified
B2_random_forest__e1_r40_seed44.parquet,B2_random_forest,e1_r40_seed44,data/processed/mississippi_graph_v02.pt,33048,"{'train': 17846, 'test': 13219, 'val': 1983}",13219,13219,0,0,1.0,"{'mae': 1.4099220911041752, 'r2': 0.4732209665998932, 'rmse': 4.117623409797737, 'n': 13219}",071d493d61c5a220e9409bfbcb8d107bcd1d26bff06edb23e79cb73d0b351e35,True,False,1.4099220911041752,0.4732209555453448,0.0,1.1054548387789964e-08,verified
B2_random_forest__e1_r60_seed42.parquet,B2_random_forest,e1_r60_seed42,data/processed/mississippi_graph_v02.pt,33048,"{'test': 19829, 'train': 11897, 'val': 1322}",19829,19829,0,0,1.0,"{'mae': 1.480550412869894, 'r2': 0.2723264806729212, 'rmse': 5.983240613025951, 'n': 19829}",5e040cd90c6440eec499edc7042078f62738f2c352876c5fc990340d376c3e77,True,False,1.480550412869894,0.2723264826616121,0.0,-1.988690878640398e-09,verified
B2_random_forest__e1_r60_seed43.parquet,B2_random_forest,e1_r60_seed43,data/processed/mississippi_graph_v02.pt,33048,"{'test': 19829, 'train': 11897, 'val': 1322}",19829,19829,0,0,1.0,"{'mae': 1.441989892162246, 'r2': 0.3912615056441975, 'rmse': 4.671285519650624, 'n': 19829}",62238ddc8a42856b09b27c97c2c988254d125bf52a1fbf03946806b64ba64e3c,True,False,1.4419898921622458,0.3912615077700545,2.220446049250313e-16,-2.125856990442543e-09,verified
B2_random_forest__e1_r60_seed44.parquet,B2_random_forest,e1_r60_seed44,data/processed/mississippi_graph_v02.pt,33048,"{'test': 19829, 'train': 11897, 'val': 1322}",19829,19829,0,0,1.0,"{'mae': 1.4497378337202742, 'r2': 0.3391430553914597, 'rmse': 5.339503709661758, 'n': 19829}",c6c1ca768e90fae3926de18656387ac763241a561a4bd513b9fe1e408b937096,True,False,1.4497378337202742,0.3391431014409026,0.0,-4.604944287001089e-08,verified
B2_random_forest__e2a_strict.parquet,B2_random_forest,e2a_strict,data/processed/mississippi_graph_v02.pt,33048,"{'train': 25771, 'val': 4093, 'test': 3184}",3184,3184,0,0,1.0,"{'mae': 1.114872464004028, 'r2': 0.21015244668563327, 'rmse': 1.7716672533679396, 'n': 3184}",53648c9c5097efdfe3a9a336c375172902e03f509d508fe87c9535fe59af725c,True,False,1.114872464004028,0.210152471385832,0.0,-2.470019874745155e-08,verified
B2_random_forest__e2b_partial.parquet,B2_random_forest,e2b_partial,data/processed/mississippi_graph_v02.pt,33048,"{'train': 25771, 'val': 4093, 'test': 2547, 'context': 637}",2547,2547,0,0,1.0,"{'mae': 1.1142244777610129, 'r2': 0.18158672272896448, 'rmse': 1.7553975846091212, 'n': 2547}",2ab275504d43c39db67d2d4f7394188f07584f2c86307f42114a70aff9d9594f,True,False,1.1142244777610126,0.1815866658335163,2.220446049250313e-16,5.6895448186100595e-08,verified
B2_random_forest__e3_spatial_seed42.parquet,B2_random_forest,e3_spatial_seed42,data/processed/mississippi_graph_v02.pt,33048,"{'train': 25182, 'test': 5068, 'val': 2798}",5068,5068,0,0,1.0,"{'mae': 2.060358630326379, 'r2': 0.10750882785555371, 'rmse': 3.673444245168637, 'n': 5068}",589eda46077e18276d1ad25d464015f74fda6af3c4db7b5c49b4927f88f50558,True,False,2.060358630326379,0.1075087917822789,0.0,3.607327481169875e-08,verified
B2_random_forest__e3_spatial_seed43.parquet,B2_random_forest,e3_spatial_seed43,data/processed/mississippi_graph_v02.pt,33048,"{'train': 26140, 'test': 4004, 'val': 2904}",4004,4004,0,0,1.0,"{'mae': 2.2780380144319183, 'r2': 0.0839415127721519, 'rmse': 11.50630390148083, 'n': 4004}",fd299aecbbe5e37e8dc147aa9138e6b36266541505206520d5be0eb2bc67fee3,True,False,2.2780380144319183,0.0839415273676644,0.0,-1.4595512506931918e-08,verified
B2_random_forest__e3_spatial_seed44.parquet,B2_random_forest,e3_spatial_seed44,data/processed/mississippi_graph_v02.pt,33048,"{'train': 25325, 'test': 4909, 'val': 2814}",4909,4909,0,0,1.0,"{'mae': 1.8712613810740872, 'r2': 0.4357910819492269, 'rmse': 3.6490858194356903, 'n': 4909}",741e6e678cd0bbfab27994bc6837df15aef2a159ac5d99a045a6232e7cf75cc9,True,False,1.8712613810740872,0.4357911376083441,0.0,-5.565911720406547e-08,verified
B3_mlp__e1_r20_seed42.parquet,B3_mlp,e1_r20_seed42,data/processed/mississippi_graph_v02.pt,33048,"{'train': 23794, 'test': 6610, 'val': 2644}",6610,6610,0,0,1.0,"{'mae': 1.8678042252953362, 'r2': 0.17544183026299043, 'rmse': 6.992494103792175, 'n': 6610}",dfc7689d93a551034502036c23dd63eea2b5becb585a43ea6d1862c4a3ecc4e8,True,False,1.867804225295336,0.1754418347876712,2.220446049250313e-16,-4.524680768946965e-09,verified
B3_mlp__e1_r20_seed43.parquet,B3_mlp,e1_r20_seed43,data/processed/mississippi_graph_v02.pt,33048,"{'train': 23794, 'test': 6610, 'val': 2644}",6610,6610,0,0,1.0,"{'mae': 1.777680512991779, 'r2': 0.44385025510549325, 'rmse': 3.5928801825049463, 'n': 6610}",222b21e4a95387893ac2e6a309721f511ae4fd92d9be0a9e1eff2cd92fe8ec24,True,False,1.777680512991779,0.4438502206611194,0.0,3.444437385313748e-08,verified
B3_mlp__e1_r20_seed44.parquet,B3_mlp,e1_r20_seed44,data/processed/mississippi_graph_v02.pt,33048,"{'train': 23794, 'test': 6610, 'val': 2644}",6610,6610,0,0,1.0,"{'mae': 1.964328337170847, 'r2': 0.2970427578571144, 'rmse': 5.006006800174529, 'n': 6610}",b8f6c2a2d76def234e7d195a46ce1bd7d598ac266df258f63cbc731d480ee71a,True,False,1.9643283371708469,0.2970427363426263,2.220446049250313e-16,2.151448813547674e-08,verified
B3_mlp__e1_r40_seed42.parquet,B3_mlp,e1_r40_seed42,data/processed/mississippi_graph_v02.pt,33048,"{'train': 17846, 'test': 13219, 'val': 1983}",13219,13219,0,0,1.0,"{'mae': 1.9158959466209844, 'r2': 0.1573640472575577, 'rmse': 7.181302884580052, 'n': 13219}",2b1867b798a3f4894d1672c1f8270aeab8be2bcbb04bdfef99a2b62422070e1e,True,False,1.9158959466209844,0.1573640277989288,0.0,1.9458628902624397e-08,verified
B3_mlp__e1_r40_seed43.parquet,B3_mlp,e1_r40_seed43,data/processed/mississippi_graph_v02.pt,33048,"{'train': 17846, 'test': 13219, 'val': 1983}",13219,13219,0,0,1.0,"{'mae': 1.820233224102992, 'r2': 0.24732749711127233, 'rmse': 5.530660381611108, 'n': 13219}",c3771a9e5d8efc92bcb7685962403b1b34bb6291a4d09a3b255103ddbe05076d,True,False,1.8202332241029924,0.2473274621619028,-4.440892098500626e-16,3.4949369537295993e-08,verified
B3_mlp__e1_r40_seed44.parquet,B3_mlp,e1_r40_seed44,data/processed/mississippi_graph_v02.pt,33048,"{'train': 17846, 'test': 13219, 'val': 1983}",13219,13219,0,0,1.0,"{'mae': 1.8470843124046556, 'r2': 0.3032474875292811, 'rmse': 4.73556340191216, 'n': 13219}",3830edcdbe612bf03ca0f3b14e617d90b8889b51ee279f3adb57e9444d8e5f61,True,False,1.847084312404656,0.30324747290781,-4.440892098500626e-16,1.4621471089437676e-08,verified
B3_mlp__e1_r60_seed42.parquet,B3_mlp,e1_r60_seed42,data/processed/mississippi_graph_v02.pt,33048,"{'test': 19829, 'train': 11897, 'val': 1322}",19829,19829,0,0,1.0,"{'mae': 1.886888359664826, 'r2': 0.2065888325277152, 'rmse': 6.247659282909637, 'n': 19829}",f5e2cf9f33e3decb0c019c035692f375c6703d0b48c987bf933333fde3598ccf,True,False,1.886888359664826,0.2065888346960632,0.0,-2.168348001152509e-09,verified
B3_mlp__e1_r60_seed43.parquet,B3_mlp,e1_r60_seed43,data/processed/mississippi_graph_v02.pt,33048,"{'test': 19829, 'train': 11897, 'val': 1322}",19829,19829,0,0,1.0,"{'mae': 1.8876349385285351, 'r2': 0.26320398893875463, 'rmse': 5.139189870568072, 'n': 19829}",189b376ede51b11d2716020f32832f3ff304960d2cdaf044b985826b7c2223f5,True,False,1.8876349385285351,0.2632039915118184,0.0,-2.573063762056904e-09,verified
B3_mlp__e1_r60_seed44.parquet,B3_mlp,e1_r60_seed44,data/processed/mississippi_graph_v02.pt,33048,"{'test': 19829, 'train': 11897, 'val': 1322}",19829,19829,0,0,1.0,"{'mae': 1.8782793645602471, 'r2': 0.22158452840153664, 'rmse': 5.794992699090128, 'n': 19829}",f7d8383f19924602a46f0b4c24dc0ebbc76aa26768e96bde1e371eff412aa671,True,False,1.8782793645602467,0.2215845826426236,4.440892098500626e-16,-5.424108695528673e-08,verified
B3_mlp__e2a_strict.parquet,B3_mlp,e2a_strict,data/processed/mississippi_graph_v02.pt,33048,"{'train': 25771, 'val': 4093, 'test': 3184}",3184,3184,0,0,1.0,"{'mae': 1.3092068042235934, 'r2': 0.10490455625958306, 'rmse': 1.8860152176604563, 'n': 3184}",8d8913c49e47c6342fa949575f091a8d0958ab516b0e690abab025d1606fb89a,True,False,1.3092068042235934,0.1049045842511052,0.0,-2.7991522141834757e-08,verified
B3_mlp__e2b_partial.parquet,B3_mlp,e2b_partial,data/processed/mississippi_graph_v02.pt,33048,"{'train': 25771, 'val': 4093, 'test': 2547, 'context': 637}",2547,2547,0,0,1.0,"{'mae': 1.2892367982382351, 'r2': 0.10219541291810386, 'rmse': 1.8385695926814511, 'n': 2547}",afae4fd9a442d7e8870fa28d9361eff815fbe01a000194417a47779f7162d2f8,True,False,1.2892367982382351,0.1021953505034343,0.0,6.24146695576977e-08,verified
B3_mlp__e3_spatial_seed42.parquet,B3_mlp,e3_spatial_seed42,data/processed/mississippi_graph_v02.pt,33048,"{'train': 25182, 'test': 5068, 'val': 2798}",5068,5068,0,0,1.0,"{'mae': 1.8860120508361577, 'r2': 0.251614830807097, 'rmse': 3.3638302696550286, 'n': 5068}",7ffe7205f517a6faeccaa00d7326088547fb24b87838ca8a7264a8d0a0c777f5,True,False,1.8860120508361575,0.25161480055839,2.220446049250313e-16,3.024870703915994e-08,verified
B3_mlp__e3_spatial_seed43.parquet,B3_mlp,e3_spatial_seed43,data/processed/mississippi_graph_v02.pt,33048,"{'train': 26140, 'test': 4004, 'val': 2904}",4004,4004,0,0,1.0,"{'mae': 2.2957261458652733, 'r2': 0.07275537065548132, 'rmse': 11.57634342683243, 'n': 4004}",5c8d844ac4d9a26f65f5405bc74d46e5378fe3dc7752ab7bd4bffedc9ebaf2e9,True,False,2.2957261458652733,0.0727553854292221,0.0,-1.4773740772411337e-08,verified
B3_mlp__e3_spatial_seed44.parquet,B3_mlp,e3_spatial_seed44,data/processed/mississippi_graph_v02.pt,33048,"{'train': 25325, 'test': 4909, 'val': 2814}",4909,4909,0,0,1.0,"{'mae': 1.8715321556121545, 'r2': 0.4447961909084531, 'rmse': 3.6198478995839802, 'n': 4909}",2c55fbf3e2c813d6af98d53e6caee2505fb4227fafc8eef164dbfff5b90dcde0,True,False,1.8715321556121545,0.4447962456792178,0.0,-5.477076470139508e-08,verified
G0_gcn_none__e1_r20_seed42.parquet,G0_gcn_none,e1_r20_seed42,data/processed/mississippi_graph_v02.pt,33048,"{'train': 23794, 'test': 6610, 'val': 2644}",6610,6610,0,0,1.0,"{'mae': 1.8310443282645879, 'r2': 0.17624200671091395, 'rmse': 6.98910041526668, 'n': 6610}",8760bde9f651649e731f5597f4b134ad1cff1c9ae8b615d379edad6812313e85,True,False,1.822688698768616,0.1690386258374927,0.008355629495971906,0.0072033808734212335,conflict
H2E_transport_river__e1_r20_seed42.parquet,H2E_transport_river,e1_r20_seed42,data/processed/mississippi_graph_v04.pt,33048,"{'train': 23794, 'test': 6610, 'val': 2644}",6610,6610,0,0,1.0,"{'mae': 1.491074872589508, 'r2': 0.25592471750110346, 'rmse': 6.642474536931019, 'n': 6610}",2f70c1bd86db3511e47c6fc4dc6f365f17e9bf685605c395c131ca4511b055f6,True,False,1.491075038909912,0.2559247555329769,-1.6632040411579396e-07,-3.803187342832359e-08,verified
H2E_transport_river__e1_r20_seed43.parquet,H2E_transport_river,e1_r20_seed43,data/processed/mississippi_graph_v04.pt,33048,"{'train': 23794, 'test': 6610, 'val': 2644}",6610,6610,0,0,1.0,"{'mae': 1.2997920502163187, 'r2': 0.5918633494502175, 'rmse': 3.077865666953732, 'n': 6610}",6b3e22552eec433429f3dfaf358a99b854f6d5795382a459443106ed46ca96d7,True,False,1.299791932106018,0.5918633413102401,1.1811030065089767e-07,8.139977358823103e-09,verified
H2E_transport_river__e1_r20_seed44.parquet,H2E_transport_river,e1_r20_seed44,data/processed/mississippi_graph_v04.pt,33048,"{'train': 23794, 'test': 6610, 'val': 2644}",6610,6610,0,0,1.0,"{'mae': 1.4128986889628887, 'r2': 0.4253468136044115, 'rmse': 4.526159872826988, 'n': 6610}",edd678450616ec23f75824c8d455892635eddf129e2db0304669ade8ee4f696a,True,False,1.4128986597061155,0.4253467665863325,2.925677322629383e-08,4.701807898577215e-08,verified
H2E_transport_river__e1_r40_seed42.parquet,H2E_transport_river,e1_r40_seed42,data/processed/mississippi_graph_v04.pt,33048,"{'train': 17846, 'test': 13219, 'val': 1983}",13219,13219,0,0,1.0,"{'mae': 1.5193257737687509, 'r2': 0.2611514674322327, 'rmse': 6.724514884447097, 'n': 13219}",6dce936d22f797e9d3dee5cfbeee188deeb78374d9ff003a27796b4947922f9a,True,False,1.5193257331848145,0.261151420828037,4.058393643369129e-08,4.6604195724775366e-08,verified
H2E_transport_river__e1_r40_seed43.parquet,H2E_transport_river,e1_r40_seed43,data/processed/mississippi_graph_v04.pt,33048,"{'train': 17846, 'test': 13219, 'val': 1983}",13219,13219,0,0,1.0,"{'mae': 1.4331959838454702, 'r2': 0.36097593011897056, 'rmse': 5.096037017319537, 'n': 13219}",6d504fad1f17e5238b4a09d610d505e508fc83806c4c165e94c50dd5781a828d,True,False,1.433195948600769,0.3609759420378882,3.524470115756628e-08,-1.1918917630637793e-08,verified
H2E_transport_river__e1_r40_seed44.parquet,H2E_transport_river,e1_r40_seed44,data/processed/mississippi_graph_v04.pt,33048,"{'train': 17846, 'test': 13219, 'val': 1983}",13219,13219,0,0,1.0,"{'mae': 1.3808964551598728, 'r2': 0.4661105477553369, 'rmse': 4.1453199280395845, 'n': 13219}",38e56797e5c2738f50866288f0d6938aee5e6a39565b48bb5611359660cc6180,True,False,1.3808964490890503,0.4661105343314091,6.0708225113614844e-09,1.3423927802680424e-08,verified
H2E_transport_river__e1_r60_seed42.parquet,H2E_transport_river,e1_r60_seed42,data/processed/mississippi_graph_v04.pt,33048,"{'test': 19829, 'train': 11897, 'val': 1322}",19829,19829,0,0,1.0,"{'mae': 1.4937164548981194, 'r2': 0.27213070022678176, 'rmse': 5.984045453867838, 'n': 19829}",07235fc5c6e00bea9d53c141af7b61b24aa314fcb52c06b17c18e0410b841cd6,True,False,1.4937163591384888,0.2721307099863688,9.575963066943416e-08,-9.759587027424743e-09,verified
H2E_transport_river__e1_r60_seed43.parquet,H2E_transport_river,e1_r60_seed43,data/processed/mississippi_graph_v04.pt,33048,"{'test': 19829, 'train': 11897, 'val': 1322}",19829,19829,0,0,1.0,"{'mae': 1.5011309317947996, 'r2': 0.3890962795882822, 'rmse': 4.679585808847591, 'n': 19829}",327d553233a81ca5da21ac23bb887b5fc2f03e8d0e3c6cfc6bb8a2497c064035,True,False,1.5011308193206787,0.3890962474019978,1.1247412090575892e-07,3.218628441548077e-08,verified
H2E_transport_river__e1_r60_seed44.parquet,H2E_transport_river,e1_r60_seed44,data/processed/mississippi_graph_v04.pt,33048,"{'test': 19829, 'train': 11897, 'val': 1322}",19829,19829,0,0,1.0,"{'mae': 1.4904606098981643, 'r2': 0.28765472258666325, 'rmse': 5.543607047734938, 'n': 19829}",a16bff42ed306546d503e56de3264337b973cc6a1181763c4bf55def96eecf4f,True,False,1.4904606342315674,0.2876547511448091,-2.4333403070286863e-08,-2.8558145848123218e-08,verified
H2E_transport_river__e2a_strict.parquet,H2E_transport_river,e2a_strict,data/processed/mississippi_graph_v04.pt,33048,"{'train': 25771, 'val': 4093, 'test': 3184}",3184,3184,0,0,1.0,"{'mae': 1.2432015559369296, 'r2': 0.2646168269190253, 'rmse': 1.7094931443301653, 'n': 3184}",e9fa73825808378adaeb01d1a983e5bb9706bd5999574af7e74217a843b10db3,True,False,1.2432016134262085,0.2646168890357028,-5.748927889293043e-08,-6.211667746836014e-08,verified
H2E_transport_river__e2b_partial.parquet,H2E_transport_river,e2b_partial,data/processed/mississippi_graph_v04.pt,33048,"{'train': 25771, 'val': 4093, 'test': 2547, 'context': 637}",2547,2547,0,0,1.0,"{'mae': 1.1350778490246443, 'r2': 0.34174464226674506, 'rmse': 1.5742959005795507, 'n': 2547}",6506a4e42c132606128fb27cf25344a25c2af9147bd0127eb72f7d0b51976a60,True,False,1.135077953338623,0.3417446180476527,-1.0431397878818416e-07,2.421909234273656e-08,verified
H2E_transport_river__e3_spatial_seed42.parquet,H2E_transport_river,e3_spatial_seed42,data/processed/mississippi_graph_v04.pt,33048,"{'train': 25182, 'test': 5068, 'val': 2798}",5068,5068,0,0,1.0,"{'mae': 1.6236031571257603, 'r2': 0.39678806506871256, 'rmse': 3.0199965784502454, 'n': 5068}",364918e07d61219494b146a499ff4c626cc8f35c51b72ac32da6a76dd4da1581,True,False,1.6236032247543335,0.3967880973124033,-6.762857318598492e-08,-3.2243690717415063e-08,verified
H2E_transport_river__e3_spatial_seed43.parquet,H2E_transport_river,e3_spatial_seed43,data/processed/mississippi_graph_v04.pt,33048,"{'train': 26140, 'test': 4004, 'val': 2904}",4004,4004,0,0,1.0,"{'mae': 2.140302798814037, 'r2': 0.07208090206133055, 'rmse': 11.580552920477297, 'n': 4004}",08bd6027270fafef5279376f2f570a8842fae809ce1647750710395bd9f859b7,True,False,2.140302896499634,0.0720809351626374,-9.76855969447854e-08,-3.310130684830437e-08,verified
H2E_transport_river__e3_spatial_seed44.parquet,H2E_transport_river,e3_spatial_seed44,data/processed/mississippi_graph_v04.pt,33048,"{'train': 25325, 'test': 4909, 'val': 2814}",4909,4909,0,0,1.0,"{'mae': 1.615808355012052, 'r2': 0.4999749813144796, 'rmse': 3.4352628387350963, 'n': 4909}",c9d5c77f35bdd6cf1fdc593bf8aba1a643909b9442e0b1879c210b7eb4ed6626,True,False,1.6158084869384766,0.4999750162883011,-1.319264244514784e-07,-3.497382150552397e-08,verified
H2X_transport_enc_river__e1_r20_seed42.parquet,H2X_transport_enc_river,e1_r20_seed42,data/processed/mississippi_graph_v04.pt,33048,"{'train': 23794, 'test': 6610, 'val': 2644}",6610,6610,0,0,1.0,"{'mae': 1.4294212386936356, 'r2': 0.254206871192041, 'rmse': 6.650137855567873, 'n': 6610}",89c5454e1a2bd50e4e592104ede3553efd5c8f9fb377f11fcfd9846da117b8f8,True,False,1.429421305656433,0.2542068769993548,-6.696279752915757e-08,-5.807313796513114e-09,verified
H2X_transport_enc_river__e1_r20_seed43.parquet,H2X_transport_enc_river,e1_r20_seed43,data/processed/mississippi_graph_v04.pt,33048,"{'train': 23794, 'test': 6610, 'val': 2644}",6610,6610,0,0,1.0,"{'mae': 1.3168703391257555, 'r2': 0.594441860015182, 'rmse': 3.068127649291975, 'n': 6610}",af2f75b1d391a7cf10d20e318f268b6dcd4da553cbc07721a698d93808c3a789,True,False,1.3168703317642212,0.5944418158016893,7.361534271055348e-09,4.421349264482899e-08,verified
H2X_transport_enc_river__e1_r20_seed44.parquet,H2X_transport_enc_river,e1_r20_seed44,data/processed/mississippi_graph_v04.pt,33048,"{'train': 23794, 'test': 6610, 'val': 2644}",6610,6610,0,0,1.0,"{'mae': 1.4776494241969127, 'r2': 0.3798680928644117, 'rmse': 4.701852696811145, 'n': 6610}",baf54a8c07815cb3d14e06e234f233078c73f6bcc47cf9d902a834a9c99209b1,True,False,1.4776495695114136,0.3798681031765282,-1.4531450087673647e-07,-1.031211649404895e-08,verified
H2X_transport_enc_river__e1_r40_seed42.parquet,H2X_transport_enc_river,e1_r40_seed42,data/processed/mississippi_graph_v04.pt,33048,"{'train': 17846, 'test': 13219, 'val': 1983}",13219,13219,0,0,1.0,"{'mae': 1.448967132409349, 'r2': 0.22785443539943517, 'rmse': 6.874369029669725, 'n': 13219}",3eeb49a38ab54db7954f6bb4a97a8ea0455fe91f12f7019d57630ec5544465fa,True,False,1.4489669799804688,0.2278543294160435,1.5242888018462963e-07,1.059833916738917e-07,verified
H2X_transport_enc_river__e1_r40_seed43.parquet,H2X_transport_enc_river,e1_r40_seed43,data/processed/mississippi_graph_v04.pt,33048,"{'train': 17846, 'test': 13219, 'val': 1983}",13219,13219,0,0,1.0,"{'mae': 1.4085473869046914, 'r2': 0.3449956357778139, 'rmse': 5.159362733752192, 'n': 13219}",06d7709bad1e370e65e9b92314d1f0d3493c2bcc99ca34e6d1bfb33e7f431ce3,True,False,1.4085474014282229,0.3449956069566448,-1.452353148856389e-08,2.882116911795407e-08,verified
H2X_transport_enc_river__e1_r40_seed44.parquet,H2X_transport_enc_river,e1_r40_seed44,data/processed/mississippi_graph_v04.pt,33048,"{'train': 17846, 'test': 13219, 'val': 1983}",13219,13219,0,0,1.0,"{'mae': 1.3835158615191798, 'r2': 0.4443314661555584, 'rmse': 4.2290253264460675, 'n': 13219}",c1bf103843dc51147ffbdf41dfff099feb719b8bc01a3cf903997744d77565f7,True,False,1.3835159540176392,0.4443314715202832,-9.249845933645418e-08,-5.364724775525076e-09,verified
H2X_transport_enc_river__e1_r60_seed42.parquet,H2X_transport_enc_river,e1_r60_seed42,data/processed/mississippi_graph_v04.pt,33048,"{'test': 19829, 'train': 11897, 'val': 1322}",19829,19829,0,0,1.0,"{'mae': 1.5298896892307847, 'r2': 0.29451435088641575, 'rmse': 5.891315409206226, 'n': 19829}",44f3a9c84f89ba316a5e39398390052bf1d889eb8cf39c522a4892d5d3029ff0,True,False,1.529889702796936,0.2945142973417571,-1.3566151313426644e-08,5.3544658651372146e-08,verified
H2X_transport_enc_river__e1_r60_seed43.parquet,H2X_transport_enc_river,e1_r60_seed43,data/processed/mississippi_graph_v04.pt,33048,"{'test': 19829, 'train': 11897, 'val': 1322}",19829,19829,0,0,1.0,"{'mae': 1.533560871096129, 'r2': 0.3241320283394493, 'rmse': 4.922117347805395, 'n': 19829}",794095ba2a766c846329f234038e16306f360baaf40de9f379d12a787b54166b,True,False,1.5335609912872314,0.3241321021841727,-1.2019110240402142e-07,-7.384472339166948e-08,verified
H2X_transport_enc_river__e1_r60_seed44.parquet,H2X_transport_enc_river,e1_r60_seed44,data/processed/mississippi_graph_v04.pt,33048,"{'test': 19829, 'train': 11897, 'val': 1322}",19829,19829,0,0,1.0,"{'mae': 1.485022427398373, 'r2': 0.28527146956926785, 'rmse': 5.552872769416812, 'n': 19829}",af4682694db377243c9321534fadda5f42f0683470a5a6ddbe096b0daffb4d44,True,False,1.4850224256515503,0.2852715055222694,1.746822686499172e-09,-3.5953001520372396e-08,verified
H2X_transport_enc_river__e2a_strict.parquet,H2X_transport_enc_river,e2a_strict,data/processed/mississippi_graph_v04.pt,33048,"{'train': 25771, 'val': 4093, 'test': 3184}",3184,3184,0,0,1.0,"{'mae': 0.9555256173538802, 'r2': 0.4534763962323597, 'rmse': 1.4737200124047836, 'n': 3184}",edfc26e2900a613043523a25f3ef31af951f3eff2b1531fcc5a4225ef69b23f3,True,False,0.9555256366729736,0.4534764280074618,-1.9319093436109824e-08,-3.1775102105058295e-08,verified
H2X_transport_enc_river__e2b_partial.parquet,H2X_transport_enc_river,e2b_partial,data/processed/mississippi_graph_v04.pt,33048,"{'train': 25771, 'val': 4093, 'test': 2547, 'context': 637}",2547,2547,0,0,1.0,"{'mae': 1.0598005103419048, 'r2': 0.35465542826787333, 'rmse': 1.558780606595486, 'n': 2547}",e54af4c4725184073ae6761fb9904895a47f0aaa5db1637cc8fec27977527be5,True,False,1.0598005056381226,0.3546554380425143,4.703782252590827e-09,-9.774640985504846e-09,verified
H2X_transport_enc_river__e3_spatial_seed42.parquet,H2X_transport_enc_river,e3_spatial_seed42,data/processed/mississippi_graph_v04.pt,33048,"{'train': 25182, 'test': 5068, 'val': 2798}",5068,5068,0,0,1.0,"{'mae': 1.5936065330107614, 'r2': 0.376863600739623, 'rmse': 3.069467562917438, 'n': 5068}",0985dcd2c1eb22e10d86536d0fd2d5b3ee05be9bde9d113563f7034698df357b,True,False,1.5936065912246704,0.376863554544384,-5.821390902660539e-08,4.6195238967428054e-08,verified
H2X_transport_enc_river__e3_spatial_seed43.parquet,H2X_transport_enc_river,e3_spatial_seed43,data/processed/mississippi_graph_v04.pt,33048,"{'train': 26140, 'test': 4004, 'val': 2904}",4004,4004,0,0,1.0,"{'mae': 2.1185814548306143, 'r2': 0.07180209239081015, 'rmse': 11.582292580568657, 'n': 4004}",a48d104c9812a37de1f8bfc7507cda2382647d4e6fcd31b21e07e07860426983,True,False,2.118581295013428,0.0718021783639578,1.598171861516562e-07,-8.59731476565706e-08,verified
H2X_transport_enc_river__e3_spatial_seed44.parquet,H2X_transport_enc_river,e3_spatial_seed44,data/processed/mississippi_graph_v04.pt,33048,"{'train': 25325, 'test': 4909, 'val': 2814}",4909,4909,0,0,1.0,"{'mae': 1.5931533553946233, 'r2': 0.5216333224854288, 'rmse': 3.360040899582945, 'n': 4909}",e6e87e08e6d0fd944cc301fc7427a89f5932f43d244a0c6178a55c8817404719,True,False,1.5931532382965088,0.5216333656154806,1.1709811453819441e-07,-4.313005175227147e-08,verified
