station_id,n_test_cells,true_doc_mean,pred_doc_mean,mae,bias,lat,lon,huc2,upstream_degree,downstream_degree,hist_doc_mean
383703104423901,19,22.416667938232422,5.2475762367248535,17.169090270996094,-17.169090270996094,38.6174977,-104.7113622,11,0,1,22.416667938232422
06336500,26,12.315384864807129,17.525707244873047,8.189043045043945,5.21032190322876,46.9899222,-104.1837667,10,0,1,12.315384864807129
06339800,37,19.62432289123535,14.391014099121094,8.098257064819336,-5.233309268951416,47.3427902,-102.617962,10,0,1,19.62432289123535
06364700,35,12.209999084472656,13.484379768371582,7.9680376052856445,1.274379014968872,43.4855256,-105.2280351,10,0,1,12.209999084472656
06425900,21,13.780952453613281,10.460838317871094,6.021791934967041,-3.3201136589050293,44.07997827,-105.266931,10,0,1,13.780952453613281
06324925,34,12.317647933959961,6.8707051277160645,5.917842864990234,-5.446942329406738,44.6475,-105.3102778,10,1,1,12.317647933959961
06324500,89,5.277303218841553,10.560294151306152,5.552906036376953,5.2829909324646,45.0571972,-105.8783778,10,2,1,5.277303218841553
05357225,129,5.680140495300293,8.697319984436035,5.108528137207031,3.017179250717163,46.06138889,-89.6472222,07,0,1,5.680140495300293
06352400,36,16.469444274902344,15.286250114440918,4.67980432510376,-1.1831945180892944,46.1013925,-101.9576462,10,0,1,16.469444274902344
351409097231801,4,1.0794641971588135,5.679837226867676,4.600373268127441,4.600373268127441,35.2359005,-97.3886432,11,0,1,1.0794641971588135
07077500,30,7.700333118438721,3.290850877761841,4.409482955932617,-4.409482955932617,35.2697222,-91.2363889,08,0,1,7.700333118438721
06337470,20,15.671000480651855,16.99014663696289,4.044219970703125,1.3191477060317993,47.60000966,-102.5110168,10,0,1,15.671000480651855
06126470,22,9.459090232849121,10.755539894104004,3.5996766090393066,1.2964485883712769,46.38720278,-108.5418028,10,0,1,9.459090232849121
06307600,32,9.040624618530273,10.435029983520508,3.5481038093566895,1.394404649734497,45.29906389,-106.5081667,10,1,1,9.040624618530273
03460000,72,4.4375,3.933049440383911,3.4879744052886963,-0.5044505000114441,35.6672222,-83.0727778,06,0,1,4.4375
06877600,20,7.84499979019165,4.358585357666016,3.486415386199951,-3.486415386199951,38.90638906,-97.1177952,10,0,1,7.84499979019165
06770500,22,6.270454406738281,7.6269612312316895,3.2478790283203125,1.356507420539856,40.87411667,-98.28219167,10,7,1,6.270454406738281
06279500,38,3.699561357498169,6.842137336730957,3.14257550239563,3.14257550239563,44.75852989,-108.1815559,10,2,1,3.699561357498169
06453000,40,4.517500400543213,6.758234977722168,2.961199998855591,2.240734577178955,43.0649947,-98.5534157,10,1,1,4.517500400543213
06307616,30,7.466667175292969,6.015718460083008,2.629197359085083,-1.4509483575820923,45.41160556,-106.4573528,10,2,1,7.466667175292969
06296120,41,4.993902206420898,6.59266996383667,2.5726284980773926,1.5987675189971924,46.3980582,-105.8955602,10,2,1,4.993902206420898
03289500,45,5.333333492279053,3.042567729949951,2.5384323596954346,-2.2907660007476807,38.26868254,-84.8146714,05,0,1,5.333333492279053
06929315,38,1.6894736289978027,3.480032205581665,2.5110607147216797,1.7905588150024414,37.5574361,-92.0492806,10,0,1,1.6894736289978027
03373530,27,3.5351850986480713,3.720273733139038,2.4873692989349365,0.1850884109735489,38.6364393,-86.365253,05,0,1,3.5351850986480713
06885500,35,5.732856750488281,3.776158332824707,2.279461145401001,-1.9566986560821533,39.68194349,-96.4427888,10,0,1,5.732856750488281
07257500,12,1.8576388359069824,3.6355745792388916,2.2070868015289307,1.7779359817504883,35.46638889,-93.0411111,11,1,1,1.8576388359069824
06882000,35,5.829285621643066,3.692483425140381,2.2059879302978516,-2.1368021965026855,40.04463611,-96.58738611,10,1,1,5.829285621643066
03366500,36,5.166389465332031,3.123080253601074,2.0693845748901367,-2.0433084964752197,38.8042145,-85.6738418,05,0,1,5.166389465332031
05532500,52,7.5310893058776855,5.472594261169434,2.0649991035461426,-2.0584959983825684,41.82149167,-87.8220361,07,1,1,7.5310893058776855
03354000,37,4.5632429122924805,2.633329391479492,2.0099849700927734,-1.9299135208129883,39.4975388,-86.4005316,05,1,1,4.5632429122924805
403245106404900,55,3.0537874698638916,5.037574768066406,1.9856377840042114,1.9837877750396729,40.54581087,-106.6808768,10,0,1,3.0537874698638916
06765500,29,4.441723823547363,3.408149242401123,1.9821925163269043,-1.0335745811462402,41.11805396,-100.7732011,10,0,1,4.441723823547363
06214500,49,2.658435344696045,3.908384323120117,1.9441699981689453,1.2499489784240723,45.800119,-108.468031,10,2,1,2.658435344696045
05465500,291,4.2779436111450195,4.9953765869140625,1.9181835651397705,0.7174327373504639,41.1780861,-91.1820917,07,3,1,4.2779436111450195
07049187,119,2.3156723976135254,4.100698947906494,1.82685387134552,1.7850269079208374,36.250278,-94.026333,11,2,1,2.3156723976135254
05331580,186,7.457965850830078,6.561270713806152,1.8025742769241333,-0.8966950178146362,44.7460861,-92.8478747,07,4,1,7.457965850830078
07373420,320,3.7882628440856934,5.415186882019043,1.7251389026641846,1.6269237995147705,30.75851659,-91.3959464,08,2,1,3.7882628440856934
03209500,31,3.703225612640381,2.917010545730591,1.6950801610946655,-0.7862148880958557,37.4642676,-82.5262632,05,1,1,3.703225612640381
07048800,120,2.730680227279663,3.1003804206848145,1.6848629713058472,0.3697001039981842,36.10416667,-94.0075,11,1,1,2.730680227279663
07083000,27,1.1737489700317383,2.646162509918213,1.674705982208252,1.4724136590957642,39.17221259,-106.3891926,11,0,1,1.1737489700317383
05451210,238,4.250247955322266,4.65930700302124,1.6476526260375977,0.409059077501297,42.31530556,-93.1521944,07,0,1,4.250247955322266
05330000,44,6.752651691436768,5.750750541687012,1.6343966722488403,-1.0019006729125977,44.6926832,-93.642001,07,0,1,6.752651691436768
06759910,30,4.176666736602783,5.427849292755127,1.616313099861145,1.2511829137802124,40.3575,-103.5280556,10,1,1,4.176666736602783
06754000,241,4.673450946807861,3.823704481124878,1.5978188514709473,-0.8497467041015625,40.4119253,-104.5627366,10,5,1,4.673450946807861
06734900,32,3.5403127670288086,1.9825611114501953,1.5577512979507446,-1.5577512979507446,40.37385556,-105.4738139,10,3,1,3.5403127670288086
07186480,41,1.9129266738891602,2.8442039489746094,1.5003710985183716,0.9312772750854492,37.1556146,-94.6030068,11,0,1,1.9129266738891602
06923150,37,2.5144593715667725,2.669895887374878,1.4927499294281006,0.15543638169765472,37.5944,-92.9668194,10,0,1,2.5144593715667725
385234087071801,24,4.186458110809326,5.163384914398193,1.4811983108520508,0.976926326751709,38.8761577,-87.1216775,05,2,1,4.186458110809326
03144289,31,4.389785289764404,3.7741920948028564,1.4336546659469604,-0.615592896938324,40.2270151,-81.9931914,05,0,1,4.389785289764404
06818000,37,4.821891784667969,5.076818943023682,1.4262173175811768,0.25492677092552185,39.75325,-94.8568333,10,3,1,4.821891784667969
07241550,157,5.7046709060668945,4.783241271972656,1.394469141960144,-0.9214300513267517,35.5003412,-97.1939194,11,0,1,5.7046709060668945
05331833,29,5.7448272705078125,5.758203029632568,1.3769670724868774,0.013375652022659779,46.1713687,-91.3293778,07,0,1,5.7448272705078125
03612600,111,2.9016215801239014,4.278527736663818,1.376906394958496,1.376906394958496,37.17921867,-89.058404,05,1,1,2.9016215801239014
06893150,47,5.474326133728027,4.492754936218262,1.3411210775375366,-0.9815711379051208,38.88941667,-94.5806667,10,0,1,5.474326133728027
05355250,34,7.264706134796143,6.652126312255859,1.239014983177185,-0.6125790476799011,44.56530556,-92.5424444,07,2,1,7.264706134796143
03303280,299,3.5398495197296143,3.7459750175476074,1.2193156480789185,0.20612525939941406,37.89950088,-86.70554179,05,7,1,3.5398495197296143
03290500,58,3.848850727081299,3.073529005050659,1.1507480144500732,-0.7753217220306396,38.43894162,-84.96326372,05,2,1,3.848850727081299
07056515,60,2.001138925552368,1.5636297464370728,1.1320801973342896,-0.437509149312973,35.94,-92.7133333,11,0,1,2.001138925552368
03010958,27,2.4037036895751953,3.251643657684326,1.0538856983184814,0.8479400873184204,41.9770076,-78.62474909,05,0,1,2.4037036895751953
07374000,135,3.702763319015503,4.65976095199585,1.0479588508605957,0.9569974541664124,30.44566667,-91.1915556,08,1,1,3.702763319015503
05464935,25,3.757999897003174,4.299459457397461,1.0286160707473755,0.541459321975708,41.45891465,-91.2112657,07,1,1,3.757999897003174
07048600,152,2.739342212677002,2.3792612552642822,1.011519432067871,-0.36008092761039734,36.07305556,-94.0811111,11,0,1,2.739342212677002
393306086585201,26,3.3019232749938965,2.518939971923828,1.0066286325454712,-0.7829830646514893,39.5517104,-86.9811239,05,1,1,3.3019232749938965
06208500,33,2.097777843475342,2.904710531234741,0.9497485756874084,0.8069326281547546,45.46571389,-108.8441056,10,0,1,2.097777843475342
06888500,35,3.0971429347991943,3.804485559463501,0.9475013613700867,0.7073428630828857,39.06472106,-96.1691605,10,0,1,3.0971429347991943
03024000,29,3.481034755706787,2.57060170173645,0.9398748278617859,-0.9104328751564026,41.43755525,-79.9558912,05,0,1,3.481034755706787
464500112195200,24,1.6095833778381348,0.8807929158210754,0.9151275753974915,-0.7287904620170593,46.75,-112.331111,10,0,1,1.6095833778381348
03474000,26,1.461538553237915,2.205512523651123,0.8713464140892029,0.7439738512039185,36.80733756,-81.6220617,06,0,1,1.461538553237915
03438500,35,2.385999917984009,3.1807639598846436,0.7947638630867004,0.7947638630867004,37.14866656,-88.3992047,05,0,1,2.385999917984009
06893830,49,4.09591817855835,3.5689878463745117,0.7448704838752747,-0.526930570602417,39.03777778,-94.3633333,10,0,1,4.09591817855835
03357330,32,3.4198436737060547,3.2465505599975586,0.7358427047729492,-0.17329320311546326,39.81625714,-86.753968,05,0,1,3.4198436737060547
322023090544500,169,3.700103521347046,3.7087628841400146,0.6913540363311768,0.008659359999001026,32.3397222,-90.9125,08,4,1,3.700103521347046
07049690,48,2.223750114440918,2.909149169921875,0.6876580119132996,0.6853992342948914,36.42090508,-93.8474187,11,1,1,2.223750114440918
401201105354701,25,2.628000259399414,3.117480516433716,0.6236080527305603,0.4894806742668152,40.20027778,-105.5963889,10,0,1,2.628000259399414
392200106120000,27,1.085925817489624,1.0585589408874512,0.6060625910758972,-0.027366872876882553,39.3643583,-106.215175,11,0,1,1.085925817489624
05553700,35,5.3342766761779785,5.006191730499268,0.539690375328064,-0.3280845880508423,41.3247564,-88.9839693,07,2,1,5.3342766761779785
07099200,119,2.6628153324127197,2.797562837600708,0.44695016741752625,0.13474808633327484,38.33722178,-104.93889055,11,1,1,2.6628153324127197
03039930,26,1.2461539506912231,1.4878426790237427,0.4357756972312927,0.24168874323368073,40.2281305,-79.0466946,05,0,1,1.2461539506912231
412229106144100,28,0.9287500381469727,1.0783978700637817,0.36274245381355286,0.14964796602725983,41.3747222,-106.2447222,10,0,1,0.9287500381469727
072632992,44,3.3194315433502197,3.2235541343688965,0.35313764214515686,-0.09587779641151428,34.8653675,-92.5398821,11,4,1,3.3194315433502197
454147113560900,28,0.5849999785423279,0.5485551953315735,0.20519518852233887,-0.036444783210754395,45.69638889,-113.9358333,10,0,1,0.5849999785423279
