station_id,mae_h2,mae_h2e,n_test_cells,true_doc_mean,pred_doc_mean,mae,bias,lat,lon,huc2,upstream_degree,downstream_degree,hist_doc_mean,improvement
383703104423901,18.203237533569336,12.37964153289795,19,22.416667938232425,5.2475762367248535,17.169090270996094,-17.169090270996094,38.6174977,-104.7113622,11,0,1,22.416667938232425,5.823596000671387
06208500,6.108067512512207,1.141141414642334,33,2.097777843475342,2.904710531234741,0.9497485756874084,0.8069326281547546,45.46571389,-108.8441056,10,0,1,2.097777843475342,4.966926097869873
351409097231801,8.571307182312012,3.7942495346069336,4,1.0794641971588137,5.679837226867676,4.600373268127441,4.600373268127441,35.2359005,-97.3886432,11,0,1,1.0794641971588137,4.777057647705078
06453000,3.850970506668091,1.2273790836334229,40,4.517500400543213,6.758234977722168,2.961199998855591,2.240734577178955,43.0649947,-98.5534157,10,1,1,4.517500400543213,2.623591423034668
06339800,9.096741676330566,6.858994960784912,37,19.62432289123535,14.391014099121094,8.098257064819336,-5.233309268951416,47.3427902,-102.617962,10,0,1,19.62432289123535,2.2377467155456543
07077500,5.54455041885376,3.5500640869140625,30,7.700333118438721,3.290850877761841,4.409482955932617,-4.409482955932617,35.2697222,-91.2363889,8,0,1,7.700333118438721,1.9944863319396973
05355250,3.127819299697876,1.164825201034546,34,7.264706134796143,6.652126312255859,1.239014983177185,-0.6125790476799011,44.56530556,-92.5424444,7,2,1,7.264706134796143,1.96299409866333
07241550,2.970161199569702,1.09689199924469,157,5.704670906066895,4.783241271972656,1.394469141960144,-0.9214300513267516,35.5003412,-97.1939194,11,0,1,5.704670906066895,1.8732692003250122
06352400,6.945678234100342,5.327722549438477,36,16.469444274902344,15.286250114440918,4.67980432510376,-1.1831945180892944,46.1013925,-101.9576462,10,0,1,16.469444274902344,1.6179556846618652
05331580,2.6219162940979004,1.1896679401397705,186,7.457965850830078,6.561270713806152,1.8025742769241333,-0.8966950178146362,44.7460861,-92.8478747,7,4,1,7.457965850830078,1.4322483539581299
03612600,2.0168442726135254,0.7926751971244812,111,2.9016215801239014,4.278527736663818,1.376906394958496,1.376906394958496,37.17921867,-89.058404,5,1,1,2.9016215801239014,1.2241690754890442
05553700,2.0021133422851562,0.9508915543556213,35,5.3342766761779785,5.006191730499268,0.539690375328064,-0.3280845880508423,41.3247564,-88.9839693,7,2,1,5.3342766761779785,1.051221787929535
07048800,2.3488008975982666,1.3196512460708618,120,2.730680227279663,3.1003804206848145,1.6848629713058472,0.3697001039981842,36.10416667,-94.0075,11,1,1,2.730680227279663,1.0291496515274048
06425900,5.06102991104126,4.302923202514648,21,13.78095245361328,10.460838317871094,6.021791934967041,-3.3201136589050293,44.07997827,-105.266931,10,0,1,13.78095245361328,0.7581067085266113
03366500,2.186812400817871,1.4592965841293335,36,5.166389465332031,3.123080253601074,2.0693845748901367,-2.04330849647522,38.8042145,-85.6738418,5,0,1,5.166389465332031,0.7275158166885376
03289500,3.0408973693847656,2.341953992843628,45,5.333333492279053,3.042567729949951,2.5384323596954346,-2.2907660007476807,38.26868254,-84.8146714,5,0,1,5.333333492279053,0.6989433765411377
05330000,2.3402693271636963,1.6444858312606812,44,6.752651691436768,5.750750541687012,1.6343966722488403,-1.0019006729125977,44.6926832,-93.642001,7,0,1,6.752651691436768,0.6957834959030151
06214500,1.6215602159500122,0.9559348225593567,49,2.658435344696045,3.908384323120117,1.944169998168945,1.2499489784240725,45.800119,-108.468031,10,2,1,2.658435344696045,0.6656253933906555
05532500,2.3986167907714844,1.7808012962341309,52,7.531089305877685,5.472594261169434,2.0649991035461426,-2.0584959983825684,41.82149167,-87.8220361,7,1,1,7.531089305877685,0.6178154945373535
06324500,2.0127785205841064,1.4182298183441162,89,5.277303218841553,10.560294151306152,5.552906036376953,5.2829909324646,45.0571972,-105.8783778,10,2,1,5.277303218841553,0.5945487022399902
03438500,0.8858575224876404,0.34617844223976135,35,2.385999917984009,3.180763959884644,0.7947638630867004,0.7947638630867004,37.14866656,-88.3992047,5,0,1,2.385999917984009,0.539679080247879
03290500,1.6136325597763062,1.083895206451416,58,3.848850727081299,3.073529005050659,1.1507480144500732,-0.7753217220306396,38.43894162,-84.96326372,5,2,1,3.848850727081299,0.5297373533248901
03010958,1.2520246505737305,0.7508501410484314,27,2.4037036895751958,3.251643657684326,1.0538856983184814,0.8479400873184204,41.9770076,-78.62474909,5,0,1,2.4037036895751958,0.5011745095252991
07099200,1.3791069984436035,0.9014598727226257,119,2.66281533241272,2.797562837600708,0.4469501674175262,0.1347480863332748,38.33722178,-104.93889055,11,1,1,2.66281533241272,0.4776471257209778
06279500,1.0439822673797607,0.5880299806594849,38,3.699561357498169,6.842137336730957,3.14257550239563,3.14257550239563,44.75852989,-108.1815559,10,2,1,3.699561357498169,0.4559522867202759
03354000,1.3442485332489014,0.8923720121383667,37,4.5632429122924805,2.633329391479492,2.009984970092773,-1.9299135208129885,39.4975388,-86.4005316,5,1,1,4.5632429122924805,0.45187652111053467
03209500,1.99087655544281,1.5808120965957642,31,3.703225612640381,2.917010545730591,1.6950801610946655,-0.7862148880958557,37.4642676,-82.5262632,5,1,1,3.703225612640381,0.4100644588470459
06324925,4.2873711585998535,3.8799779415130615,34,12.31764793395996,6.8707051277160645,5.917842864990234,-5.446942329406738,44.6475,-105.3102778,10,1,1,12.31764793395996,0.407393217086792
06923150,1.387600302696228,1.0269348621368408,37,2.5144593715667725,2.669895887374878,1.4927499294281006,0.1554363816976547,37.5944,-92.9668194,10,0,1,2.5144593715667725,0.3606654405593872
03460000,3.40700626373291,3.0605273246765137,72,4.4375,3.933049440383911,3.4879744052886963,-0.5044505000114441,35.6672222,-83.0727778,6,0,1,4.4375,0.3464789390563965
06734900,0.7997924089431763,0.48930856585502625,32,3.5403127670288086,1.9825611114501955,1.5577512979507446,-1.5577512979507446,40.37385556,-105.4738139,10,3,1,3.5403127670288086,0.31048384308815
06754000,1.1310478448867798,0.8235689401626587,241,4.673450946807861,3.823704481124878,1.5978188514709473,-0.8497467041015625,40.4119253,-104.5627366,10,5,1,4.673450946807861,0.3074789047241211
07186480,1.0850920677185059,0.8287688493728638,41,1.91292667388916,2.8442039489746094,1.5003710985183716,0.9312772750854492,37.1556146,-94.6030068,11,0,1,1.91292667388916,0.2563232183456421
06929315,1.5564807653427124,1.3089197874069214,38,1.6894736289978027,3.480032205581665,2.51106071472168,1.7905588150024414,37.5574361,-92.0492806,10,0,1,1.6894736289978027,0.24756097793579102
06126470,2.909127712249756,2.674666404724121,22,9.45909023284912,10.755539894104004,3.599676609039306,1.2964485883712769,46.38720278,-108.5418028,10,0,1,9.45909023284912,0.23446130752563477
06307600,2.654716968536377,2.434892177581787,32,9.040624618530272,10.435029983520508,3.548103809356689,1.394404649734497,45.29906389,-106.5081667,10,1,1,9.040624618530272,0.21982479095458984
05465500,1.6092332601547241,1.406514048576355,291,4.27794361114502,4.995376586914063,1.9181835651397705,0.7174327373504639,41.1780861,-91.1820917,7,3,1,4.27794361114502,0.20271921157836914
06818000,1.4535268545150757,1.2532870769500732,37,4.821891784667969,5.076818943023682,1.4262173175811768,0.2549267709255218,39.75325,-94.8568333,10,3,1,4.821891784667969,0.20023977756500244
05451210,1.498268723487854,1.3248770236968994,238,4.250247955322266,4.65930700302124,1.6476526260375977,0.409059077501297,42.31530556,-93.1521944,7,0,1,4.250247955322266,0.1733916997909546
07049690,0.4458426535129547,0.2792907655239105,48,2.223750114440918,2.909149169921875,0.6876580119132996,0.6853992342948914,36.42090508,-93.8474187,11,1,1,2.223750114440918,0.1665518879890442
385234087071801,0.814670741558075,0.6508893370628357,24,4.186458110809326,5.163384914398193,1.4811983108520508,0.976926326751709,38.8761577,-87.1216775,5,2,1,4.186458110809326,0.16378140449523926
401201105354701,0.6376465559005737,0.5184126496315002,25,2.628000259399414,3.117480516433716,0.6236080527305603,0.4894806742668152,40.20027778,-105.5963889,10,0,1,2.628000259399414,0.11923390626907349
03144289,1.541243076324463,1.4230290651321411,31,4.389785289764404,3.774192094802856,1.4336546659469604,-0.615592896938324,40.2270151,-81.9931914,5,0,1,4.389785289764404,0.11821401119232178
06888500,0.8863402009010315,0.7968564033508301,35,3.0971429347991943,3.804485559463501,0.9475013613700868,0.7073428630828857,39.06472106,-96.1691605,10,0,1,3.0971429347991943,0.08948379755020142
03024000,0.7261534929275513,0.6394870281219482,29,3.481034755706787,2.57060170173645,0.939874827861786,-0.9104328751564026,41.43755525,-79.9558912,5,0,1,3.481034755706787,0.08666646480560303
06877600,2.615903377532959,2.5303969383239746,20,7.84499979019165,4.358585357666016,3.486415386199951,-3.486415386199951,38.90638906,-97.1177952,10,0,1,7.84499979019165,0.08550643920898438
06765500,1.8023489713668823,1.7176849842071533,29,4.441723823547363,3.408149242401123,1.9821925163269043,-1.0335745811462402,41.11805396,-100.7732011,10,0,1,4.441723823547363,0.084663987159729
07056515,1.1818580627441406,1.1029192209243774,60,2.001138925552368,1.5636297464370728,1.1320801973342896,-0.437509149312973,35.94,-92.7133333,11,0,1,2.001138925552368,0.07893884181976318
06770500,3.3212225437164307,3.2496213912963867,22,6.270454406738281,7.6269612312316895,3.2478790283203125,1.356507420539856,40.87411667,-98.28219167,10,7,1,6.270454406738281,0.07160115242004395
464500112195200,0.8916003108024597,0.8595256805419922,24,1.6095833778381348,0.8807929158210754,0.9151275753974916,-0.7287904620170593,46.75,-112.331111,10,0,1,1.6095833778381348,0.03207463026046753
05331833,1.4336156845092773,1.42350172996521,29,5.7448272705078125,5.758203029632568,1.3769670724868774,0.0133756520226597,46.1713687,-91.3293778,7,0,1,5.7448272705078125,0.010113954544067383
392200106120000,0.5569537281990051,0.5500786900520325,27,1.085925817489624,1.0585589408874512,0.6060625910758972,-0.0273668728768825,39.3643583,-106.215175,11,0,1,1.085925817489624,0.006875038146972656
03039930,0.3269396424293518,0.3240194320678711,26,1.2461539506912231,1.487842679023743,0.4357756972312927,0.2416887432336807,40.2281305,-79.0466946,5,0,1,1.2461539506912231,0.002920210361480713
06364700,6.340157508850098,6.338952541351318,35,12.209999084472656,13.484379768371582,7.9680376052856445,1.274379014968872,43.4855256,-105.2280351,10,0,1,12.209999084472656,0.0012049674987792969
06893830,0.7864068746566772,0.7861270308494568,49,4.09591817855835,3.568987846374512,0.7448704838752747,-0.526930570602417,39.03777778,-94.3633333,10,0,1,4.09591817855835,0.000279843807220459
06893150,0.9060189127922058,0.9165109395980835,47,5.474326133728027,4.492754936218262,1.3411210775375366,-0.9815711379051208,38.88941667,-94.5806667,10,0,1,5.474326133728027,-0.010492026805877686
06296120,1.6037086248397827,1.6164438724517822,41,4.993902206420898,6.59266996383667,2.5726284980773926,1.5987675189971924,46.3980582,-105.8955602,10,2,1,4.993902206420898,-0.012735247611999512
454147113560900,0.2266017645597458,0.24179114401340485,28,0.5849999785423279,0.5485551953315735,0.2051951885223388,-0.0364447832107543,45.69638889,-113.9358333,10,0,1,0.5849999785423279,-0.015189379453659058
403245106404900,1.0326093435287476,1.0680415630340576,55,3.053787469863892,5.037574768066406,1.9856377840042116,1.9837877750396729,40.54581087,-106.6808768,10,0,1,3.053787469863892,-0.03543221950531006
03474000,1.997805118560791,2.0429441928863525,26,1.461538553237915,2.205512523651123,0.8713464140892029,0.7439738512039185,36.80733756,-81.6220617,6,0,1,1.461538553237915,-0.04513907432556152
07048600,0.9137558937072754,0.9620251059532166,152,2.739342212677002,2.3792612552642822,1.011519432067871,-0.3600809276103973,36.07305556,-94.0811111,11,0,1,2.739342212677002,-0.04826921224594116
03357330,0.7582334280014038,0.8086108565330505,32,3.4198436737060547,3.2465505599975586,0.7358427047729492,-0.1732932031154632,39.81625714,-86.753968,5,0,1,3.4198436737060547,-0.05037742853164673
322023090544500,0.5381652116775513,0.6072083711624146,169,3.700103521347046,3.708762884140015,0.6913540363311768,0.008659359999001,32.3397222,-90.9125,8,4,1,3.700103521347046,-0.06904315948486328
07083000,0.9547154307365417,1.0364497900009155,27,1.1737489700317385,2.646162509918213,1.674705982208252,1.4724136590957642,39.17221259,-106.3891926,11,0,1,1.1737489700317385,-0.08173435926437378
072632992,0.33775997161865234,0.4288080036640167,44,3.31943154335022,3.2235541343688965,0.3531376421451568,-0.0958777964115142,34.8653675,-92.5398821,11,4,1,3.31943154335022,-0.09104803204536438
05464935,0.7197042107582092,0.8325080871582031,25,3.757999897003174,4.299459457397461,1.0286160707473757,0.541459321975708,41.45891465,-91.2112657,7,1,1,3.757999897003174,-0.1128038763999939
06882000,1.9605886936187744,2.07559871673584,35,5.829285621643066,3.692483425140381,2.205987930297852,-2.136802196502685,40.04463611,-96.58738611,10,1,1,5.829285621643066,-0.11501002311706543
06307616,2.4554014205932617,2.575963020324707,30,7.466667175292969,6.015718460083008,2.629197359085083,-1.4509483575820925,45.41160556,-106.4573528,10,2,1,7.466667175292969,-0.12056159973144531
412229106144100,0.35188695788383484,0.48450976610183716,28,0.9287500381469728,1.0783978700637815,0.3627424538135528,0.1496479660272598,41.3747222,-106.2447222,10,0,1,0.9287500381469728,-0.13262280821800232
07257500,1.3003789186477661,1.4732855558395386,12,1.8576388359069824,3.635574579238892,2.2070868015289307,1.7779359817504885,35.46638889,-93.0411111,11,1,1,1.8576388359069824,-0.17290663719177246
07049187,1.0708749294281006,1.2569785118103027,119,2.3156723976135254,4.100698947906494,1.82685387134552,1.7850269079208374,36.250278,-94.026333,11,2,1,2.3156723976135254,-0.18610358238220215
03303280,0.9504474401473999,1.2096772193908691,299,3.5398495197296143,3.745975017547608,1.2193156480789185,0.206125259399414,37.89950088,-86.70554179,5,7,1,3.5398495197296143,-0.25922977924346924
05357225,1.7649857997894287,2.07063627243042,129,5.680140495300293,8.697319984436035,5.108528137207031,3.017179250717163,46.06138889,-89.6472222,7,0,1,5.680140495300293,-0.3056504726409912
06885500,1.944907546043396,2.3043134212493896,35,5.732856750488281,3.776158332824707,2.279461145401001,-1.956698656082153,39.68194349,-96.4427888,10,0,1,5.732856750488281,-0.35940587520599365
03373530,2.638429880142212,3.011950731277466,27,3.5351850986480717,3.720273733139038,2.4873692989349365,0.1850884109735489,38.6364393,-86.365253,5,0,1,3.5351850986480717,-0.3735208511352539
393306086585201,1.016933560371399,1.4445092678070068,26,3.3019232749938965,2.518939971923828,1.0066286325454712,-0.7829830646514893,39.5517104,-86.9811239,5,1,1,3.3019232749938965,-0.4275757074356079
06337470,3.4837646484375,4.258703708648682,20,15.671000480651855,16.99014663696289,4.044219970703125,1.319147706031799,47.60000966,-102.5110168,10,0,1,15.671000480651855,-0.7749390602111816
06336500,4.625298500061035,5.951152324676514,26,12.315384864807127,17.525707244873047,8.189043045043945,5.21032190322876,46.9899222,-104.1837667,10,0,1,12.315384864807127,-1.3258538246154785
07373420,0.6843951344490051,2.305518627166748,320,3.788262844085693,5.415186882019043,1.7251389026641846,1.6269237995147705,30.75851659,-91.3959464,8,2,1,3.788262844085693,-1.621123492717743
06759910,0.6121676564216614,6.363008975982666,30,4.176666736602783,5.427849292755127,1.616313099861145,1.2511829137802124,40.3575,-103.5280556,10,1,1,4.176666736602783,-5.750841319561005
07374000,1.8392689228057861,13.15954875946045,135,3.702763319015503,4.65976095199585,1.0479588508605957,0.9569974541664124,30.44566667,-91.1915556,8,1,1,3.702763319015503,-11.320279836654663
