model,mask,n_runs,test_cells,mae_mean,mae_sd_seeds,mae_min,mae_max,r2_mean,r2_sd_seeds,r2_min,r2_max,rmse_mean,rmse_sd_seeds,rmse_min,rmse_max,log_r2_mean,log_r2_sd_seeds,log_r2_min,log_r2_max,log_mae_mean,log_mae_sd_seeds,log_mae_min,log_mae_max,log_rmse_mean,log_rmse_sd_seeds,log_rmse_min,log_rmse_max
H1,e1_r20_seed42,5,6610,1.5663664579391479,0.016201927129348384,1.5532845258712769,1.5933936834335327,0.26260354847487366,0.02339195074082027,0.24141162453637732,0.29715365719464326,6.61192512512207,0.10531402585933443,6.45582389831543,6.706942081451416,0.7136650158958796,0.005613357088713062,0.705663095680825,0.7213778996816028,0.22513073682785034,0.003351891071388448,0.22061601281166077,0.22993391752243042,0.32532615661621095,0.0031881518549021796,0.3209269940853119,0.3298532962799072
H1,e1_r20_seed43,5,6610,1.4351636171340942,0.004988769874126234,1.4296895265579224,1.4412401914596558,0.5484439075812754,0.008205698998629789,0.5421233282334501,0.5620687839584144,3.2373395442962645,0.029542192559207998,3.1882312297821045,3.260026454925537,0.704498341935946,0.00167195875663633,0.7022915698560457,0.7068311031497387,0.22307505905628205,0.0018849897894388644,0.22136865556240082,0.22609063982963562,0.32380074858665464,0.0009161714001999699,0.3225211799144745,0.3250086009502411
H1,e1_r20_seed44,5,6610,1.5453864812850953,0.02015522005719923,1.5237330198287964,1.575523853302002,0.43170626148533986,0.023905252412642825,0.406324716457901,0.4647621453013431,4.500245094299316,0.09489566278280857,4.368178367614746,4.600461959838867,0.7129028345098611,0.004946079036867438,0.707198900102955,0.7201808914604526,0.2255691409111023,0.0029876471115748223,0.2230137288570404,0.22969603538513184,0.3266298234462738,0.002818013825886899,0.3224727213382721,0.3298683762550354
H1,e2a_strict,5,3184,1.2000428676605224,0.07434177098578637,1.1258041858673096,1.2929954528808594,0.26752865122187847,0.07537163768934485,0.16047154018503185,0.34147687410905103,1.7043243408203126,0.08713505554091196,1.6176927089691162,1.8265360593795776,0.3555626829738848,0.07156259592223213,0.28068661846651577,0.45107491239071407,0.24994555115699768,0.016381316452842687,0.22692561149597168,0.2668413817882538,0.333561372756958,0.01869483458065974,0.30823853611946106,0.35284948348999023
H1,e2b_partial,5,2547,1.158973717689514,0.07458394391290107,1.080554485321045,1.2526113986968994,0.2931571632472171,0.08215531663933652,0.17653563619359214,0.37523885162217474,1.6291910886764527,0.09408459985860097,1.5337203741073608,1.7608062028884888,0.3723671194681028,0.07452639052090942,0.2937978351868823,0.4708194656258957,0.2435877352952957,0.016360943459902764,0.22118109464645386,0.2607813775539398,0.3255132079124451,0.01952819640601588,0.2993243336677551,0.3457837700843811
H1,e3_spatial_seed42,5,5068,1.8180897235870361,0.04037313422649104,1.7725293636322021,1.865474820137024,0.31963390854901585,0.012796425049971171,0.30124885236391363,0.33285845881076104,3.2072107791900635,0.03010354600218219,3.175999879837036,3.2503695487976074,0.34559448888182875,0.009387217145085527,0.33144772948846135,0.35478241774671315,0.30226561427116394,0.00752282138899466,0.29381048679351807,0.31201818585395813,0.40240493416786194,0.002881231510514601,0.3995782434940338,0.40673956274986267
H1,e3_spatial_seed43,5,4004,2.3527854442596436,0.040851770965148824,2.3213374614715576,2.423530340194702,0.058489764570928915,0.002187961403299729,0.0564743345558959,0.06189372961368156,11.665048027038575,0.013559440745103882,11.643948554992676,11.677533149719238,0.4244950319466588,0.013799961518482238,0.4164375089915815,0.44884673577684997,0.345402854681015,0.005117303776330141,0.33784395456314087,0.3519902527332306,0.4571771800518036,0.0055239326809279204,0.44742634892463684,0.46039336919784546
H1,e3_spatial_seed44,5,4909,1.9080484867095948,0.0763156619813606,1.862911581993103,2.043917179107666,0.4216455236808499,0.024753166196872765,0.3807781323674133,0.443785772056032,3.693882179260254,0.07834663364904691,3.623140335083008,3.822849988937378,0.5652888659408479,0.026999048789653347,0.5210601900502869,0.5929524901193552,0.29490926265716555,0.010628522317750072,0.2870064675807953,0.3135616183280945,0.390548175573349,0.011993357339026534,0.37805983424186707,0.41008931398391724
H2,e1_r20_seed42,5,6610,1.4448224544525146,0.013200749656572587,1.4308278560638428,1.4667197465896606,0.2818955931440172,0.01601549377329898,0.2652454631929385,0.3061512515908533,6.525195693969726,0.07299946670949024,6.414368152618408,6.6007399559021,0.7575776753867357,0.005267250343272255,0.7514999119726578,0.7649734908806272,0.2030518263578415,0.002414017980402387,0.2012150138616562,0.20720139145851135,0.29933962225914,0.003257023327364716,0.2947520911693573,0.3030831217765808
H2,e1_r20_seed43,5,6610,1.3415004014968872,0.016752729994784898,1.318536639213562,1.364646077156067,0.5861460566102319,0.006166584540817574,0.5798175947296612,0.5924952075932214,3.09927978515625,0.023089333299263264,3.0754823684692383,3.122955560684204,0.7441128628628628,0.0027154626354054328,0.7412733553020574,0.7484007510005846,0.2046648621559143,0.002723649301405224,0.20202986896038055,0.20804522931575775,0.3013135015964508,0.0016016596511822727,0.2987816631793976,0.3029841184616089
H2,e1_r20_seed44,5,6610,1.4424513578414917,0.023649215979914873,1.4242559671401978,1.4838266372680664,0.4507958858927636,0.013290325562505033,0.4333010502757675,0.4660659224190783,4.424543762207032,0.053477529585370644,4.362855434417725,4.494725704193115,0.7468052666013959,0.006128992478479913,0.7361267300683416,0.7517423302237431,0.2070698022842407,0.00349067670495228,0.20428232848644257,0.21298816800117493,0.30673020482063296,0.003687204676081038,0.30374255776405334,0.31314972043037415
H2,e2a_strict,5,3184,1.2017190217971803,0.15247237721793883,1.0144708156585693,1.3861511945724487,0.28057897503143164,0.12317313711215855,0.12021241536225691,0.42363080385499696,1.6859172582626343,0.14412370260920912,1.5134249925613403,1.8698184490203857,0.3854166726656591,0.15410617363840756,0.20623450737122972,0.545970011608881,0.24888359308242797,0.035927214237076316,0.21091298758983612,0.2902895212173462,0.3241133511066437,0.04071275895933968,0.2803319990634918,0.370660662651062
H2,e2b_partial,5,2547,1.1549170732498169,0.15070091108036218,1.017993450164795,1.344304084777832,0.3112306189551344,0.1260952263845762,0.1449287080606898,0.43444604957441535,1.605080795288086,0.14582542796058479,1.4592381715774536,1.7942804098129272,0.4050164784810216,0.16345806008579647,0.21923060319662013,0.5726519491456454,0.24115860760211943,0.0371670402617857,0.20691509544849396,0.28400346636772156,0.3150008738040924,0.043453292352577035,0.2689867913722992,0.36358126997947693
H2,e3_spatial_seed42,5,5068,1.83189218044281,0.11281836290581787,1.7083367109298706,1.99629545211792,0.3035761997225792,0.039659012415678256,0.2629854290361998,0.3542341845424316,3.2438977718353272,0.09247265116356097,3.1247048377990723,3.3381781578063965,0.3254030025603408,0.05631264538667311,0.26028433761302716,0.3883043503991578,0.30468063354492186,0.018978033272372734,0.2810215651988983,0.32915911078453064,0.40828706622123717,0.017122530240219418,0.3890598714351654,0.4278397560119629
H2,e3_spatial_seed43,5,4004,2.3218774795532227,0.10863996399233779,2.188570261001587,2.4524569511413574,0.07591401935010678,0.0050106177962943215,0.06759360952469107,0.08061882065245507,11.556575202941895,0.031293268284286545,11.527152061462402,11.608519554138184,0.41455905116719755,0.045464592013160623,0.35398947550605087,0.46834182731765406,0.35135774612426757,0.01827054857432832,0.32455945014953613,0.37212806940078735,0.46085597276687623,0.017892329423645825,0.43944206833839417,0.484401136636734
H2,e3_spatial_seed44,5,4909,1.8663150072097778,0.030873810851098183,1.833605408668518,1.90422785282135,0.43793391245194935,0.028200414467987687,0.3883089850598078,0.45617212988401223,3.6412599086761475,0.09001784177661001,3.582571506500244,3.799532651901245,0.5708338181386323,0.014497283858227555,0.5604230046918766,0.5947455202396976,0.2918036460876465,0.00815736644012144,0.28286999464035034,0.3035552203655243,0.388150691986084,0.006609799364890123,0.37722623348236084,0.3928759694099426
H2X,e1_r20_seed42,5,6610,1.4246591329574585,0.01830075322302615,1.3975850343704224,1.447523593902588,0.2680434196614997,0.010546355370382081,0.2491824590639552,0.27298903107496675,6.588024425506592,0.04723670619530712,6.5658650398254395,6.672501564025879,0.7574335693318736,0.005424557856957213,0.74946689002897,0.7637538725535943,0.19899453222751617,0.0027571794573612728,0.1957976073026657,0.2027556151151657,0.2994278252124786,0.0033423921504424827,0.29551586508750916,0.304320365190506
H2X,e1_r20_seed43,5,6610,1.313087487220764,0.022566311467467355,1.2858113050460815,1.347900152206421,0.600662611405699,0.013898533305860298,0.5762876152884064,0.6092393009639605,3.0441449165344237,0.05243713385513499,3.0116348266601562,3.1360461711883545,0.7507307119931912,0.010508530255317795,0.732357331332997,0.7587166513435233,0.2012621730566025,0.0044281806710584765,0.1974685788154602,0.20871855318546295,0.29734339118003844,0.0061934484563969635,0.292592316865921,0.3081604838371277
H2X,e1_r20_seed44,5,6610,1.4318877696990966,0.014389422515897287,1.4158971309661865,1.4488160610198975,0.44482969570952735,0.003975076727476477,0.4407128698533046,0.4499896957678782,4.448748588562012,0.01593571489940804,4.428048610687256,4.465235710144043,0.7503646065081251,0.0037455548322447548,0.7462455781441428,0.7545084468590648,0.20531249642372132,0.002169643900026439,0.20164500176906586,0.20673435926437378,0.3045773506164551,0.00228510887843967,0.30204564332962036,0.3070867657661438
H2X,e2a_strict,5,3184,1.0015974283218383,0.03869341899735852,0.9621819257736206,1.0554981231689453,0.4098825548809148,0.02515526828373962,0.37973710878318456,0.4458187237635538,1.5310883522033691,0.03275863073235395,1.4840087890625,1.569995641708374,0.5355229711204442,0.0332850137950554,0.4996662529761463,0.5766231833851019,0.20677940249443055,0.01002111936522302,0.19491712749004364,0.22056633234024048,0.28339309692382814,0.010162210232384769,0.2707035541534424,0.29427969455718994
H2X,e2b_partial,5,2547,0.9455345869064331,0.02633727307927546,0.9148156046867371,0.9737716317176819,0.44737494378763787,0.032958690378832006,0.4197109258909252,0.4868424884805391,1.4419434547424317,0.0432489929558479,1.3899990320205688,1.4781256914138794,0.5724307758721352,0.02947265241431198,0.5240689852836584,0.5993815881193585,0.19527791440486908,0.0062319063951809675,0.18711034953594208,0.20445895195007324,0.26893194317817687,0.009148043141828044,0.2604387104511261,0.28386515378952026
H2X,e3_spatial_seed42,5,5068,1.5817945003509521,0.0640437537695411,1.4821094274520874,1.6387805938720703,0.3944985550363191,0.016235977736262137,0.37639552802984844,0.416614151111238,3.025504302978516,0.04061625348173874,2.96995210647583,3.070620059967041,0.48674720877679867,0.033020106330626506,0.437877373844031,0.525115557964311,0.2552600294351578,0.010134446121542028,0.24074511229991913,0.2651885151863098,0.3562349438667297,0.011401496599574498,0.3428014814853668,0.37296172976493835
H2X,e3_spatial_seed43,5,4004,2.143764305114746,0.09622582043572447,2.0056111812591553,2.242577075958252,0.0750206151506966,0.00479219814124989,0.0697852147005168,0.0801524619323084,11.562163352966309,0.029952746466169314,11.530076026916504,11.594869613647461,0.48706890980149103,0.053743720943635054,0.42772976019148023,0.556121821176939,0.31548519134521485,0.018542251874320848,0.28878968954086304,0.3350487947463989,0.4311561584472656,0.022683239376263174,0.40152931213378906,0.4559171795845032
H2X,e3_spatial_seed44,5,4909,1.6806647777557373,0.038101473867029056,1.627765417098999,1.7300561666488647,0.4980482495150597,0.024446174358249563,0.4692584362340827,0.5299920524149505,3.441055345535278,0.08398429502490322,3.3305559158325195,3.5392045974731445,0.64483714755599,0.019193021746617005,0.616993498026208,0.6705532530795553,0.2577130079269409,0.007279375954619898,0.24596992135047913,0.26599574089050293,0.35304107069969176,0.009529146922968057,0.34011876583099365,0.36672547459602356
