model,seed,mask,file,mae,r2,rmse,log_r2,log_mae,log_rmse,n
H1,0,e1_r20_seed42,H1f_directed_river,1.56877863407135,0.24268861243628514,6.701294898986816,0.7125621012416352,0.22579240798950195,0.32596462965011597,6610
H1,0,e1_r20_seed43,H1f_directed_river,1.4366252422332764,0.5424908742370416,3.2587177753448486,0.7022915698560457,0.223652184009552,0.3250086009502411,6610
H1,0,e1_r20_seed44,H1f_directed_river,1.5305845737457275,0.4382141267176538,4.475199222564697,0.7139800066967021,0.2230137288570404,0.32602620124816895,6610
H1,0,e2a_strict,H1f_directed_river,1.12770676612854,0.3319675009589641,1.6293309926986694,0.45107491239071407,0.22692561149597168,0.30823853611946106,3184
H1,0,e2b_partial,H1f_directed_river,1.089585304260254,0.362818109016137,1.5488910675048828,0.4708194656258957,0.22118109464645386,0.2993243336677551,2547
H1,0,e3_spatial_seed42,H1f_directed_river,1.8528732061386108,0.3233229729598841,3.1986167430877686,0.34248618210190906,0.3074673116207123,0.4033677577972412,5068
H1,0,e3_spatial_seed43,H1f_directed_river,2.333012104034424,0.06189372961368156,11.643948554992676,0.44884673577684997,0.33784395456314087,0.44742634892463684,4004
H1,0,e3_spatial_seed44,H1f_directed_river,2.043917179107666,0.3807781323674133,3.822849988937378,0.5210601900502869,0.3135616183280945,0.41008931398391724,4909
H1,1,e1_r20_seed42,H1_directed_river_s1,1.5933936834335327,0.24141162453637732,6.706942081451416,0.705663095680825,0.22993391752243042,0.3298532962799072,6610
H1,1,e1_r20_seed43,H1_directed_river_s1,1.4296895265579224,0.5421233282334501,3.260026454925537,0.7037764678155694,0.22234992682933807,0.32419705390930176,6610
H1,1,e1_r20_seed44,H1_directed_river_s1,1.546454668045044,0.4388631474641709,4.472613334655762,0.7135361191070786,0.22424794733524323,0.3262791037559509,6610
H1,1,e2a_strict,H1_directed_river_s1,1.2929954528808594,0.16047154018503185,1.8265360593795776,0.28068661846651577,0.2668413817882538,0.35284948348999023,3184
H1,1,e2b_partial,H1_directed_river_s1,1.2526113986968994,0.17653563619359214,1.7608062028884888,0.2937978351868823,0.2607813775539398,0.3457837700843811,2547
H1,1,e3_spatial_seed42,H1_directed_river_s1,1.7871583700180054,0.30124885236391363,3.2503695487976074,0.35478241774671315,0.29381048679351807,0.3995782434940338,5068
H1,1,e3_spatial_seed43,H1_directed_river_s1,2.335949659347534,0.05757110917448993,11.670743942260742,0.41769607858772284,0.3468690514564514,0.45989662408828735,4004
H1,1,e3_spatial_seed44,H1_directed_river_s1,1.862911581993103,0.443785772056032,3.623140335083008,0.5929524901193552,0.2870064675807953,0.37805983424186707,4909
H1,2,e1_r20_seed42,H1_directed_river_s2,1.5602853298187256,0.2738764726878702,6.561856269836426,0.7147700288182135,0.22520259022712708,0.32471027970314026,6610
H1,2,e1_r20_seed43,H1_directed_river_s2,1.4412401914596558,0.5620687839584144,3.1882312297821045,0.7050891365575226,0.22609063982963562,0.32347792387008667,6610
H1,2,e1_r20_seed44,H1_directed_river_s2,1.575523853302002,0.406324716457901,4.600461959838867,0.707198900102955,0.22969603538513184,0.3298683762550354,6610
H1,2,e2a_strict,H1_directed_river_s2,1.252202033996582,0.22787594671169875,1.75167715549469,0.29450785410243596,0.26350387930870056,0.34944310784339905,3184
H1,2,e2b_partial,H1_directed_river_s2,1.2089881896972656,0.2511977713835084,1.6790852546691895,0.31110607867351237,0.2567746043205261,0.3415201008319855,2547
H1,2,e3_spatial_seed42,H1_directed_river_s2,1.7725293636322021,0.3283509571832971,3.186710834503174,0.3532148124441288,0.29660850763320923,0.40006333589553833,5068
H1,2,e3_spatial_seed43,H1_directed_river_s2,2.423530340194702,0.05712667514637437,11.673495292663574,0.4164375089915815,0.3519902527332306,0.46039336919784546,4004
H1,2,e3_spatial_seed44,H1_directed_river_s2,1.8838104009628296,0.4357536267515739,3.64920711517334,0.5731187896087109,0.2916542887687683,0.38716092705726624,4909
H1,3,e1_r20_seed42,H1_directed_river_s3,1.5532845258712769,0.29715365719464326,6.45582389831543,0.7213778996816028,0.22061601281166077,0.3209269940853119,6610
H1,3,e1_r20_seed43,H1_directed_river_s3,1.4378994703292847,0.5458453298386758,3.2467494010925293,0.7045034323008532,0.22136865556240082,0.3237989842891693,6610
H1,3,e1_r20_seed44,H1_directed_river_s3,1.5506362915039062,0.4103671714856303,4.58477258682251,0.7096182551821174,0.22772060334682465,0.32850271463394165,6610
H1,3,e2a_strict,H1_directed_river_s3,1.2015058994293213,0.27585139414464654,1.6963847875595093,0.3511622281874973,0.2510524094104767,0.3351185619831085,3184
H1,3,e2b_partial,H1_directed_river_s3,1.163129210472107,0.29999544802067313,1.6234525442123413,0.36354550955199905,0.2454041689634323,0.32826438546180725,2547
H1,3,e3_spatial_seed42,H1_directed_river_s3,1.8124128580093384,0.3123883014272234,3.2243568897247314,0.33144772948846135,0.301423579454422,0.40673956274986267,5068
H1,3,e3_spatial_seed43,H1_directed_river_s3,2.3213374614715576,0.0564743345558959,11.677533149719238,0.41724530343576194,0.3441695272922516,0.46007460355758667,4004
H1,3,e3_spatial_seed44,H1_directed_river_s3,1.8752957582473755,0.41759751503439524,3.707453727722168,0.5627686243311192,0.2923490107059479,0.3918263614177704,4909
H1,4,e1_r20_seed42,H1_directed_river_s4,1.5560901165008545,0.2578873755191924,6.633708477020264,0.7139519540571213,0.2241087555885315,0.32517558336257935,6610
H1,4,e1_r20_seed43,H1_directed_river_s4,1.430363655090332,0.5496912216387948,3.2329728603363037,0.7068311031497387,0.2219138890504837,0.3225211799144745,6610
H1,4,e1_r20_seed44,H1_directed_river_s4,1.5237330198287964,0.4647621453013431,4.368178367614746,0.7201808914604526,0.22316738963127136,0.3224727213382721,6610
H1,4,e2a_strict,H1_directed_river_s4,1.1258041858673096,0.34147687410905103,1.6176927089691162,0.4003818017222609,0.2414044737815857,0.3221571743488312,3184
H1,4,e2b_partial,H1_directed_river_s4,1.080554485321045,0.37523885162217474,1.5337203741073608,0.42256670830222465,0.23379743099212646,0.3126734495162964,2547
H1,4,e3_spatial_seed42,H1_directed_river_s4,1.865474820137024,0.33285845881076104,3.175999879837036,0.3460413026279314,0.31201818585395813,0.40227577090263367,5068
H1,4,e3_spatial_seed43,H1_directed_river_s4,2.35009765625,0.05938297436420281,11.65951919555664,0.42224953294137735,0.3461414873600006,0.4580949544906616,4004
H1,4,e3_spatial_seed44,H1_directed_river_s4,1.8743075132369995,0.4303125721948349,3.666759729385376,0.5765442355947674,0.2899749279022217,0.3856044411659241,4909
H2,0,e1_r20_seed42,H2f_transport_river,1.44279944896698,0.27270974727566744,6.567126274108887,0.7572552615071519,0.20189110934734344,0.2995527982711792,6610
H2,0,e1_r20_seed43,H2f_transport_river,1.364646077156067,0.5798175947296612,3.122955560684204,0.7432229702664395,0.20708635449409485,0.3018403947353363,6610
H2,0,e1_r20_seed44,H2f_transport_river,1.4838266372680664,0.4333010502757675,4.494725704193115,0.7361267300683416,0.21298816800117493,0.31314972043037415,6610
H2,0,e2a_strict,H2f_transport_river,1.319879412651062,0.1888799531361791,1.7953664064407349,0.23995187220617686,0.2814522981643677,0.3627028167247772,3184
H2,0,e2b_partial,H2f_transport_river,1.2847763299942017,0.21307550460778435,1.7212965488433838,0.24659436469210327,0.27667665481567383,0.35715317726135254,2547
H2,0,e3_spatial_seed42,H2f_transport_river,1.99629545211792,0.2633733695411138,3.3372995853424072,0.26028433761302716,0.32915911078453064,0.4278397560119629,5068
H2,0,e3_spatial_seed43,H2f_transport_river,2.4092588424682617,0.07540960022862164,11.559762954711914,0.40869916724316313,0.36175546050071716,0.4634358286857605,4004
H2,0,e3_spatial_seed44,H2f_transport_river,1.852226972579956,0.44227845516640907,3.6280465126037598,0.5947455202396976,0.28286999464035034,0.37722623348236084,4909
H2,1,e1_r20_seed42,H2_transport_river_s1,1.442283272743225,0.28880097477460565,6.4940714836120605,0.7601408047797348,0.201881542801857,0.2977670431137085,6610
H2,1,e1_r20_seed43,H2_transport_river_s1,1.3352962732315063,0.5800435301159088,3.1221158504486084,0.744857898664055,0.20202986896038055,0.3008779287338257,6610
H2,1,e1_r20_seed44,H2_transport_river_s1,1.4378539323806763,0.4536572464943398,4.413260459899902,0.7482339908021224,0.20599041879177094,0.3058812618255615,6610
H2,1,e2a_strict,H2_transport_river_s1,1.1034257411956787,0.3438755577234618,1.6147438287734985,0.5027328825487353,0.21867552399635315,0.29337647557258606,3184
H2,1,e2b_partial,H2_transport_river_s1,1.0267196893692017,0.40585804097473865,1.4956648349761963,0.5355497132100308,0.207214817404747,0.2804204821586609,2547
H2,1,e3_spatial_seed42,H2_transport_river_s1,1.7083367109298706,0.3167516890195504,3.2141101360321045,0.3883043503991578,0.2810215651988983,0.3890598714351654,5068
H2,1,e3_spatial_seed43,H2_transport_river_s1,2.4524569511413574,0.06759360952469107,11.608519554138184,0.35398947550605087,0.37212806940078735,0.484401136636734,4004
H2,1,e3_spatial_seed44,H2_transport_river_s1,1.8938606977462769,0.3883089850598078,3.799532651901245,0.5609294919710224,0.2854835093021393,0.3926495611667633,4909
H2,2,e1_r20_seed42,H2_transport_river_s2,1.4414819478988647,0.2765705288860212,6.549672603607178,0.7540189077935072,0.20307007431983948,0.30154305696487427,6610
H2,2,e1_r20_seed43,H2_transport_river_s2,1.318536639213562,0.5924952075932214,3.0754823684692383,0.7484007510005846,0.20262053608894348,0.2987816631793976,6610
H2,2,e1_r20_seed44,H2_transport_river_s2,1.4242559671401978,0.44156419569765815,4.461835861206055,0.7484560215606377,0.20428232848644257,0.3057463467121124,6610
H2,2,e2a_strict,H2_transport_river_s2,1.3861511945724487,0.12021241536225691,1.8698184490203857,0.20623450737122972,0.2902895212173462,0.370660662651062,3184
H2,2,e2b_partial,H2_transport_river_s2,1.344304084777832,0.1449287080606898,1.7942804098129272,0.21923060319662013,0.28400346636772156,0.36358126997947693,2547
H2,2,e3_spatial_seed42,H2_transport_river_s2,1.7580232620239258,0.3542341845424316,3.1247048377990723,0.38078480911132495,0.2943685054779053,0.3914439082145691,5068
H2,2,e3_spatial_seed43,H2_transport_river_s2,2.303738832473755,0.07837342977893758,11.541220664978027,0.39266406142326604,0.3550054132938385,0.469677597284317,4004
H2,2,e3_spatial_seed44,H2_transport_river_s2,1.847654104232788,0.4522528227548275,3.5954577922821045,0.5637455881537498,0.2945997416973114,0.3913883566856384,4909
H2,3,e1_r20_seed42,H2_transport_river_s3,1.4667197465896606,0.2652454631929385,6.6007399559021,0.7514999119726578,0.20720139145851135,0.3030831217765808,6610
H2,3,e1_r20_seed43,H2_transport_river_s3,1.343300223350525,0.5863576017913514,3.0985562801361084,0.7428093390811776,0.2035423219203949,0.30208340287208557,6610
H2,3,e1_r20_seed44,H2_transport_river_s3,1.4335875511169434,0.4660659224190783,4.362855434417725,0.7517423302237431,0.2072000801563263,0.30374255776405334,6610
H2,3,e2a_strict,H2_transport_river_s3,1.184667944908142,0.3262961450802635,1.636232614517212,0.43219408959327277,0.24308763444423676,0.31349480152130127,3184
H2,3,e2b_partial,H2_transport_river_s3,1.1007918119430542,0.3578447915580437,1.5549240112304688,0.45105576216070853,0.23098300397396088,0.3048626482486725,2547
H2,3,e3_spatial_seed42,H2_transport_river_s3,1.812238335609436,0.2629854290361998,3.3381781578063965,0.2969419188851615,0.3013548254966736,0.41710397601127625,5068
H2,3,e3_spatial_seed43,H2_transport_river_s3,2.2553625106811523,0.08061882065245507,11.527152061462402,0.4491007243458536,0.34334033727645874,0.4473232328891754,4004
H2,3,e3_spatial_seed44,H2_transport_river_s3,1.90422785282135,0.45617212988401223,3.582571506500244,0.5604230046918766,0.3035552203655243,0.3928759694099426,4909
H2,4,e1_r20_seed42,H2_transport_river_s4,1.4308278560638428,0.3061512515908533,6.414368152618408,0.7649734908806272,0.2012150138616562,0.2947520911693573,6610
H2,4,e1_r20_seed43,H2_transport_river_s4,1.3457227945327759,0.5920163488210165,3.077288866043091,0.7412733553020574,0.20804522931575775,0.3029841184616089,6610
H2,4,e1_r20_seed44,H2_transport_river_s4,1.4327327013015747,0.4593910145769742,4.390041351318359,0.7494672603521344,0.2048880159854889,0.30513113737106323,6610
H2,4,e2a_strict,H2_transport_river_s4,1.0144708156585693,0.42363080385499696,1.5134249925613403,0.545970011608881,0.21091298758983612,0.2803319990634918,3184
H2,4,e2b_partial,H2_transport_river_s4,1.017993450164795,0.43444604957441535,1.4592381715774536,0.5726519491456454,0.20691509544849396,0.2689867913722992,2547
H2,4,e3_spatial_seed42,H2_transport_river_s4,1.884567141532898,0.3205363264736004,3.2051961421966553,0.30069959679303293,0.31749916076660156,0.4159878194332123,5068
H2,4,e3_spatial_seed43,H2_transport_river_s4,2.188570261001587,0.07757463656582853,11.546220779418945,0.46834182731765406,0.32455945014953613,0.43944206833839417,4004
H2,4,e3_spatial_seed44,H2_transport_river_s4,1.833605408668518,0.45065716939469014,3.600691080093384,0.5743254856368154,0.2925097644329071,0.3866133391857147,4909
H2X,0,e1_r20_seed42,H2Xf_transport_enc_river,1.4237468242645264,0.272357114605299,6.568717956542969,0.7569151922003579,0.19888615608215332,0.2997625470161438,6610
H2X,0,e1_r20_seed43,H2Xf_transport_enc_river,1.347900152206421,0.5762876152884064,3.1360461711883545,0.732357331332997,0.20871855318546295,0.3081604838371277,6610
H2X,0,e1_r20_seed44,H2Xf_transport_enc_river,1.4158971309661865,0.44330915176277297,4.454859733581543,0.7536725020471255,0.20164500176906586,0.3025594651699066,6610
H2X,0,e2a_strict,H2Xf_transport_enc_river,1.01445472240448,0.42252766717425516,1.514872670173645,0.5450054013082307,0.20855927467346191,0.28062963485717773,3184
H2X,0,e2b_partial,H2Xf_transport_enc_river,0.9380256533622742,0.4791959269662921,1.4003169536590576,0.5903711462045002,0.19515973329544067,0.2633512318134308,2547
H2X,0,e3_spatial_seed42,H2Xf_transport_enc_river,1.637770414352417,0.396824087587892,3.0199062824249268,0.437877373844031,0.2651885151863098,0.37296172976493835,5068
H2X,0,e3_spatial_seed43,H2Xf_transport_enc_river,2.119093656539917,0.0801524619323084,11.530076026916504,0.5150746328538998,0.31027787923812866,0.41968438029289246,4004
H2X,0,e3_spatial_seed44,H2Xf_transport_enc_river,1.627765417098999,0.5299920524149505,3.3305559158325195,0.6705532530795553,0.24596992135047913,0.34011876583099365,4909
H2X,1,e1_r20_seed42,H2X_transport_enc_river_s1,1.4213069677352905,0.27298903107496675,6.5658650398254395,0.7609322764989778,0.197045236825943,0.2972753643989563,6610
H2X,1,e1_r20_seed43,H2X_transport_enc_river_s1,1.3049159049987793,0.6021898062964327,3.0386791229248047,0.7529439537291035,0.19957812130451202,0.29607176780700684,6610
H2X,1,e1_r20_seed44,H2X_transport_enc_river_s1,1.4488160610198975,0.4407128698533046,4.465235710144043,0.7462455781441428,0.2066582292318344,0.3070867657661438,6610
H2X,1,e2a_strict,H2X_transport_enc_river_s1,0.9621819257736206,0.4458187237635538,1.4840087890625,0.5766231833851019,0.19491712749004364,0.2707035541534424,3184
H2X,1,e2b_partial,H2X_transport_enc_river_s1,0.9148156046867371,0.4868424884805391,1.3899990320205688,0.5993815881193585,0.18711034953594208,0.2604387104511261,2547
H2X,1,e3_spatial_seed42,H2X_transport_enc_river_s1,1.5746872425079346,0.40162792274427384,3.007856845855713,0.5038713670102257,0.255228191614151,0.35038530826568604,5068
H2X,1,e3_spatial_seed43,H2X_transport_enc_river_s1,2.0056111812591553,0.07958425599745633,11.533636093139648,0.556121821176939,0.28878968954086304,0.40152931213378906,4004
H2X,1,e3_spatial_seed44,H2X_transport_enc_river_s1,1.7300561666488647,0.4692584362340827,3.5392045974731445,0.616993498026208,0.26599574089050293,0.36672547459602356,4909
H2X,2,e1_r20_seed42,H2X_transport_enc_river_s2,1.3975850343704224,0.27288721965284135,6.566324710845947,0.7637538725535943,0.1957976073026657,0.29551586508750916,6610
H2X,2,e1_r20_seed43,H2X_transport_enc_river_s2,1.3160569667816162,0.6092393009639605,3.0116348266601562,0.7538045793297456,0.20162418484687805,0.29555565118789673,6610
H2X,2,e1_r20_seed44,H2X_transport_enc_river_s2,1.435122013092041,0.44800139007671946,4.436045169830322,0.7503540416604839,0.20673435926437378,0.3045906722545624,6610
H2X,2,e2a_strict,H2X_transport_enc_river_s2,1.0554981231689453,0.3999046824459025,1.5442607402801514,0.5030772062577651,0.22056633234024048,0.2932748794555664,3184
H2X,2,e2b_partial,H2X_transport_enc_river_s2,0.9737716317176819,0.4197109258909252,1.4781256914138794,0.5805481032231583,0.19623228907585144,0.2664901614189148,2547
H2X,2,e3_spatial_seed42,H2X_transport_enc_river_s2,1.5756248235702515,0.3810310857083432,3.0591862201690674,0.49307309235915786,0.2508273124694824,0.354177862405777,5068
H2X,2,e3_spatial_seed43,H2X_transport_enc_river_s2,2.242577075958252,0.074706606039313,11.564156532287598,0.42772976019148023,0.3350487947463989,0.4559171795845032,4004
H2X,2,e3_spatial_seed44,H2X_transport_enc_river_s2,1.7001535892486572,0.48104049842808283,3.4997003078460693,0.6449739104521709,0.2591733932495117,0.35307595133781433,4909
H2X,3,e1_r20_seed42,H2X_transport_enc_river_s3,1.4331332445144653,0.2728012739104364,6.566712856292725,0.7560996153774675,0.20048804581165314,0.30026498436927795,6610
H2X,3,e1_r20_seed43,H2X_transport_enc_river_s3,1.2858113050460815,0.6084354404782721,3.014730930328369,0.7587166513435233,0.1974685788154602,0.292592316865921,6610
H2X,3,e1_r20_seed44,H2X_transport_enc_river_s3,1.4413515329360962,0.4421353710869612,4.4595537185668945,0.7470424638298079,0.20651786029338837,0.30660420656204224,6610
H2X,3,e2a_strict,H2X_transport_enc_river_s3,1.0101830959320068,0.37973710878318456,1.569995641708374,0.4996662529761463,0.2104438692331314,0.29427969455718994,3184
H2X,3,e2b_partial,H2X_transport_enc_river_s3,0.972062885761261,0.4201778856493913,1.477530837059021,0.5240689852836584,0.20445895195007324,0.28386515378952026,2547
H2X,3,e3_spatial_seed42,H2X_transport_enc_river_s3,1.6387805938720703,0.37639552802984844,3.070620059967041,0.47379865270626786,0.2643110156059265,0.3608483374118805,5068
H2X,3,e3_spatial_seed43,H2X_transport_enc_river_s3,2.228353261947632,0.0697852147005168,11.594869613647461,0.4384735773828299,0.3310524523258209,0.45161721110343933,4004
H2X,3,e3_spatial_seed44,H2X_transport_enc_river_s3,1.6782209873199463,0.5138061811523418,3.387418508529663,0.6416551511392175,0.2595256567001343,0.35472235083580017,4909
H2X,4,e1_r20_seed42,H2X_transport_enc_river_s4,1.447523593902588,0.2491824590639552,6.672501564025879,0.74946689002897,0.2027556151151657,0.304320365190506,6610
H2X,4,e1_r20_seed43,H2X_transport_enc_river_s4,1.3107531070709229,0.6071608940014231,3.0196335315704346,0.7558310442305867,0.19892142713069916,0.29433673620224,6610
H2X,4,e1_r20_seed44,H2X_transport_enc_river_s4,1.4182521104812622,0.4499896957678782,4.428048610687256,0.7545084468590648,0.20500703155994415,0.30204564332962036,6610
H2X,4,e2a_strict,H2X_transport_enc_river_s4,0.9656692743301392,0.401424592237678,1.5423039197921753,0.553242811674977,0.19941040873527527,0.27807772159576416,3184
H2X,4,e2b_partial,H2X_transport_enc_river_s4,0.9289971590042114,0.43094749195104143,1.4637447595596313,0.5677840565300005,0.19342824816703796,0.27051445841789246,2547
H2X,4,e3_spatial_seed42,H2X_transport_enc_river_s4,1.4821094274520874,0.416614151111238,2.96995210647583,0.525115557964311,0.24074511229991913,0.3428014814853668,5068
H2X,4,e3_spatial_seed43,H2X_transport_enc_river_s4,2.1231863498687744,0.07087453708388847,11.588078498840332,0.49794475740230626,0.31225714087486267,0.4270327091217041,4004
H2X,4,e3_spatial_seed44,H2X_transport_enc_river_s4,1.6671277284622192,0.4961440793458408,3.448397397994995,0.6500099250827982,0.25790032744407654,0.35056281089782715,4909
