model,scenario,huc2,n_stations,n_rows_station_mask,n_cells,mae_station_equal,mae_cell_weighted,rmse_station_equal,rmse_cell_weighted,r2_station_equal,median_station_mae,stations_with_r2,min_coverage,mean_coverage
B0_station_mean,E1,5,75,224,2488,1.0528423944004695,0.9332330415428014,1.7145627953761524,2.331016432704432,-0.1290150872753121,0.8320983952212389,35,1.0,1.0
B0_station_mean,E1,6,12,36,469,1.5658126331228999,1.022914617181614,2.3520741139989543,2.4261027466012126,-0.21780389856831045,0.6619342568505444,5,1.0,1.0
B0_station_mean,E1,7,93,278,3766,1.7476731855802596,1.347849013760557,2.643337942020456,3.20286740330487,-0.18928007539173267,1.1320077326999398,53,1.0,1.0
B0_station_mean,E1,8,28,84,1877,1.4372421334515941,1.1620021869483388,1.885887666799475,1.9058686035064394,-0.11528856703066444,1.306477990656989,19,1.0,1.0
B0_station_mean,E1,10,262,783,7604,2.356568647519827,1.9423275982466368,3.5777709771319217,7.24680070949667,-0.15322537183272822,1.2068089342090798,99,1.0,1.0
B0_station_mean,E1,11,100,291,3626,1.285392625688454,1.1287164419389075,1.8660897680931956,2.5792178342335292,-0.09377371490303688,1.0509501952924056,49,1.0,1.0
B0_station_mean,E1_r40,5,75,225,5085,1.0536608372519365,0.9312073965203437,1.7375336910503776,2.2112669742031454,-0.199238614276956,0.8608510759973884,69,1.0,1.0
B0_station_mean,E1_r40,6,12,36,937,1.4833214808144755,0.9544221876016764,2.207543163298087,2.32420237310759,-0.10675899945280184,0.654590090135486,11,1.0,1.0
B0_station_mean,E1_r40,7,93,278,7473,1.7865398342778362,1.4240212551999842,2.8075012132649557,4.012999717065991,-0.18847929862775126,1.1348100569811521,85,1.0,1.0
B0_station_mean,E1_r40,8,28,84,3743,1.5173847047657285,1.2227002855721956,2.0923416335617655,2.060025578230701,-0.08317297182133895,1.3375273282602105,26,1.0,1.0
B0_station_mean,E1_r40,10,262,785,15200,2.4088366705045288,1.9598433803619666,3.8806854984079036,8.02846242785437,-0.21175238089709955,1.2707237683072645,233,1.0,1.0
B0_station_mean,E1_r40,11,100,299,7219,1.2767136442037226,1.1044393078706778,1.8430651495272792,2.27324999417575,-0.14446630488830864,1.1243344077709594,79,1.0,1.0
B0_station_mean,E1_r60,5,75,225,7654,1.0282603461103994,0.9269117279863162,1.7012535360414955,2.129364678835952,-0.15267252551310848,0.9243595605118503,74,1.0,1.0
B0_station_mean,E1_r60,6,12,36,1420,1.5234704754420052,0.9713588531237696,2.204305241643907,2.305406573092711,-0.381263092324809,0.7063061418538992,12,1.0,1.0
B0_station_mean,E1_r60,7,93,279,11096,1.8046751918857376,1.4262566036433353,2.8852247655283225,3.92741184124526,-0.16092252861716444,1.0853743389636001,90,1.0,1.0
B0_station_mean,E1_r60,8,28,84,5608,1.5000918797484588,1.1967264739956307,2.063464219785922,1.9982705670420002,-0.1302823769741637,1.3514775794349727,28,1.0,1.0
B0_station_mean,E1_r60,10,262,786,22897,2.3847113087028355,1.9652071846614236,3.870353584751915,7.778421062290296,-0.21191079367078453,1.3051738073162154,257,1.0,1.0
B0_station_mean,E1_r60,11,100,300,10812,1.313069956141815,1.1231632343732674,1.8850836813006198,2.3216447749410203,-0.23803337635463892,1.1300298717410606,91,1.0,1.0
B0_station_mean,E2a,5,8,8,326,1.0435635199423232,0.8108293860115849,1.1433203842406274,1.0571146095153447,-1.0854238924169928,0.6460571699759603,7,1.0,1.0
B0_station_mean,E2a,6,2,2,115,0.3517613695600939,0.36745550269897004,0.4347396078131334,0.47446231183646653,-0.2250332645666483,0.3517613695600939,2,1.0,1.0
B0_station_mean,E2a,7,21,21,599,0.8737903423917269,1.0752989094177623,0.9884514321996006,1.4189710890602338,-2.185801603355727,0.640527946825305,15,1.0,1.0
B0_station_mean,E2a,8,14,14,537,1.1770265577162335,1.1309032598256556,1.4284662565706472,1.7252899117128262,-0.23933101798044457,0.8710165867526111,11,1.0,1.0
B0_station_mean,E2a,10,49,49,840,2.221655293099899,1.406270305482568,2.352522327118458,2.183183238712743,-3.248172923287658,0.6905823839904919,20,1.0,1.0
B0_station_mean,E2a,11,45,45,767,0.9939779043322473,1.149644042185501,1.1980901398530825,1.7406271495591994,-0.5515566783398098,0.7354226146087527,23,1.0,1.0
B0_station_mean,E2b,5,8,8,262,1.0308477074925237,0.8018611505480046,1.1279772375731918,1.0337440334409926,-1.2794212953167239,0.6592383488269982,7,1.0,1.0
B0_station_mean,E2b,6,2,2,90,0.3569089318654955,0.38705067009947275,0.4385599170772353,0.5007391885218856,-0.17857516500458537,0.3569089318654955,2,1.0,1.0
B0_station_mean,E2b,7,21,21,491,0.8573452242147923,1.074017070844728,0.971393611602554,1.4327635814423707,-2.426238438712746,0.6607908818444432,13,1.0,1.0
B0_station_mean,E2b,8,14,14,445,1.133881112051055,1.117866506969911,1.3895880818300104,1.6960672187340793,-0.20577804029756885,0.8886027858580732,11,1.0,1.0
B0_station_mean,E2b,10,42,42,653,2.330668650736544,1.381942575998769,2.458365323940617,2.1333659667749814,-3.5891533967524176,0.715864790267903,20,1.0,1.0
B0_station_mean,E2b,11,45,45,606,0.9974670543448558,1.1223222588775472,1.1959801317764418,1.713312598534722,-0.7204570917637776,0.6828434842569661,17,1.0,1.0
B0_station_mean,E3,5,43,53,2638,1.6057170932266607,1.3761516636377409,2.4074681983288695,2.5372965521277693,-2.5321165964989305,1.539522169308421,42,1.0,1.0
B0_station_mean,E3,6,8,9,696,2.97415114436945,2.1929418588383727,3.608630621382474,3.1202436611325246,-11.103426511713025,2.1483262008675332,8,1.0,1.0
B0_station_mean,E3,7,25,29,2684,2.347838918566043,2.2354706188247424,3.0588719391718837,3.4072770925616602,-3.1624610491110237,2.244735588239869,25,1.0,1.0
B0_station_mean,E3,8,4,4,654,1.333263753908139,0.6100659287870798,1.801327153607296,1.3237186238257563,-0.42931059928616594,0.4548091981331568,4,1.0,1.0
B0_station_mean,E3,10,86,106,4379,5.136708901094439,4.2062122997462845,7.202244270912417,12.670986917641828,-15.885013555225479,2.82535939813647,84,1.0,1.0
B0_station_mean,E3,11,35,42,2930,2.5680897884538463,2.010297990669696,2.917701995849974,3.211695946995367,-5.073160344717948,2.0570471696720345,34,1.0,1.0
B1_kriging,E1,5,75,224,2481,1.3864816531671311,1.2510648280691379,2.026858319216734,2.5125119150086297,-3.519289335614978,1.2253986053169221,35,0.9285714285714285,0.998187712585034
B1_kriging,E1,6,12,36,459,2.5460887485320276,2.141491394350346,3.21145453617987,2.9569293322387793,-8.134719012838458,1.594944838597216,5,0.7777777777777777,0.968799514755397
B1_kriging,E1,7,93,278,3761,2.7024205036412927,2.1799588390487514,3.585206465685125,4.277241190651259,-6.903242173386416,1.5497335847815448,53,0.7797619047619048,0.9970238095238095
B1_kriging,E1,8,28,84,1873,2.4544297082833757,1.5984454227056557,2.9343413541788936,2.4948112671807054,-1.4534597258318411,2.20219645123849,19,0.8777777777777778,0.9950661375661376
B1_kriging,E1,10,262,783,7579,3.2116778059843485,2.742976236310025,4.455686155313024,7.846901473933764,-9.389263476119485,1.8121649909688398,99,0.8666666666666667,0.9964891378037493
B1_kriging,E1,11,100,291,3621,2.3971319736534666,1.7596826430874557,2.932105032890704,3.23026032765823,-7.225898838392134,1.8502354541562878,48,0.9444444444444445,0.9987894585990258
B1_kriging,E1_r40,5,75,225,5048,1.4202208988961194,1.2749571473432033,2.109264233051502,2.4305009109055757,-2.95015624960315,1.2441822476121653,67,0.8640618640618641,0.9890970470815432
B1_kriging,E1_r40,6,12,36,912,2.3392006043690174,2.0396751705911726,3.022397502478024,2.8050437443125444,-5.98112723204899,1.4418121305821754,11,0.7142191142191142,0.9602067685401019
B1_kriging,E1_r40,7,93,278,7449,2.7473988660066415,2.262551702832895,3.777302845737549,5.0675858187629546,-5.783813915814532,1.6259800035109855,85,0.7870370370370371,0.9927102074584089
B1_kriging,E1_r40,8,28,84,3737,2.5201992021723876,1.6727840569395247,3.0798816949514465,2.6432595809456627,-2.211723645256435,2.3217176175420127,26,0.9209401709401709,0.9953373015873016
B1_kriging,E1_r40,10,262,785,15087,3.2569921123690366,2.756064814755105,4.749280368349229,8.619376397858185,-14.22702877596518,1.8660983980345804,230,0.8690476190476191,0.9922905183019295
B1_kriging,E1_r40,11,100,299,7202,2.347704695922956,1.7742863627026169,2.8668790826253545,3.010591121623258,-6.497840793588882,1.8467456363893238,79,0.9027777777777778,0.9977382739573496
B1_kriging,E1_r60,5,75,225,7513,1.4890316873467708,1.3460232340343965,2.2089877227871475,2.437310355598732,-10.099785479486938,1.3534815150973938,74,0.7855477855477856,0.969860172843298
B1_kriging,E1_r60,6,12,36,1364,2.4359371552647286,2.056229994964367,3.132144730499881,2.910597415948688,-5.82465171684737,1.5711670993368299,12,0.6606060606060605,0.946489370680913
B1_kriging,E1_r60,7,93,279,10907,2.7995159966960075,2.298814196909442,3.8898768799804326,5.069011559302846,-6.100668700386649,1.614425708339622,88,0.5763888888888888,0.9644857331083435
B1_kriging,E1_r60,8,28,84,5594,2.5108010929185114,1.6877651171581516,3.0789164386563077,2.6257546162390297,-2.2363286323969325,2.186708620316105,28,0.9411764705882352,0.9948982530748641
B1_kriging,E1_r60,10,262,786,22368,3.322878179100411,2.7918494831132077,4.9130386390024805,8.422683844935674,-15.029093349649564,1.9175124857781518,256,0.5833333333333334,0.9731810165753617
B1_kriging,E1_r60,11,100,300,10738,2.440572304969376,1.836078061203263,2.9983060360493714,3.120287116978952,-7.6827706895591925,1.8468666348803442,91,0.8721839080459769,0.9938491115831258
B1_kriging,E2b,5,8,8,252,0.9858187305406858,0.8357626104169608,1.1983834672836604,1.0754002582219573,-2.2185723232517955,0.7552022250935708,7,0.9090909090909091,0.965611343935812
B1_kriging,E2b,6,2,2,84,1.7572550417241113,1.854668045611741,1.909644416349313,2.074711198705524,-22.385467607369215,1.7572550417241113,2,0.8928571428571429,0.9464285714285714
B1_kriging,E2b,7,21,21,473,1.363352130197137,1.5177177654241045,1.5844303877991,1.9298492425028515,-4.901476084894802,1.2600149832734135,13,0.8666666666666667,0.9738001547581051
B1_kriging,E2b,8,14,14,427,1.4260606766361275,1.3995521721908388,1.933029587703121,2.087846867979758,-1.8807845853851324,1.2974407484109185,11,0.84,0.9628292732561025
B1_kriging,E2b,10,42,42,614,2.5199792659590377,1.4949045105850993,2.7035032072798337,2.069046890465467,-5.076836075954917,1.5545730856883513,20,0.7142857142857143,0.9690749623811311
B1_kriging,E2b,11,45,45,572,1.6689892641273383,1.8419167258477995,1.9427066748281252,2.3832487334561137,-19.04357655137429,1.4382286681638956,17,0.8076923076923077,0.9661453916661085
B1_kriging,E3,5,43,53,2638,1.4132730762259953,1.2532574796012343,2.3043757215484044,2.5136691073433637,-1.2037480627009234,1.216934503168419,42,1.0,1.0
B1_kriging,E3,6,8,9,682,2.7366856531637147,2.1007907811385556,3.38161479490197,3.0186389469517376,-8.046237134573314,1.4981689081347802,8,0.8194444444444444,0.9740903183885641
B1_kriging,E3,7,25,29,2684,2.044492479314598,2.0698156064108284,2.81182674135514,3.2476575865537063,-2.6958890213257676,1.6901997943630829,25,1.0,1.0
B1_kriging,E3,8,4,4,652,1.4840244546770682,0.7839499708747992,1.888523879227411,1.3753609737028412,-0.8595380072801747,0.6372421481200032,4,0.9333333333333333,0.9833333333333334
B1_kriging,E3,10,86,106,4369,3.395256393098822,2.8750240017119775,5.5139809480962985,11.367036635040153,-3.8696012368061705,1.8749419968080994,84,0.923076923076923,0.997320807246165
B1_kriging,E3,11,35,42,2924,2.1285559132197394,1.6944825947952906,2.502800786756316,2.9074489503668035,-3.622617602532628,1.6763803068900132,34,0.9361702127659575,0.998090591849784
B2_random_forest,E1,5,75,224,2488,1.046450138616224,0.9454957586570879,1.7096109910368007,2.3471218661756432,-0.18583223040471247,0.8825367574020273,35,1.0,1.0
B2_random_forest,E1,6,12,36,469,1.5321916567627978,1.0428806060754285,2.3050961426870242,2.478308538058603,-0.4768377643765046,0.805169163366606,5,1.0,1.0
B2_random_forest,E1,7,93,278,3766,1.63463356504953,1.3083051363054405,2.478078456493838,3.0270813985090004,-0.479924022186331,1.1074255783223586,53,1.0,1.0
B2_random_forest,E1,8,28,84,1877,1.410762933320092,1.1132271777550642,1.875998062215986,1.77588568649547,-0.2090717099350191,1.2793018626388166,19,1.0,1.0
B2_random_forest,E1,10,262,783,7604,2.3436997589848843,1.8978282877653945,3.60127824325761,7.3328409365506575,-0.2693463774344438,1.147479966912108,99,1.0,1.0
B2_random_forest,E1,11,100,291,3626,1.290651438435788,1.0813497264737097,1.8733768606509964,2.526943253479737,-1.1514416537203973,1.0181029914962738,49,1.0,1.0
B2_random_forest,E1_r40,5,75,225,5085,1.0654990871599175,0.9589733078004484,1.7564194927199992,2.2211559148323006,-3.751870725669791,0.8792367196462373,69,1.0,1.0
B2_random_forest,E1_r40,6,12,36,937,1.4624982447990362,0.9699939547643851,2.260866735015863,2.3959017727544043,-0.29551016013380715,0.7334084125843725,11,1.0,1.0
B2_random_forest,E1_r40,7,93,278,7473,1.6758584852668799,1.36490803744366,2.6975910751604837,3.8133279594056053,-0.3322181080533664,1.1003027453666858,85,1.0,1.0
B2_random_forest,E1_r40,8,28,84,3743,1.455907397164746,1.152459437290432,2.0314577368755597,1.9267485665511797,-0.13398204963380594,1.252644497985018,26,1.0,1.0
B2_random_forest,E1_r40,10,262,785,15200,2.4145370042877654,1.9190887216002945,3.9178897667909696,8.167830526535624,-0.866174599067349,1.1386953184762392,233,1.0,1.0
B2_random_forest,E1_r40,11,100,299,7219,1.2575894515900747,1.0657285005941248,1.824234624687226,2.2495411613560683,-0.48699678979775163,1.060199978550716,79,1.0,1.0
B2_random_forest,E1_r60,5,75,225,7654,1.0542104499426836,0.9660918062036579,1.7459275919668975,2.1701956744398356,-2.0486548874471073,0.913354631722373,74,1.0,1.0
B2_random_forest,E1_r60,6,12,36,1420,1.5279764015575494,0.9956006146156389,2.278867891253349,2.390209325007245,-0.3558576169681122,0.8391195261503399,12,1.0,1.0
B2_random_forest,E1_r60,7,93,279,11096,1.735807056164765,1.3889322703062446,2.7951958203141127,3.7728411314524903,-0.2671687968512611,1.093122954942185,90,1.0,1.0
B2_random_forest,E1_r60,8,28,84,5608,1.475515541887257,1.146034716414035,2.0560753419049482,1.8983649569763466,-0.20405003559432125,1.4397949942663937,28,1.0,1.0
B2_random_forest,E1_r60,10,262,786,22897,2.4087173378641156,1.931423883755036,3.9327829196505726,7.896652949381072,-0.6565998647883846,1.292077786858455,257,1.0,1.0
B2_random_forest,E1_r60,11,100,300,10812,1.3157979136827442,1.0939063844411356,1.909449203874778,2.3115802738047915,-0.5540171554034079,1.1650904303908005,91,1.0,1.0
B2_random_forest,E2a,5,8,8,326,0.783430826484809,0.7190884159601648,0.9701218251088275,1.0161783150259627,-1.2509921755499607,0.6653369217802702,7,1.0,1.0
B2_random_forest,E2a,6,2,2,115,0.3165252411131054,0.32343899845825713,0.4269134527460328,0.45350194244878494,-0.2576061610015363,0.3165252411131054,2,1.0,1.0
B2_random_forest,E2a,7,21,21,599,0.8520128847133217,1.0203686768045854,1.0566905226702177,1.546486108268922,-3.089383460157318,0.7839808288938838,15,1.0,1.0
B2_random_forest,E2a,8,14,14,537,1.2014802329812895,1.1775223935921628,1.5418982380912993,1.732616127147613,-1.2810819228387165,0.9822100619549108,11,1.0,1.0
B2_random_forest,E2a,10,49,49,840,1.6382813679617287,1.3943653220444898,1.8149076717129984,2.2475767470189236,-5.978486216343944,0.6799281495554805,20,1.0,1.0
B2_random_forest,E2a,11,45,45,767,1.1160075884042957,1.1256041508224284,1.3648933002573411,1.7487909533766455,-0.887471809308639,0.7456189191411849,23,1.0,1.0
B2_random_forest,E2b,5,8,8,262,0.766895187470258,0.7180104723966108,0.9560226125998585,0.9968732030533844,-1.3502635559630853,0.6463502574853128,7,1.0,1.0
B2_random_forest,E2b,6,2,2,90,0.3347130871310818,0.34887254475227397,0.4490196661126692,0.4903232289476543,-0.3645313197483693,0.3347130871310818,2,1.0,1.0
B2_random_forest,E2b,7,21,21,491,0.8185596438463828,1.0033735481114945,1.0081785240826253,1.513261370304913,-2.8993752632822836,0.7247079719525785,13,1.0,1.0
B2_random_forest,E2b,8,14,14,445,1.1796953662231642,1.2023123744523267,1.518461032486145,1.7581001857742742,-1.2890619636315699,0.9834010744438739,11,1.0,1.0
B2_random_forest,E2b,10,42,42,653,1.7076820389553173,1.3955041686279959,1.8900056196074826,2.2228358766697918,-6.831221244408465,0.6897921494073608,20,1.0,1.0
B2_random_forest,E2b,11,45,45,606,1.11968167132869,1.1212257940487995,1.358999466369624,1.7425353213034391,-1.2720297916693875,0.7514581100028652,17,1.0,1.0
B2_random_forest,E3,5,43,53,2638,1.3462385719243732,1.270250326727107,2.2679717403623147,2.5549795630797263,-0.816558177727818,1.1531464828409237,42,1.0,1.0
B2_random_forest,E3,6,8,9,696,2.6296241709941732,1.6929195747405723,3.3751053503489326,3.063598758031574,-8.888408648990929,1.4359663169602266,8,1.0,1.0
B2_random_forest,E3,7,25,29,2684,1.7850555310260432,1.8265634845330736,2.462364967019981,2.8351635326005207,-1.4779690965999503,1.8084973651793932,25,1.0,1.0
B2_random_forest,E3,8,4,4,654,2.1379659456655804,1.6038231624008663,2.5755178536175447,2.028504340227509,-4.608375016165786,1.7071372238156348,4,1.0,1.0
B2_random_forest,E3,10,86,106,4379,3.6989685305237194,3.307806092176748,5.835318276956823,11.692747872869088,-2.7675374247381446,2.337939880773986,84,1.0,1.0
B2_random_forest,E3,11,35,42,2930,1.8448374093721778,1.2913692367603145,2.3345230671703856,2.419254397694226,-1.823368277977531,1.1405378149816734,34,1.0,1.0
B3_mlp,E1,5,75,224,2488,1.2064851433017232,1.0755658301443733,1.8727316152778641,2.4115380128193538,-0.7989324939065695,1.0245394142240194,35,1.0,1.0
B3_mlp,E1,6,12,36,469,2.2674140353344616,1.3855646113981472,3.123890268368219,2.9641788664756454,-1.0274312977350681,1.0643679777927986,5,1.0,1.0
B3_mlp,E1,7,93,278,3766,2.1091474441681233,1.6741266169634945,3.0701070527676526,3.534598408668203,-3.038034655484487,1.3518659675326716,53,1.0,1.0
B3_mlp,E1,8,28,84,1877,2.073372756472047,1.4406300892773143,2.5450764488372064,2.2291509612333082,-1.0601389479586363,1.6094784736161598,19,1.0,1.0
B3_mlp,E1,10,262,783,7604,3.147514696897106,2.562810381432852,4.401700685811459,7.834540945246311,-5.592523738330331,1.8701773381104885,99,1.0,1.0
B3_mlp,E1,11,100,291,3626,1.9462537482681574,1.4502463274017523,2.5254088638047314,2.9924278978861567,-2.487009949651923,1.3527281158614795,49,1.0,1.0
B3_mlp,E1_r40,5,75,225,5085,1.2123381044303563,1.1027165585333114,1.8973184918805646,2.3034767211916534,-6.4742832023171495,1.0762421027766271,69,1.0,1.0
B3_mlp,E1_r40,6,12,36,937,2.1587107733467046,1.3493807715041624,2.970950072457125,2.8673179117820458,-1.8145221473721198,1.0865560113608153,11,1.0,1.0
B3_mlp,E1_r40,7,93,278,7473,2.1646745431417087,1.7376645348357267,3.2858939270566956,4.409577763669918,-2.3902905560582366,1.486709286944707,85,1.0,1.0
B3_mlp,E1_r40,8,28,84,3743,2.1882480916805815,1.5483110778669773,2.74746091813417,2.383291282220128,-1.8033251953589253,1.6837420301269992,26,1.0,1.0
B3_mlp,E1_r40,10,262,785,15200,3.10756774815923,2.4834895221813724,4.671297409594409,8.61092739846561,-4.492628017596412,1.80107833296766,233,1.0,1.0
B3_mlp,E1_r40,11,100,299,7219,1.922834094725348,1.4410416096406375,2.4995103780018937,2.7401641736822944,-2.406866807734683,1.425102184951144,79,1.0,1.0
B3_mlp,E1_r60,5,75,225,7654,1.1605975676994285,1.0989104897618636,1.8457161795820172,2.228543496003283,-4.2624913728967355,1.084517919696964,74,1.0,1.0
B3_mlp,E1_r60,6,12,36,1420,2.1174764790643295,1.3369023200636139,2.9070163146833607,2.9024134771658296,-1.8216995115285304,1.015026577459112,12,1.0,1.0
B3_mlp,E1_r60,7,93,279,11096,2.246096559565619,1.7967124421510396,3.4568138294611592,4.382595320983429,-3.488364122823963,1.5050555569757476,90,1.0,1.0
B3_mlp,E1_r60,8,28,84,5608,2.1812925417714166,1.4653548978398214,2.7329934509329576,2.3384925352806927,-1.2807226108191598,1.6264636443579847,28,1.0,1.0
B3_mlp,E1_r60,10,262,786,22897,3.0930793828695538,2.5192141240156007,4.649951355206431,8.314221194658314,-4.340360473794527,1.9075881175619473,257,1.0,1.0
B3_mlp,E1_r60,11,100,300,10812,2.006097539549743,1.474610108567777,2.6000078283690984,2.83741110582322,-3.3430626130753085,1.4060678767460024,91,1.0,1.0
B3_mlp,E2a,5,8,8,326,0.9916354897355264,0.9297809820826514,1.1647641775139208,1.1341879685359033,-3.403834530589433,1.045315067916032,7,1.0,1.0
B3_mlp,E2a,6,2,2,115,0.9303360178109967,1.014697658820145,1.0344718829783233,1.2454942936587228,-5.212870572223517,0.9303360178109967,2,1.0,1.0
B3_mlp,E2a,7,21,21,599,0.9990266273464896,0.9563699440212651,1.1830557391865082,1.2402068172381502,-4.546294066707543,1.0008571903703536,15,1.0,1.0
B3_mlp,E2a,8,14,14,537,1.2911625511762008,1.3212817050891588,1.5361073311017373,1.850363889571897,-1.656479062795813,0.9892095234757725,11,1.0,1.0
B3_mlp,E2a,10,49,49,840,1.364447885834013,1.536633189197655,1.5250633633652335,2.3070465714800554,-5.1499581920103505,0.8897907345569387,20,1.0,1.0
B3_mlp,E2a,11,45,45,767,1.3208457786970687,1.5326595602307873,1.607649666819349,2.1352868318664653,-3.9666671252853734,1.0679495022217182,23,1.0,1.0
B3_mlp,E2b,5,8,8,262,1.013851213605448,0.9491289960947283,1.1787479382857038,1.1478537079624336,-3.5872542430305994,1.0693555287306713,7,1.0,1.0
B3_mlp,E2b,6,2,2,90,0.9307709753031798,1.070306398290416,1.051029592899666,1.3010112198703119,-5.054282195477738,0.9307709753031798,2,1.0,1.0
B3_mlp,E2b,7,21,21,491,1.024949553538663,0.9529468283322776,1.214594403111844,1.2510050690162797,-4.080234253787214,1.05245612561431,13,1.0,1.0
B3_mlp,E2b,8,14,14,445,1.2571310940619804,1.3190681849862453,1.5169924077745427,1.8566878696182052,-1.4962248491526309,0.9786189013069849,11,1.0,1.0
B3_mlp,E2b,10,42,42,653,1.3368744605062017,1.4942264432040673,1.4872688987347837,2.194226438170259,-5.447426599413485,0.9101446605662045,20,1.0,1.0
B3_mlp,E2b,11,45,45,606,1.3449147004753408,1.4984730195504041,1.6230495010336967,2.097367052611241,-5.211369275840916,1.0679495022217182,17,1.0,1.0
B3_mlp,E3,5,43,53,2638,1.309227380594914,1.222919595708009,2.2208163340046316,2.5030266221418014,-1.0376844997557266,1.1928345856039309,42,1.0,1.0
B3_mlp,E3,6,8,9,696,2.4564598468788983,1.4963150751935423,3.1880912686810303,2.939652751131892,-4.290200444942505,1.2924543422419634,8,1.0,1.0
B3_mlp,E3,7,25,29,2684,1.8054915670524267,1.8562791451152447,2.5865860041318403,3.0577711974676838,-2.111451029918931,1.6670443883678618,25,1.0,1.0
B3_mlp,E3,8,4,4,654,2.253277549984029,1.5859170893746448,2.602962522991441,2.0751903526827817,-3.182346494092859,1.6889497363097554,4,1.0,1.0
B3_mlp,E3,10,86,106,4379,3.499298735356248,3.0552189361089734,5.637263879831815,11.557984763780894,-1.6441119909641617,2.112693638993118,84,1.0,1.0
B3_mlp,E3,11,35,42,2930,2.0108252363416614,1.458021844576213,2.4675125397006683,2.7908962572591602,-1.998291128147782,1.2500426591941602,34,1.0,1.0
G0_gcn_none,E1,5,75,224,2488,1.1932204174601233,1.0322915602391556,1.8820665681856978,2.4375480829975946,-0.5875111033839082,0.9733725909529061,35,1.0,1.0
G0_gcn_none,E1,6,12,36,469,2.279307704330798,1.3720117466790336,3.1035776343729933,2.878022664466061,-1.8297489256556467,1.1172001662162634,5,1.0,1.0
G0_gcn_none,E1,7,93,278,3766,1.9842764247147442,1.6012725547090592,2.939196807874785,3.4560644206942124,-2.049867413370432,1.386355625955682,53,1.0,1.0
G0_gcn_none,E1,8,28,84,1877,2.041506096203225,1.3917785244986423,2.5506181350512342,2.218419175239822,-0.6666578637857491,1.6768022487644387,19,1.0,1.0
G0_gcn_none,E1,10,262,783,7604,3.0182343087135535,2.3794451910641823,4.379411372584735,7.926314053561054,-2.261262570004337,1.4986541354935305,99,1.0,1.0
G0_gcn_none,E1,11,100,291,3626,2.032476223647435,1.450401550665358,2.642213792813544,3.0839233931459935,-1.56401783889969,1.3842827083540539,49,1.0,1.0
G0_gcn_none,E1_r40,5,75,225,5085,1.184403115965175,1.0530101795522395,1.8688120930826915,2.2841690261244185,-4.963865027599146,1.038487577980215,69,1.0,1.0
G0_gcn_none,E1_r40,6,12,36,937,2.119838934729063,1.3675883736783438,2.933228916715357,2.816583364401813,-1.7105770818967334,1.1146769202882196,11,1.0,1.0
G0_gcn_none,E1_r40,7,93,278,7473,1.9895380578063142,1.6352008806513396,3.0554879299377085,4.102501504318387,-2.0579883078909096,1.469373944130811,85,1.0,1.0
G0_gcn_none,E1_r40,8,28,84,3743,2.149246280696991,1.4314008907952667,2.7508882691176937,2.3729034542080356,-1.2954350822499316,1.916369867630494,26,1.0,1.0
G0_gcn_none,E1_r40,10,262,785,15200,3.0821319050211757,2.4536385099388855,4.647129974941229,8.556934527203085,-3.3612862554671765,1.6493540426149171,233,1.0,1.0
G0_gcn_none,E1_r40,11,100,299,7219,1.9787479869023301,1.4597287691911842,2.56494134254753,2.8106050265598315,-2.4360743822108977,1.51940315739256,79,1.0,1.0
G0_gcn_none,E1_r60,5,75,225,7654,1.1557269726068804,1.0518328198116162,1.851600328673963,2.228729639680539,-3.13478460299689,1.007338610278467,74,1.0,1.0
G0_gcn_none,E1_r60,6,12,36,1420,2.1019005023770583,1.273969976121271,2.8696585351948554,2.876989137952605,-1.5550716500412138,0.9612223082130411,12,1.0,1.0
G0_gcn_none,E1_r60,7,93,279,11096,2.072005861654296,1.684040029174645,3.2334914249322737,4.0766391254089385,-2.0322441900350836,1.4374930343844674,90,1.0,1.0
G0_gcn_none,E1_r60,8,28,84,5608,2.2310310389717958,1.4664175861200235,2.8221964143084137,2.4047685661394675,-1.3646987582254513,1.8619358145145974,28,1.0,1.0
G0_gcn_none,E1_r60,10,262,786,22897,3.276866807011156,2.5644760996320652,4.894589102691436,8.5991812579579,-3.0808251845879764,1.6560487790541214,257,1.0,1.0
G0_gcn_none,E1_r60,11,100,300,10812,2.0627127570502224,1.4827037630227156,2.6673965636903243,2.9044059850067923,-3.9889040643228144,1.5934764339118683,91,1.0,1.0
G0_gcn_none,E2a,5,8,8,326,0.7893812962525741,0.792773444228377,0.9428786784377764,0.9617627701140091,-2.672213370568729,0.7075676159116756,7,1.0,1.0
G0_gcn_none,E2a,6,2,2,115,1.0555137632231544,1.122118804247483,1.1261917309534484,1.2714775113746941,-6.770767574615114,1.0555137632231544,2,1.0,1.0
G0_gcn_none,E2a,7,21,21,599,1.0703032556192769,1.025798046131166,1.2294272725926105,1.340631322073306,-6.003837607141345,0.9758724212646485,15,1.0,1.0
G0_gcn_none,E2a,8,14,14,537,1.2463149095173767,1.2817254905594129,1.487674349714109,1.7785261100072804,-1.059909594158877,1.0685250551070808,11,1.0,1.0
G0_gcn_none,E2a,10,49,49,840,1.5300231904313475,1.1680236295575188,1.679821253642865,1.7546512308441695,-2.5966866267043818,0.9178628325462341,20,1.0,1.0
G0_gcn_none,E2a,11,45,45,767,1.1694063926438751,1.3020353375155735,1.406101573517295,1.8758018633936662,-2.9200210743192487,0.9702997436890235,23,1.0,1.0
G0_gcn_none,E2b,5,8,8,262,0.7985446125798839,0.803962861081116,0.9504772456916042,0.9704665811441973,-2.722951186412455,0.7220024235221993,7,1.0,1.0
G0_gcn_none,E2b,6,2,2,90,1.0486889796472396,1.1610647837320964,1.1247150315040597,1.3131126883002762,-6.452315320930652,1.0486889796472396,2,1.0,1.0
G0_gcn_none,E2b,7,21,21,491,1.1005483156301235,1.0270979773488405,1.2622249081606285,1.358709515086016,-6.26958988830397,1.082310390472412,13,1.0,1.0
G0_gcn_none,E2b,8,14,14,445,1.204373520136705,1.2676838933751824,1.4586111674404452,1.7810584175750213,-0.9446455646781392,1.0365524027082655,11,1.0,1.0
G0_gcn_none,E2b,10,42,42,653,1.5683959260968594,1.1328879497135216,1.701876665587601,1.6173256715104436,-2.5987855631959653,0.8514798058149142,20,1.0,1.0
G0_gcn_none,E2b,11,45,45,606,1.1503592421858384,1.2474074646486308,1.3826935499504804,1.7977830246719553,-3.8608892417356087,0.9362777614593506,17,1.0,1.0
G0_gcn_none,E3,5,43,53,2638,1.304940052194559,1.1513001209095268,2.270133802445597,2.5341871709477437,-0.6981185957378941,1.138325429388455,42,1.0,1.0
G0_gcn_none,E3,6,8,9,696,2.3733429786173996,1.5142278414348076,3.091594332919212,2.9253901573965115,-3.294615173744732,1.1077272915321847,8,1.0,1.0
G0_gcn_none,E3,7,25,29,2684,1.732765691988674,1.7689115002906801,2.507362368923748,2.895335131144865,-2.908154861612278,1.7302542232885594,25,1.0,1.0
G0_gcn_none,E3,8,4,4,654,1.5798122535686865,0.7604185003753102,2.0338335282449793,1.453818598660788,-1.343150392842888,0.6799433007669794,4,1.0,1.0
G0_gcn_none,E3,10,86,106,4379,3.6900810439968197,3.0845197124870762,5.937650542826122,11.835966546534744,-1.2603691123938465,2.030962438023691,84,1.0,1.0
G0_gcn_none,E3,11,35,42,2930,1.9260785800953255,1.2938818315495404,2.4225856251866817,2.818045776098879,-2.229924011354274,1.1699977022106365,34,1.0,1.0
G0_gcn_random,E1,5,75,224,2488,1.3524974163050756,1.1402750840751976,2.0230483183800216,2.4811509415844437,-2.3897625614319673,1.1721769924773726,35,1.0,1.0
G0_gcn_random,E1,6,12,36,469,2.388720804746173,1.3641416319906077,3.126775040609969,2.770827512792252,-2.831773927227201,1.477207129087923,5,1.0,1.0
G0_gcn_random,E1,7,93,278,3766,2.58279559766387,1.9061664978810846,3.538315714986192,4.028904309779329,-7.4232380784563174,1.6115742482637103,53,1.0,1.0
G0_gcn_random,E1,8,28,84,1877,2.242495483068026,1.4835214140126853,2.7758429724959974,2.416079779352653,-1.03838184841026,2.089378300234049,19,1.0,1.0
G0_gcn_random,E1,10,262,783,7604,3.791526758517061,2.8892648705398405,5.096133305007106,8.450896387852088,-3.0725758752761663,1.7292833730981156,99,1.0,1.0
G0_gcn_random,E1,11,100,291,3626,2.3745049378159706,1.6353400944471688,2.933109712419419,3.2747061041304466,-3.2556748756806213,1.593179589993245,49,1.0,1.0
G0_gcn_random,E1_r40,5,75,225,5085,1.3870339488496484,1.1571586047067521,2.092465505372354,2.388410082509825,-44.788575732061375,1.185400128364563,69,1.0,1.0
G0_gcn_random,E1_r40,6,12,36,937,2.194894474970772,1.3021934436377747,2.9397740530659497,2.706144936570797,-3.498073487425792,1.5747064313498038,11,1.0,1.0
G0_gcn_random,E1_r40,7,93,278,7473,2.5983413499249726,1.9557738972158056,3.723927848847982,4.7646856827471105,-10.090952847645386,1.7450257067777672,85,1.0,1.0
G0_gcn_random,E1_r40,8,28,84,3743,2.3201716752361596,1.5337379740308765,2.9482433763929565,2.555324404181844,-1.5741599843237475,1.996583348665482,26,1.0,1.0
G0_gcn_random,E1_r40,10,262,785,15200,3.7803078123640868,2.859829041462784,5.325811596489207,9.031404729575273,-9.12327438680587,1.769622418214175,233,1.0,1.0
G0_gcn_random,E1_r40,11,100,299,7219,2.3512064317031545,1.6415871191836406,2.9129160556004523,3.0543093669320087,-4.130179958691537,1.8420318721745965,79,1.0,1.0
G0_gcn_random,E1_r60,5,75,225,7654,1.3661454537796054,1.1841147228012454,2.0477120199668297,2.3091548847320476,-17.164294626561773,1.200435096170844,74,1.0,1.0
G0_gcn_random,E1_r60,6,12,36,1420,2.2060035100489124,1.352073603469721,2.910193234421136,2.7405603393119593,-3.4331138771626795,1.5033338566057668,12,1.0,1.0
G0_gcn_random,E1_r60,7,93,279,11096,2.7817957033879774,2.0723485154010457,3.918736787144209,4.844995566132694,-4.939473847381308,1.8244480297300552,90,1.0,1.0
G0_gcn_random,E1_r60,8,28,84,5608,2.3068956000342413,1.5165403682191174,2.8940288814465993,2.4924710096827796,-1.707492210470568,2.1242053802027545,28,1.0,1.0
G0_gcn_random,E1_r60,10,262,786,22897,3.7781880996076653,2.9251073197362705,5.341897273616272,8.764964592886852,-10.90715740559602,1.8996752045558165,257,1.0,1.0
G0_gcn_random,E1_r60,11,100,300,10812,2.441589698159916,1.7154166015361885,2.9918428425830945,3.108834947066162,-7.122501056392446,1.8118825500724225,91,1.0,1.0
G0_gcn_random,E2a,5,8,8,326,1.6407483944501802,1.0129874988567609,1.7921735494005397,1.480558764824151,-2.6439064153679537,0.8645811797701323,7,1.0,1.0
G0_gcn_random,E2a,6,2,2,115,0.9154025447925227,0.9247457872266355,1.1836575033437058,1.1716408437782624,-13.253500694571102,0.9154025447925227,2,1.0,1.0
G0_gcn_random,E2a,7,21,21,599,1.4328386437604184,1.3980344488147105,1.6072915418877136,1.7511355034917129,-7.1498902681500285,1.367095364464654,15,1.0,1.0
G0_gcn_random,E2a,8,14,14,537,1.220376397814196,1.1749907947341378,1.5709522370844422,1.8853687152946492,-0.6802697726902533,0.8341801264132673,11,1.0,1.0
G0_gcn_random,E2a,10,49,49,840,1.8933056688942242,1.218653391975732,2.0162745812663956,1.7864996554042745,-2.2552124244190734,1.184366415758602,20,1.0,1.0
G0_gcn_random,E2a,11,45,45,767,1.454128621351711,1.5374885373584917,1.7071515381462885,2.0887489695028982,-5.487181798759016,1.2574094202783372,23,1.0,1.0
G0_gcn_random,E2b,5,8,8,262,1.6477996267136161,1.0230650626521074,1.7986393293234473,1.4580206625692516,-3.265574486314826,0.9013406510048725,7,1.0,1.0
G0_gcn_random,E2b,6,2,2,90,0.9491758272051811,0.9628316826290555,1.278896124606272,1.2456603247468492,-17.511930523146944,0.9491758272051811,2,1.0,1.0
G0_gcn_random,E2b,7,21,21,491,1.4575322118676641,1.3973557254690259,1.631109983399183,1.7601738584731794,-5.939909184171317,1.2377290725708008,13,1.0,1.0
G0_gcn_random,E2b,8,14,14,445,1.1812279829986996,1.1643916151496803,1.5272500254592987,1.8543053340857667,-0.6217589240491721,0.9045968566622054,11,1.0,1.0
G0_gcn_random,E2b,10,42,42,653,1.959069510500409,1.1598548357008427,2.0780696064147306,1.6726273009693742,-2.5393587359857834,1.1029263883829117,20,1.0,1.0
G0_gcn_random,E2b,11,45,45,606,1.4742891299388106,1.4814442452719503,1.717060869518925,2.0222951064649624,-7.996654569540701,1.2439792553583782,17,1.0,1.0
G0_gcn_random,E3,5,43,53,2638,1.687375617966529,1.5817382265930153,2.610122162412329,2.762745776138946,-2.1279846035609076,1.704258872403039,42,1.0,1.0
G0_gcn_random,E3,6,8,9,696,3.0950124241533175,2.926079735673707,3.84303284925301,3.8458399715708897,-18.896511477342408,2.5402413660948104,8,1.0,1.0
G0_gcn_random,E3,7,25,29,2684,2.5527505499678913,2.609727277596732,3.2917101828023605,3.761888963543961,-7.210030399331654,2.434520987766545,25,1.0,1.0
G0_gcn_random,E3,8,4,4,654,1.8232460581500562,0.868206538920738,2.2319879229325235,1.5886177695842272,-1.736272537705611,0.7666180146464177,4,1.0,1.0
G0_gcn_random,E3,10,86,106,4379,4.799585260019374,4.111375027563534,6.8668816599067615,12.178037134704706,-6.720794130492286,2.501288436759602,84,1.0,1.0
G0_gcn_random,E3,11,35,42,2930,2.535287379636015,2.207194652061261,2.9062705980748675,3.413293066638736,-4.36240633907013,2.020834755897522,34,1.0,1.0
G0_gcn_river,E1,5,75,224,2488,1.1793024914598527,1.0144810340939228,1.8480159961136071,2.3898669932217427,-0.6486459555785784,0.9588331092487682,35,1.0,1.0
G0_gcn_river,E1,6,12,36,469,2.1818525985342205,1.2829973011382863,2.964395119349826,2.7807562462190285,-0.9210343377020533,0.9668379409955098,5,1.0,1.0
G0_gcn_river,E1,7,93,278,3766,1.9525343826318347,1.5047000423113337,2.8793328046453466,3.3178304982884477,-2.154040682755946,1.3500958796470397,53,1.0,1.0
G0_gcn_river,E1,8,28,84,1877,1.7391050747997814,1.2796212014011328,2.220537241728367,1.9953184128030175,-0.556085342787757,1.3268012829753748,19,1.0,1.0
G0_gcn_river,E1,10,262,783,7604,2.8330533566662295,2.249996386837804,4.131480926649023,7.7090236062056645,-1.3822203095797334,1.4988317721419864,99,1.0,1.0
G0_gcn_river,E1,11,100,291,3626,1.851457097919563,1.3304196251397034,2.4124065327909947,2.842226297816396,-1.2263754320703824,1.275779201728957,49,1.0,1.0
G0_gcn_river,E1_r40,5,75,225,5085,1.2060311451333323,1.0323500769211011,1.9029019802773872,2.3031152093170695,-9.526671441582458,1.0624625053045884,69,1.0,1.0
G0_gcn_river,E1_r40,6,12,36,937,2.0826696231206707,1.2246582218651583,2.895670273419551,2.808530023137026,-1.0072528925778774,1.009054727570363,11,1.0,1.0
G0_gcn_river,E1_r40,7,93,278,7473,1.8936367649170436,1.5585974615147502,2.961470721222418,3.922363115329336,-1.570706211410557,1.3702197968959808,85,1.0,1.0
G0_gcn_river,E1_r40,8,28,84,3743,1.9487634359118695,1.3673211033653838,2.5569354238583024,2.229522192522056,-0.7663461121069395,1.7712354632481957,26,1.0,1.0
G0_gcn_river,E1_r40,10,262,785,15200,2.9259674384715337,2.3023829856000253,4.494422686331856,8.52576126662525,-2.600535340015901,1.4958814675777239,233,1.0,1.0
G0_gcn_river,E1_r40,11,100,299,7219,1.9556142504243246,1.3900816668775013,2.5541640178992764,2.7319345470517176,-1.8120312057745456,1.3003032486394568,79,1.0,1.0
G0_gcn_river,E1_r60,5,75,225,7654,1.1806656171154355,1.0450519100162545,1.8812651664116677,2.2377868831224643,-4.890344513028035,1.0676044437782897,74,1.0,1.0
G0_gcn_river,E1_r60,6,12,36,1420,2.0232819894714873,1.2159451288656449,2.785553765070469,2.8069630611985947,-1.146380803792663,0.9612068460448414,12,1.0,1.0
G0_gcn_river,E1_r60,7,93,279,11096,1.989245863990235,1.598306677210203,3.1627902641378425,4.06088201536112,-2.3866389762303473,1.4330952274665405,90,1.0,1.0
G0_gcn_river,E1_r60,8,28,84,5608,1.9960570347528497,1.3925302277416118,2.574394283828491,2.2330447182844866,-0.936185131943726,1.7772649666210554,28,1.0,1.0
G0_gcn_river,E1_r60,10,262,786,22897,2.947610417766473,2.358554182593758,4.524367699138576,8.272867272772041,-3.3282358023586114,1.6379399376732486,257,1.0,1.0
G0_gcn_river,E1_r60,11,100,300,10812,2.0104124568059145,1.4211778030119204,2.6280640591858906,2.8296033394041795,-3.4575070718294603,1.319105846111015,91,1.0,1.0
G0_gcn_river,E2a,5,8,8,326,0.9116238962868368,0.8590605792823744,1.0614943563630954,1.056694653438356,-3.2114040453346955,0.9920540498968535,7,1.0,1.0
G0_gcn_river,E2a,6,2,2,115,1.4313836115134229,1.4940853113713473,1.5196925380063508,1.6317788454903948,-14.510154682054788,1.4313836115134229,2,1.0,1.0
G0_gcn_river,E2a,7,21,21,599,1.1257825182615544,1.0824817023014583,1.2575597039076942,1.315743207547515,-4.010957150280786,1.1409346792432997,15,1.0,1.0
G0_gcn_river,E2a,8,14,14,537,1.126622270834127,1.1282875853099859,1.386118387339732,1.770117582309393,-0.16455260301117092,0.9211176140205601,11,1.0,1.0
G0_gcn_river,E2a,10,49,49,840,1.48166293777494,1.1584972097760156,1.6148055453021406,1.7091278273136195,-2.8018061871651083,0.9792638814674234,20,1.0,1.0
G0_gcn_river,E2a,11,45,45,767,1.207414216983796,1.3710405060334188,1.460449925147185,2.0294079240595777,-2.7595730718918374,0.8637160167359469,23,1.0,1.0
G0_gcn_river,E2b,5,8,8,262,0.900256368718094,0.8555254660944902,1.0407899547681558,1.0487152336566927,-3.1321392348626316,0.9953208012092044,7,1.0,1.0
G0_gcn_river,E2b,6,2,2,90,1.372736206638212,1.4752587742275662,1.4654869238173966,1.614821466173936,-13.211842283726291,1.372736206638212,2,1.0,1.0
G0_gcn_river,E2b,7,21,21,491,1.1044031069168436,1.0401092090334767,1.236081032874021,1.2796767580923076,-3.64966286892467,1.0873958269755046,13,1.0,1.0
G0_gcn_river,E2b,8,14,14,445,1.1085828085140244,1.147019180555022,1.3688442332983186,1.812833553870242,-0.15212743696225803,0.9090013360468352,11,1.0,1.0
G0_gcn_river,E2b,10,42,42,653,1.6165646913804297,1.0976425074326135,1.742718387070966,1.5476616920359012,-2.7400477984560276,0.9742508368724372,20,1.0,1.0
G0_gcn_river,E2b,11,45,45,606,1.192537805393325,1.2968887840167131,1.4346904116860133,1.9401193517299293,-3.459670763819039,0.854681134223938,17,1.0,1.0
G0_gcn_river,E3,5,43,53,2638,1.2885936953707553,1.1125919279092364,2.255372841601,2.5108484879957436,-0.9699144909174199,1.1109425624211628,42,1.0,1.0
G0_gcn_river,E3,6,8,9,696,2.4915928569022965,2.0090105917261933,3.218465412060672,3.156734109143895,-6.0739809235350615,1.3832186011972443,8,1.0,1.0
G0_gcn_river,E3,7,25,29,2684,1.686625072309922,1.692836650282189,2.3935107012961314,2.842583552601062,-1.9612434779454366,1.5442471857993834,25,1.0,1.0
G0_gcn_river,E3,8,4,4,654,1.7299134864572476,0.8794924104614724,2.1166776923412414,1.5574600484435632,-1.1071847816785165,0.6965976109797204,4,1.0,1.0
G0_gcn_river,E3,10,86,106,4379,3.3217790213929357,2.913235953791851,5.521216523862267,11.564036104961342,-1.7194978472121978,2.043093324814298,84,1.0,1.0
G0_gcn_river,E3,11,35,42,2930,1.9596467103396837,1.459521937685615,2.3769447357744933,2.647282857466269,-2.545097807890752,1.330157880376025,34,1.0,1.0
H1_directed_river,E1,5,75,224,2488,1.1171594492190051,0.9688203775374836,1.7762362731173966,2.3497478215043857,-0.38248944003799673,0.8554425667493771,35,1.0,1.0
H1_directed_river,E1,6,12,36,469,2.0638588403045532,1.1832719072858409,2.834200053723198,2.614591403773218,-0.6995938280695694,0.8719000071287155,5,1.0,1.0
H1_directed_river,E1,7,93,278,3766,1.7351256273369755,1.346234012840279,2.6025856147299424,3.052474503821965,-1.0935829088295659,1.2508924534446315,53,1.0,1.0
H1_directed_river,E1,8,28,84,1877,1.7897331631324807,1.1887089620896585,2.2684927201646583,1.9686143719566505,-0.4482360946024371,1.3651338054352449,19,1.0,1.0
H1_directed_river,E1,10,262,783,7604,2.548079492428955,2.007238059974364,3.8668693841655064,7.1920097610299925,-0.567671615043352,1.401114966771374,99,1.0,1.0
H1_directed_river,E1,11,100,291,3626,1.673940087997362,1.217122350005208,2.2850615830735466,2.7114139783899223,-0.5645842709423987,1.1274058247605958,49,1.0,1.0
H1_directed_river,E1_r40,5,75,225,5085,1.1422572378743154,0.9806339725163365,1.840087914846641,2.2583646546205878,-8.042413432351589,0.9958365339981882,69,1.0,1.0
H1_directed_river,E1_r40,6,12,36,937,1.838103870798012,1.0690013551279474,2.6433787957754173,2.5808631969491636,-0.5245789313660346,0.7705000901780934,11,1.0,1.0
H1_directed_river,E1_r40,7,93,278,7473,1.8389989972989271,1.4490471644538658,2.939061386392018,4.066033162426006,-1.3198199030133086,1.2215076270310774,85,1.0,1.0
H1_directed_river,E1_r40,8,28,84,3743,1.8130872748305575,1.2649719005292857,2.37443607113509,2.0740814515237034,-0.5743674880623688,1.5551347587845317,26,1.0,1.0
H1_directed_river,E1_r40,10,262,785,15200,2.6069495184735714,2.0267638343396155,4.1777174977049185,8.069486922672551,-2.0515735669550192,1.353046268341588,233,1.0,1.0
H1_directed_river,E1_r40,11,100,299,7219,1.6862142359853898,1.247782338788873,2.27433677163486,2.4620156570627576,-1.294473445339562,1.1218189745464109,79,1.0,1.0
H1_directed_river,E1_r60,5,75,225,7654,1.129453359052715,0.9934148213898883,1.8282611161361026,2.209039257388951,-3.3343053960063047,1.0598695164635068,74,1.0,1.0
H1_directed_river,E1_r60,6,12,36,1420,1.8843773900411787,1.1330585557390267,2.652230515130716,2.636477681123749,-1.219906000821095,0.883114449277447,12,1.0,1.0
H1_directed_river,E1_r60,7,93,279,11096,1.9636410409202372,1.516944780602659,3.150062993637532,4.07800825826079,-2.050772768199878,1.300691640540345,90,1.0,1.0
H1_directed_river,E1_r60,8,28,84,5608,1.8722254449900257,1.2819303385169376,2.4111790721167283,2.090170203003876,-0.7011484586382545,1.5670267543892638,28,1.0,1.0
H1_directed_river,E1_r60,10,262,786,22897,2.726999435815897,2.146542908305822,4.311747037738267,8.049840140894226,-2.170052564910038,1.4125128084590077,257,1.0,1.0
H1_directed_river,E1_r60,11,100,300,10812,1.868674878828905,1.3474406474519727,2.489485053194516,2.6655311219385855,-3.7529228885469044,1.2356803232464064,91,1.0,1.0
H1_directed_river,E2a,5,8,8,326,0.9704182185362196,0.8367418804051686,1.1328701153370369,1.0491546160768324,-1.930617523746751,0.7088962439777089,7,1.0,1.0
H1_directed_river,E2a,6,2,2,115,0.35854118497525017,0.35563334019287773,0.488887212297663,0.495992716867454,-0.9494460770186021,0.35854118497525017,2,1.0,1.0
H1_directed_river,E2a,7,21,21,599,1.2761408867776012,1.3196212333908464,1.4462203327927239,1.6886446623336773,-5.137816628738989,1.1361076491219657,15,1.0,1.0
H1_directed_river,E2a,8,14,14,537,1.1349194752621357,1.146794917197201,1.348588054601814,1.6490691618933055,-0.20026566604243226,0.8446191837448358,11,1.0,1.0
H1_directed_river,E2a,10,49,49,840,1.6881624075964115,1.3000681213324978,1.814171722283854,1.948346006527806,-2.7278665526030457,0.9858269691467285,20,1.0,1.0
H1_directed_river,E2a,11,45,45,767,1.265520704237138,1.485913202341408,1.5123727949558654,2.1964917069515577,-4.038593555168113,0.8678680896759033,23,1.0,1.0
H1_directed_river,E2b,5,8,8,262,0.9448481963799464,0.8181086503367387,1.1044015131182603,1.0241330937922384,-1.8735495832770948,0.7279019103393898,7,1.0,1.0
H1_directed_river,E2b,6,2,2,90,0.37099341785206513,0.3678474333551195,0.5127611983250671,0.5293001183904051,-1.1170671620909407,0.37099341785206513,2,1.0,1.0
H1_directed_river,E2b,7,21,21,491,1.2774337634846946,1.2735126814871358,1.4368637663790875,1.6222387814579575,-4.454191363926725,1.2180407306422358,13,1.0,1.0
H1_directed_river,E2b,8,14,14,445,1.0809575218224157,1.1267456027898897,1.2922646237113153,1.6409406597506675,-0.14893505246734987,0.8024360500507473,11,1.0,1.0
H1_directed_river,E2b,10,42,42,653,1.5658770464154277,1.2352228150981126,1.6870974859367582,1.793096096857321,-2.756579744360597,0.9123950600624084,20,1.0,1.0
H1_directed_river,E2b,11,45,45,606,1.241202102104936,1.373125558344051,1.486546981896562,2.050838828218308,-5.550117997762036,0.8825336694717407,17,1.0,1.0
H1_directed_river,E3,5,43,53,2638,1.4042463521043242,1.2458969964910585,2.3136435523567025,2.5495484001180664,-1.0118093486587856,1.3396687303270614,42,1.0,1.0
H1_directed_river,E3,6,8,9,696,2.5247929812287517,1.6923856629037308,3.1703389026125284,2.8821445943410455,-5.208645186028062,1.30306389509733,8,1.0,1.0
H1_directed_river,E3,7,25,29,2684,1.7831097425059375,1.8278369744781588,2.4954566571865215,2.907154939512662,-1.5348668482513748,1.750086931295173,25,1.0,1.0
H1_directed_river,E3,8,4,4,654,2.1047176410676554,1.587998235262133,2.563334736559024,2.1020822140282798,-5.072443235503942,1.6287543346622475,4,1.0,1.0
H1_directed_river,E3,10,86,106,4379,3.4110836915583507,3.0647567814242813,5.5823732958858105,11.664782445711,-1.3470196790626108,2.0873068706083795,84,1.0,1.0
H1_directed_river,E3,11,35,42,2930,1.9794538100436296,1.4494240606909319,2.4397594389182977,2.663685348146925,-2.730555731147087,1.3191868579515846,34,1.0,1.0
H2E_transport_river,E1,5,75,224,2488,1.0091858496140813,0.8898777516373101,1.6634518852732256,2.2993526178313517,-0.07390326227430995,0.7946227264404296,35,1.0,1.0
H2E_transport_river,E1,6,12,36,469,1.7770667750252602,1.0395824611822426,2.5685584550920564,2.4398496168165207,-0.5711494239723767,0.7700495531161626,5,1.0,1.0
H2E_transport_river,E1,7,93,278,3766,1.6342682808538547,1.2707215674811072,2.5874463980120246,3.1602940751116884,-0.3622844327040992,1.0258330878089457,53,1.0,1.0
H2E_transport_river,E1,8,28,84,1877,1.4122915925617041,1.0496245029128861,1.8874324638807065,1.7546867410325144,-0.040413688308038515,1.1917271472158886,19,1.0,1.0
H2E_transport_river,E1,10,262,783,7604,2.392353851740534,1.879274974047534,3.722411784980006,7.3101980366066766,-0.1252055222265351,1.1614038395610722,99,1.0,1.0
H2E_transport_river,E1,11,100,291,3626,1.431194709731062,1.1140709199294883,1.9972448238583198,2.5723388384788017,-0.15226354104008485,1.1165139004265592,49,1.0,1.0
H2E_transport_river,E1_r40,5,75,225,5085,1.028352765483044,0.9057114740271367,1.7234629208543364,2.189643074718665,-2.6507905015793236,0.8661804318428039,69,1.0,1.0
H2E_transport_river,E1_r40,6,12,36,937,1.6446353666547873,0.9835174578930805,2.456010076230619,2.4747735601989436,-0.24024990021576054,0.7409050118732693,11,1.0,1.0
H2E_transport_river,E1_r40,7,93,278,7473,1.7426343452913384,1.3981043119928165,2.7731907903998487,3.8802316662600655,-0.4911013905503998,1.1809001248199622,85,1.0,1.0
H2E_transport_river,E1_r40,8,28,84,3743,1.463648897191453,1.1270162930327432,2.04266367623154,1.9231903466155305,-0.09456596305668752,1.2667517404232995,26,1.0,1.0
H2E_transport_river,E1_r40,10,262,785,15200,2.4470861524613654,1.9075536840600207,3.9885354386243126,8.00031914772636,-1.4946121170365922,1.178933356483424,233,1.0,1.0
H2E_transport_river,E1_r40,11,100,299,7219,1.4416383460601787,1.1213582414642962,2.0404726230558614,2.3195006066207933,-0.5068954065526017,1.0982259569068749,79,1.0,1.0
H2E_transport_river,E1_r60,5,75,225,7654,1.036532973862622,0.9313796140333365,1.7259237149466318,2.136137106111471,-2.482506198935857,0.9434090129152656,74,1.0,1.0
H2E_transport_river,E1_r60,6,12,36,1420,1.6891822386412925,1.0618732637502777,2.3845226729031244,2.420897935563154,-0.4866044180984725,0.8158206364787217,12,1.0,1.0
H2E_transport_river,E1_r60,7,93,279,11096,1.796503247328271,1.4089348568348046,2.8683353841294714,3.7521398748007,-0.5439838914383262,1.1614669210770552,90,1.0,1.0
H2E_transport_river,E1_r60,8,28,84,5608,1.5932739900986923,1.1976605443796742,2.1515593272277482,1.9420722880204935,-0.3720055082967448,1.5131542418414652,28,1.0,1.0
H2E_transport_river,E1_r60,10,262,786,22897,2.4836976723253557,1.9542669784610394,4.069258407803191,8.002315943031801,-1.5318852290164413,1.2684576047773537,257,1.0,1.0
H2E_transport_river,E1_r60,11,100,300,10812,1.611479105426723,1.2213892114248446,2.214204106377742,2.4853123871115095,-1.4348008449897922,1.1353237183186513,91,1.0,1.0
H2E_transport_river,E2a,5,8,8,326,0.9828746884765838,0.9060337536174096,1.121420815564659,1.1369554932783412,-2.039523930008466,0.9093404370693867,7,1.0,1.0
H2E_transport_river,E2a,6,2,2,115,0.6397165345810193,0.6415002320123755,0.6943221431813011,0.7009133189462835,-3.0402964699423825,0.6397165345810193,2,1.0,1.0
H2E_transport_river,E2a,7,21,21,599,1.3918867878761816,1.3833468565359737,1.5238928534022325,1.652750909167722,-8.558176794964707,1.273698376757758,15,1.0,1.0
H2E_transport_river,E2a,8,14,14,537,1.1906187593924493,1.2573361321312533,1.4345018812078245,1.8000947066063357,-0.6402006854969905,0.9404835358813957,11,1.0,1.0
H2E_transport_river,E2a,10,49,49,840,1.1871096288135876,1.1761713529981317,1.2927362151157014,1.721799050577318,-2.0402944604630253,0.6159152984619141,20,1.0,1.0
H2E_transport_river,E2a,11,45,45,767,1.2068163058507966,1.4307901136955972,1.3962050504629568,1.9646049799034662,-2.3919884341577795,0.9371976017951965,23,1.0,1.0
H2E_transport_river,E2b,5,8,8,262,0.9245212227331133,0.8713106269599827,1.075261708226559,1.0874675238755147,-2.308335070468394,0.8469493894866018,7,1.0,1.0
H2E_transport_river,E2b,6,2,2,90,0.5329246077091754,0.5381017473008898,0.6020734870429687,0.6129566491803765,-2.08447705033767,0.5329246077091754,2,1.0,1.0
H2E_transport_river,E2b,7,21,21,491,1.3079333017620387,1.2767896312317393,1.4377700176625503,1.5513065168608824,-5.4614036253726335,1.1494131939751762,13,1.0,1.0
H2E_transport_river,E2b,8,14,14,445,1.1254612886882034,1.2071940304188247,1.3965730373780403,1.758462282022375,-0.5034458940362652,0.884271122234455,11,1.0,1.0
H2E_transport_river,E2b,10,42,42,653,1.2349353193296408,1.0491604217161263,1.3546745938897384,1.5213424189163738,-1.6250539149729122,0.7194292580610828,20,1.0,1.0
H2E_transport_river,E2b,11,45,45,606,1.125390628296227,1.2625807460286829,1.3112738065192195,1.7706134647096077,-2.971527069155208,0.8601641654968262,17,1.0,1.0
H2E_transport_river,E3,5,43,53,2638,1.271951791501389,1.0880914075840957,2.217892407549571,2.4820767371779433,-1.1357203858932703,1.1039962103200514,42,1.0,1.0
H2E_transport_river,E3,6,8,9,696,2.3764799221286355,1.6889833578433113,3.1943389952918917,2.9102188558198714,-6.47432105517608,1.4039740457494034,8,1.0,1.0
H2E_transport_river,E3,7,25,29,2684,1.4380133697649027,1.3636069831878346,2.1866441529721947,2.6118057549630906,-0.6633128260870322,1.2888853311538697,25,1.0,1.0
H2E_transport_river,E3,8,4,4,654,2.2528705294200924,1.3351903964255563,2.7488985706302516,2.062523071827961,-9.529833926748008,1.581216661313007,4,1.0,1.0
H2E_transport_river,E3,10,86,106,4379,3.2707975100676445,2.7656357580088513,5.387083668381138,11.531733339658956,-1.010416467097236,2.075022996178475,84,1.0,1.0
H2E_transport_river,E3,11,35,42,2930,1.7438188775987102,1.3789843770627683,2.2119094128750993,2.3048865836432992,-2.530448347308908,1.209239239494006,34,1.0,1.0
H2X_transport_enc_river,E1,5,75,224,2488,0.9983590058125831,0.8932388525252557,1.6708236737205824,2.321070625130431,-0.13654117285724854,0.7844874492058387,35,1.0,1.0
H2X_transport_enc_river,E1,6,12,36,469,1.6426652754036342,1.009597359944,2.434524801583007,2.3986399732757477,-0.07657680530913967,0.5713881641626358,5,1.0,1.0
H2X_transport_enc_river,E1,7,93,278,3766,1.5709309274000343,1.277480849672744,2.5299622479480743,3.087535589478164,-0.3069029176813365,1.157616428706957,53,1.0,1.0
H2X_transport_enc_river,E1,8,28,84,1877,1.296495706334642,1.002142898726476,1.8028338059860596,1.7008014538451444,-0.07016549986232182,1.064129750137134,19,1.0,1.0
H2X_transport_enc_river,E1,10,262,783,7604,2.4388271897850005,1.914735647913917,3.7611057063750684,7.426268421439626,-0.1265718579871372,1.1009420298394703,99,1.0,1.0
H2X_transport_enc_river,E1,11,100,291,3626,1.4128670000295491,1.0956165551342034,2.0064615400350108,2.566618229943935,-0.19138909566849333,1.0054272071090566,49,1.0,1.0
H2X_transport_enc_river,E1_r40,5,75,225,5085,1.0103885258520107,0.895776486900821,1.7123232182769066,2.2026288355069057,-0.3522740340434471,0.8057374914487203,69,1.0,1.0
H2X_transport_enc_river,E1_r40,6,12,36,937,1.553391567157073,0.9589280290181252,2.3675623879917493,2.4056090601026736,-0.14526738680241089,0.6137268042945381,11,1.0,1.0
H2X_transport_enc_river,E1_r40,7,93,278,7473,1.711029590203083,1.348508747289311,2.7601224029229763,3.8962912070386047,-0.36312729268674715,1.1541504616640053,85,1.0,1.0
H2X_transport_enc_river,E1_r40,8,28,84,3743,1.4677885365455876,1.1228390466536298,2.0728725702452033,1.9382898754589128,-0.14633097328849884,1.3517514356516176,26,1.0,1.0
H2X_transport_enc_river,E1_r40,10,262,785,15200,2.3980849537165296,1.867559028907532,3.9956912683575676,8.18151947350935,-0.9177573711980678,1.1441735315901498,233,1.0,1.0
H2X_transport_enc_river,E1_r40,11,100,299,7219,1.4127063552420558,1.1000903096885493,2.0094437692157068,2.292328214050342,-0.5125732368028133,1.067670967455568,79,1.0,1.0
H2X_transport_enc_river,E1_r60,5,75,225,7654,0.9997168740119389,0.9066852266837699,1.7024477476233333,2.126014266638344,-0.8009752759841099,0.8860059482295338,74,1.0,1.0
H2X_transport_enc_river,E1_r60,6,12,36,1420,1.558981508414174,1.0058983254180827,2.2591157900426193,2.331348695696401,-0.40762346099264385,0.7327741169279431,12,1.0,1.0
H2X_transport_enc_river,E1_r60,7,93,279,11096,1.779890418077674,1.4121298091445809,2.899576308284286,3.80378106788877,-0.46695124979730623,1.1795284390449523,90,1.0,1.0
H2X_transport_enc_river,E1_r60,8,28,84,5608,1.5684522878202,1.1486697489935134,2.1625564194793503,1.9405918233234343,-0.33257529053663804,1.4680698608353628,28,1.0,1.0
H2X_transport_enc_river,E1_r60,10,262,786,22897,2.592260597010453,2.0367082640025616,4.19443330471998,8.067697751802626,-1.5446672537031338,1.2190487008258888,257,1.0,1.0
H2X_transport_enc_river,E1_r60,11,100,300,10812,1.566566217416936,1.2096083140013794,2.184659237207891,2.4658601840354613,-1.6221052265715505,1.173549075431285,91,1.0,1.0
H2X_transport_enc_river,E2a,5,8,8,326,0.8588847466541778,0.7590532529573499,1.0020533748105915,0.9604183854594364,-1.108830666978539,0.6455012372895783,7,1.0,1.0
H2X_transport_enc_river,E2a,6,2,2,115,0.31200347746789786,0.32187498082285343,0.42668540459155363,0.4609814852807327,-0.2055310288335791,0.31200347746789786,2,1.0,1.0
H2X_transport_enc_river,E2a,7,21,21,599,0.7847655086584334,0.93255060025567,0.9340848107282091,1.249817831549146,-1.7694952833216429,0.725308073418481,15,1.0,1.0
H2X_transport_enc_river,E2a,8,14,14,537,0.9937045863462401,0.990157281886266,1.2619558899157381,1.5811365826106745,-0.01119152412641965,0.7471998764989901,11,1.0,1.0
H2X_transport_enc_river,E2a,10,49,49,840,1.292633232174151,0.9920633404382637,1.4143848105040482,1.584975979517587,-1.1025201934865296,0.5769597887992859,20,1.0,1.0
H2X_transport_enc_river,E2a,11,45,45,767,1.0542663000972017,1.087719825947611,1.2566650228659944,1.694251773960344,-0.5952104414961531,0.7738117277622223,23,1.0,1.0
H2X_transport_enc_river,E2b,5,8,8,262,0.9788983553692087,0.9050995737086726,1.1107959581929419,1.1430253666555488,-2.0772455063801445,0.6849852593632432,7,1.0,1.0
H2X_transport_enc_river,E2b,6,2,2,90,0.33044742104135644,0.3588951799604628,0.42013307716014114,0.47580073426945685,-0.09915359842346427,0.33044742104135644,2,1.0,1.0
H2X_transport_enc_river,E2b,7,21,21,491,0.9245787262464304,1.0161988055390399,1.0716119550904195,1.2945338130615884,-2.337890023233645,0.8008005619049072,13,1.0,1.0
H2X_transport_enc_river,E2b,8,14,14,445,0.9874472348113604,1.0219189772445165,1.257252961288885,1.6151881768987566,-0.007504578152142247,0.7182312798047776,11,1.0,1.0
H2X_transport_enc_river,E2b,10,42,42,653,1.382431561902705,1.1683624526899405,1.5201728881021748,1.798212649532431,-2.4519852584681514,0.6754786393472126,20,1.0,1.0
H2X_transport_enc_river,E2b,11,45,45,606,1.0996434168785594,1.1769422530242712,1.3078806089542219,1.689970301334714,-1.7370863650830244,0.7947475569588798,17,1.0,1.0
H2X_transport_enc_river,E3,5,43,53,2638,1.2292549444615142,1.0762416167499622,2.153865810657378,2.446155391846694,-0.5995855965677771,1.0721225820738693,42,1.0,1.0
H2X_transport_enc_river,E3,6,8,9,696,2.3837772021398966,1.5754960103966724,3.2204773482820044,2.9013536830123057,-5.493811002691562,1.3323325992228594,8,1.0,1.0
H2X_transport_enc_river,E3,7,25,29,2684,1.4222904112373729,1.374246162935625,2.1913672481384925,2.6368284574366743,-0.6257995077612896,1.2470055201957966,25,1.0,1.0
H2X_transport_enc_river,E3,8,4,4,654,2.6916555460457943,2.179850686580763,3.4728086443141555,3.3066644870069966,-36.11138951586627,2.892078999057412,4,1.0,1.0
H2X_transport_enc_river,E3,10,86,106,4379,3.0808637531741474,2.6564471361047195,5.228312154331382,11.473756459207001,-0.907220442183348,1.8857872826712472,84,1.0,1.0
H2X_transport_enc_river,E3,11,35,42,2930,1.7360923319543704,1.2619918800356444,2.196470259891762,2.3634535030136865,-2.111269002289805,1.0893235445022582,34,1.0,1.0
H2_transport_river,E1,5,75,224,2488,1.0416894984474265,0.9119483896821642,1.705524590897478,2.317558942437263,-0.4136158566692672,0.8013393445448442,35,1.0,1.0
H2_transport_river,E1,6,12,36,469,1.8922797085796397,1.1027218131368348,2.6742863534778176,2.5452681235269594,-0.5566413018158016,0.8983953886307203,5,1.0,1.0
H2_transport_river,E1,7,93,278,3766,1.6342586845630196,1.2744950582800048,2.5391720360436203,3.037288644774755,-0.2878843490334277,1.14064459502697,53,1.0,1.0
H2_transport_river,E1,8,28,84,1877,1.4246537692403973,1.07163560399999,1.8906666600956836,1.7441408692207019,-0.07643431289821791,1.3075350670754409,19,1.0,1.0
H2_transport_river,E1,10,262,783,7604,2.4121287675617094,1.8765532057075862,3.728832670003576,7.313351856984718,-0.11604150241698119,1.1693728929692573,99,1.0,1.0
H2_transport_river,E1,11,100,291,3626,1.509658303952984,1.119740619248635,2.0849832504529355,2.5805663182195477,-0.689290824256129,1.1105340756897457,49,1.0,1.0
H2_transport_river,E1_r40,5,75,225,5085,1.0860863826569298,0.9381741489632643,1.7858214545167093,2.239347734359736,-4.056571764872401,0.9171713410683398,69,1.0,1.0
H2_transport_river,E1_r40,6,12,36,937,1.78251841056428,1.0636216674950232,2.5589352537160064,2.493189205460288,-0.44319513423294715,0.9964849803505874,11,1.0,1.0
H2_transport_river,E1_r40,7,93,278,7473,1.8111034160707482,1.40359242182391,2.890749633410587,4.047346200482936,-0.4873645987362925,1.190018265587943,85,1.0,1.0
H2_transport_river,E1_r40,8,28,84,3743,1.5725641900430982,1.1768366076826509,2.150799705731171,1.9508329814003433,-0.3280682510651532,1.404405356665789,26,1.0,1.0
H2_transport_river,E1_r40,10,262,785,15200,2.4715417184740742,1.9190338351543208,4.082631655993533,8.161917185072552,-2.1435070090493404,1.1630442481855663,233,1.0,1.0
H2_transport_river,E1_r40,11,100,299,7219,1.518086078196631,1.1437648416354,2.0917631233957215,2.34548126695304,-0.5813284001856969,1.089649985697171,79,1.0,1.0
H2_transport_river,E1_r60,5,75,225,7654,1.0507924761993697,0.9420533747002696,1.7567441001346193,2.1531023460201717,-1.6543449989905206,0.9761830750511202,74,1.0,1.0
H2_transport_river,E1_r60,6,12,36,1420,1.7467944333022105,1.0630738695322628,2.50650246215104,2.5142962184661144,-0.8770448562896106,0.9447977166720947,12,1.0,1.0
H2_transport_river,E1_r60,7,93,279,11096,1.822664530405414,1.4318827645512058,2.9235544045570463,3.778831749361857,-0.5961326552736815,1.2151348296910116,90,1.0,1.0
H2_transport_river,E1_r60,8,28,84,5608,1.6232195763851567,1.1755178243867765,2.202040359443749,1.9528554648645395,-0.3981050443595732,1.620387523639493,28,1.0,1.0
H2_transport_river,E1_r60,10,262,786,22897,2.5719226314230283,2.0249360847902405,4.202210251991505,8.031148846307877,-1.6827997697817083,1.3368806472865704,257,1.0,1.0
H2_transport_river,E1_r60,11,100,300,10812,1.6027448158245485,1.1986526979827414,2.1874870921896967,2.4382377527447217,-1.910013959822564,1.1515303051113426,91,1.0,1.0
H2_transport_river,E2a,5,8,8,326,0.9347444755874037,0.8596225640525116,1.0511560743047896,1.0609750050552897,-1.5521748499162935,0.6322724660237631,7,1.0,1.0
H2_transport_river,E2a,6,2,2,115,0.34404103150136245,0.3593735275061234,0.4573276997194555,0.48320179521671236,-0.4647267998113892,0.34404103150136245,2,1.0,1.0
H2_transport_river,E2a,7,21,21,599,0.9968706095364229,1.0167496757634693,1.1586025118983734,1.2737154025770048,-3.2859856213757146,0.9822958487051504,15,1.0,1.0
H2_transport_river,E2a,8,14,14,537,1.0150847139815817,0.9787124299914255,1.29000432381399,1.5871587713505662,0.05409989123632918,0.7155784342953568,11,1.0,1.0
H2_transport_river,E2a,10,49,49,840,1.3465135597572828,1.1850776001101448,1.4576591671574635,1.747515849460143,-2.026993902086373,0.7508296370506287,20,1.0,1.0
H2_transport_river,E2a,11,45,45,767,1.1813766244506758,1.2848406920143958,1.377792726026035,1.9120246336198703,-1.4740078181090528,0.9705751180648804,23,1.0,1.0
H2_transport_river,E2b,5,8,8,262,0.8478723735904538,0.7788132090149945,0.979644398721503,0.9544308611448586,-1.2325204831175793,0.6413890970259559,7,1.0,1.0
H2_transport_river,E2b,6,2,2,90,0.3697766094398098,0.39023145437240603,0.4814445400206636,0.5249908796247319,-0.574406691841095,0.3697766094398098,2,1.0,1.0
H2_transport_river,E2b,7,21,21,491,0.9582878349454115,0.9582973012127847,1.1113052570843414,1.2304773542509069,-3.087231194596667,0.9856435457865397,13,1.0,1.0
H2_transport_river,E2b,8,14,14,445,0.9959311596960471,1.0104517534877477,1.2938008084108439,1.6333950048920927,-0.0065241695143279125,0.8200180625991376,11,1.0,1.0
H2_transport_river,E2b,10,42,42,653,1.38464638119749,1.1018012130881158,1.48929837589422,1.60610779819354,-1.922358512381063,0.5969665254865374,20,1.0,1.0
H2_transport_river,E2b,11,45,45,606,1.089238010963928,1.167085843511147,1.2827928081241902,1.7840787994493588,-1.5206112639209959,0.7572803497314453,17,1.0,1.0
H2_transport_river,E3,5,43,53,2638,1.3688809997477762,1.213939013119174,2.293910796353233,2.567369183628271,-1.2556198497522704,1.0647387653589249,42,1.0,1.0
H2_transport_river,E3,6,8,9,696,3.127045707156708,2.4129378072831824,3.706610360030705,3.3783404755151296,-16.32968144584341,2.010164207008918,8,1.0,1.0
H2_transport_river,E3,7,25,29,2684,1.653534540113176,1.6673626866186073,2.327360200003189,2.7512148938435432,-1.1816192616533459,1.6124951513802133,25,1.0,1.0
H2_transport_river,E3,8,4,4,654,1.808112686639478,0.9418249706244979,2.2206550030277263,1.6051593785815796,-2.2248896402120155,0.9571753416348386,4,1.0,1.0
H2_transport_river,E3,10,86,106,4379,3.4310766918862625,2.906099282091109,5.529376379591751,11.579291001826393,-1.450223737409689,2.0404849146093644,84,1.0,1.0
H2_transport_river,E3,11,35,42,2930,2.172245020160586,1.7064793941103964,2.602818981027581,2.941249741504664,-3.1570013936837094,1.249476745361235,34,1.0,1.0
