station,huc2,huc2_source,site_tp_cd,site_type_group,n_observed_months,obs_mean,obs_median,obs_max,obs_min,n_obs_ge_100,n_obs_ge_400,first_month,last_month
03010958,5,graph_nodes.huc_cd,ST,ST,27,2.4037036895751953,2.0999999046325684,5.099999904632568,1.100000023841858,0,0,2010-11-01,2015-07-01
03016000,5,graph_nodes.huc_cd,ST,ST,34,3.029412031173706,2.950000047683716,5.5,1.899999976158142,0,0,2008-12-01,2015-07-01
03024000,5,graph_nodes.huc_cd,ST,ST,29,3.481034755706787,3.4000000953674316,4.900000095367432,2.0,0,0,1996-04-01,1998-09-01
03025490,5,graph_nodes.huc_cd,ST,ST,35,4.231428623199463,4.099999904632568,8.0,2.0,0,0,2008-11-01,2015-09-01
03030852,5,graph_nodes.huc_cd,ST,ST,35,2.8028571605682373,2.299999952316284,7.300000190734863,1.0,0,0,2008-11-01,2015-09-01
03037525,5,graph_nodes.huc_cd,ST,ST,30,2.068333387374878,2.0,4.0,0.800000011920929,0,0,1996-04-01,1998-09-01
03039420,5,graph_nodes.huc_cd,ST,ST,25,1.6720001697540283,1.7000000476837158,3.200000047683716,0.800000011920929,0,0,1983-08-01,1986-02-01
03039925,5,graph_nodes.huc_cd,ST,ST,110,1.0972727537155151,0.8999999761581421,4.199999809265137,0.30000001192092896,0,0,1983-08-01,1993-09-01
03039930,5,graph_nodes.huc_cd,ST,ST,26,1.2461539506912231,1.1500000953674316,2.200000047683716,0.6000000238418579,0,0,1983-08-01,1985-10-01
03040000,5,graph_nodes.huc_cd,ST,ST,30,1.309444546699524,1.1500000953674316,4.300000190734863,0.800000011920929,0,0,1996-04-01,1998-09-01
03049625,5,graph_nodes.huc_cd,ST,ST,48,2.8104169368743896,2.1500000953674316,20.0,1.2000000476837158,0,0,1977-12-01,1999-01-01
03049646,5,graph_nodes.huc_cd,ST,ST,30,2.438999891281128,2.0250000953674316,5.400000095367432,1.399999976158142,0,0,1996-04-01,1998-09-01
03049652,5,graph_nodes.huc_cd,ST,ST,44,2.410227060317993,2.299999952316284,4.099999904632568,1.399999976158142,0,0,2008-12-01,2015-09-01
03072000,5,graph_nodes.huc_cd,ST,ST,30,2.323333263397217,2.299999952316284,5.800000190734863,1.100000023841858,0,0,1996-04-01,1998-09-01
03072859,5,graph_nodes.huc_cd,ST,ST,35,2.234761953353882,2.200000047683716,4.599999904632568,1.100000023841858,0,0,2020-12-01,2025-08-01
03075001,5,graph_nodes.huc_cd,ST,ST,72,2.0673611164093018,2.0,4.199999809265137,0.8999999761581421,0,0,2008-12-01,2015-09-01
03079700,5,graph_nodes.huc_cd,ST,ST,26,1.682692289352417,1.274999976158142,5.900000095367432,0.30000001192092896,0,0,1983-08-01,1986-02-01
03079705,5,graph_nodes.huc_cd,ST,ST,25,1.808000087738037,1.600000023841858,3.5999999046325684,0.6000000238418579,0,0,1983-09-01,1986-02-01
03083500,5,graph_nodes.huc_cd,ST,ST,105,1.9147617816925049,1.7999999523162842,4.0,0.8999999761581421,0,0,1996-04-01,2015-09-01
03085000,5,graph_nodes.huc_cd,ST,ST,127,1.9448820352554321,1.899999976158142,3.700000047683716,1.0,0,0,1977-12-01,2015-09-01
03086000,5,graph_nodes.huc_cd,ST,ST,107,2.6329751014709473,2.180000066757202,36.400001525878906,1.2999999523162842,0,0,2000-11-01,2015-09-01
03104500,5,graph_nodes.huc_cd,ST,ST,39,4.941025733947754,4.900000095367432,7.800000190734863,3.4000000953674316,0,0,2008-11-01,2015-09-01
03107500,5,graph_nodes.huc_cd,ST,ST,78,4.724359035491943,4.5,7.400000095367432,1.2999999523162842,0,0,1978-03-01,2015-09-01
03110983,5,graph_nodes.huc_cd,ST,ST,0,,,,,0,0,,
03127970,5,graph_nodes.huc_cd,ST,ST,34,3.4782352447509766,2.549999952316284,11.0,0.5,0,0,1978-12-01,1981-09-01
03144270,5,graph_nodes.huc_cd,ST,ST,31,3.8422043323516846,3.0,11.600000381469727,1.0,0,0,1978-12-01,1981-08-01
03144289,5,graph_nodes.huc_cd,ST,ST,31,4.389785289764404,3.700000047683716,8.100000381469727,1.7999999523162842,0,0,1978-12-01,1981-08-01
03176500,5,graph_nodes.huc_cd,ST,ST,25,2.7033333778381348,1.7000000476837158,14.0,1.100000023841858,0,0,1979-06-01,1998-09-01
03185400,5,graph_nodes.huc_cd,ST,ST,24,1.7995834350585938,1.7999999523162842,2.890000104904175,1.100000023841858,0,0,1996-10-01,2002-07-01
03198350,5,graph_nodes.huc_cd,ST,ST,42,1.1555554866790771,1.100000023841858,2.200000047683716,0.6000000238418579,0,0,1996-10-01,2000-03-01
03201300,5,graph_nodes.huc_cd,ST,ST,56,2.2169642448425293,1.899999976158142,11.0,1.100000023841858,0,0,1977-11-01,2000-03-01
03201600,5,graph_nodes.huc_cd,ST,ST,35,2.5328571796417236,2.3499999046325684,6.25,0.30000001192092896,0,0,1978-10-01,1981-09-01
03201660,5,graph_nodes.huc_cd,ST,ST,25,2.8479998111724854,2.200000047683716,7.099999904632568,0.30000001192092896,0,0,1979-07-01,1981-07-01
03201700,5,graph_nodes.huc_cd,ST,ST,42,3.0464284420013428,2.549999952316284,9.5,0.699999988079071,0,0,1978-10-01,1983-06-01
03201720,5,graph_nodes.huc_cd,ST,ST,31,3.702150583267212,2.9000000953674316,11.0,1.0,0,0,1978-11-01,1981-06-01
03201722,5,graph_nodes.huc_cd,ST,ST,36,2.801851749420166,2.6750001907348633,9.199999809265137,0.30000001192092896,0,0,1978-10-01,1981-09-01
03207962,5,graph_nodes.huc_cd,ST,ST,21,2.6619045734405518,2.4000000953674316,6.400000095367432,0.30000001192092896,0,0,1976-08-01,1979-04-01
03207965,5,graph_nodes.huc_cd,ST,ST,18,4.175000190734863,3.6500000953674316,11.0,0.699999988079071,0,0,1976-08-01,1979-04-01
03209500,5,graph_nodes.huc_cd,ST,ST,31,3.703225612640381,2.299999952316284,15.0,1.0,0,0,1976-08-01,1985-11-01
03212500,5,graph_nodes.huc_cd,ST,ST,25,3.444000244140625,2.700000047683716,11.0,1.5,0,0,1977-05-01,1985-11-01
03215000,5,graph_nodes.huc_cd,ST,ST,29,3.544827699661255,2.9000000953674316,11.0,1.2999999523162842,0,0,1978-07-01,1985-11-01
03216600,5,graph_nodes.huc_cd,ST,ST,120,3.2250280380249023,2.700000047683716,17.0,1.2999999523162842,0,0,1978-03-01,2007-08-01
03245500,5,graph_nodes.huc_cd,ST,ST,38,4.810525417327881,4.199999809265137,14.0,3.0,0,0,1977-11-01,2000-09-01
03267900,5,graph_nodes.huc_cd,ST,ST,56,2.600565195083618,2.109999895095825,8.449999809265137,1.100000023841858,0,0,1998-10-01,2004-09-01
03280000,5,graph_nodes.huc_cd,ST,ST,45,3.014444351196289,2.9000000953674316,8.199999809265137,1.5,0,0,1987-04-01,1991-08-01
03281000,5,graph_nodes.huc_cd,ST,ST,35,2.497142791748047,2.4000000953674316,4.300000190734863,1.2999999523162842,0,0,1987-04-01,1990-03-01
03281500,5,graph_nodes.huc_cd,ST,ST,36,2.426388740539551,2.25,4.699999809265137,1.100000023841858,0,0,1987-04-01,1990-03-01
03284000,5,graph_nodes.huc_cd,ST,ST,43,3.4678292274475098,3.0,15.0,1.600000023841858,0,0,1987-04-01,1991-08-01
03287500,5,graph_nodes.huc_cd,ST,ST,35,3.4085710048675537,3.0,16.299999237060547,1.7999999523162842,0,0,1987-04-01,1990-03-01
03289500,5,graph_nodes.huc_cd,ST,ST,45,5.333333492279053,3.9000000953674316,44.0,1.7999999523162842,0,0,1987-04-01,1991-08-01
03290500,5,graph_nodes.huc_cd,ST,ST,58,3.848850727081299,3.549999952316284,10.0,1.899999976158142,0,0,1978-07-01,1991-08-01
03303280,5,graph_nodes.huc_cd,ST,ST,299,3.5398495197296143,3.0299999713897705,28.0,1.399999976158142,0,0,1978-03-01,2026-05-01
03339000,5,graph_nodes.huc_cd,ST,ST,15,3.425192356109619,3.4133334159851074,4.53125,2.2874999046325684,0,0,2021-07-01,2024-10-01
03353551,5,graph_nodes.huc_cd,ST,ST,26,7.530769348144531,4.949999809265137,67.0,3.700000047683716,0,0,1990-02-01,1993-12-01
03353600,5,graph_nodes.huc_cd,ST,ST,26,4.8807692527771,4.5,9.600000381469727,3.200000047683716,0,0,1990-02-01,1993-12-01
03353630,5,graph_nodes.huc_cd,ST,ST,26,4.500000476837158,3.950000047683716,8.800000190734863,2.200000047683716,0,0,1990-02-01,1993-08-01
03353637,5,graph_nodes.huc_cd,ST,ST,101,3.8201653957366943,3.4000000953674316,13.899999618530273,2.200000047683716,0,0,1990-02-01,2004-09-01
03354000,5,graph_nodes.huc_cd,ST,ST,37,4.5632429122924805,4.5,7.800000190734863,2.9000000953674316,0,0,1993-03-01,2009-12-01
03357330,5,graph_nodes.huc_cd,ST,ST,32,3.4198436737060547,3.2799999713897705,6.849999904632568,2.130000114440918,0,0,2001-10-01,2004-09-01
03360895,5,graph_nodes.huc_cd,ST-DCH,other,32,5.4820237159729,4.5,20.0,2.299999952316284,0,0,1979-05-01,1995-08-01
03366500,5,graph_nodes.huc_cd,ST,ST,36,5.166389465332031,4.850000381469727,12.0,2.700000047683716,0,0,1993-04-01,2009-12-01
03373500,5,graph_nodes.huc_cd,ST,ST,36,3.644444465637207,3.1500000953674316,7.199999809265137,2.299999952316284,0,0,1993-04-01,2009-12-01
03373530,5,graph_nodes.huc_cd,ST,ST,27,3.5351850986480713,1.899999976158142,16.0,1.100000023841858,0,0,1993-03-01,1995-05-01
03374100,5,graph_nodes.huc_cd,ST,ST,297,4.238204002380371,3.75,14.800000190734863,1.8899999856948853,0,0,1977-11-01,2026-06-01
03378500,5,graph_nodes.huc_cd,ST,ST,290,4.0562238693237305,3.9524998664855957,8.350000381469727,2.109999895095825,0,0,1977-11-01,2026-05-01
03438500,5,graph_nodes.huc_cd,ST,ST,35,2.385999917984009,2.4200000762939453,3.2699999809265137,1.6299999952316284,0,0,1988-08-01,2007-07-01
03612500,5,graph_nodes.huc_cd,ST,ST,202,3.0134942531585693,2.885000228881836,11.0,1.7300000190734863,0,0,1978-04-01,2015-01-01
03612600,5,graph_nodes.huc_cd,ST,ST,111,2.9016215801239014,2.859999895095825,4.159999847412109,2.0999999046325684,0,0,2014-07-01,2026-04-01
385234087071801,5,graph_nodes.huc_cd,ST,ST,24,4.186458110809326,3.9000000953674316,9.449999809265137,2.5999999046325684,0,0,1993-04-01,1995-05-01
391732085414401,5,graph_nodes.huc_cd,ST,ST,28,4.422023773193359,3.5250000953674316,12.0,2.0,0,0,1993-03-01,2004-08-01
393306086585201,5,graph_nodes.huc_cd,ST,ST,26,3.3019232749938965,2.700000047683716,9.600000381469727,1.899999976158142,0,0,1993-03-01,1995-04-01
393944084120700,5,graph_nodes.huc_cd,ST,ST,57,4.161666393280029,4.039999961853027,7.010000228881836,1.940000057220459,0,0,1998-10-01,2004-09-01
394340085524601,5,graph_nodes.huc_cd,ST,ST,249,3.3534581661224365,3.0399999618530273,8.0,1.659999966621399,0,0,1993-03-01,2026-06-01
394957083002900,5,graph_nodes.huc_cd,ST,ST,21,5.485713958740234,5.5,6.699999809265137,4.5,0,0,1990-03-01,1997-12-01
395027082592500,5,graph_nodes.huc_cd,GW,other,20,0.8475000262260437,0.800000011920929,1.2000000476837158,0.6000000238418579,0,0,1983-09-01,1997-12-01
403734080063001,5,graph_nodes.huc_cd,GW,other,9,1.0433334112167358,0.7300000190734863,2.799999952316284,0.550000011920929,0,0,2017-10-01,2023-08-01
03453500,6,graph_nodes.huc_cd,ST,ST,38,5.739210605621338,4.099999904632568,20.0,2.0,0,0,1973-09-01,1997-07-01
03459500,6,graph_nodes.huc_cd,ST,ST,19,12.5571928024292,9.460000038146973,37.0,4.159999847412109,0,0,1978-10-01,1982-08-01
03460000,6,graph_nodes.huc_cd,ST,ST,72,4.4375,2.549999952316284,28.0,0.5,0,0,1973-09-01,2003-07-01
03466208,6,graph_nodes.huc_cd,ST,ST,39,2.213589668273926,1.7200000286102295,7.599999904632568,0.8999999761581421,0,0,1995-08-01,2000-06-01
03467609,6,graph_nodes.huc_cd,ST,ST,39,1.9441025257110596,1.7000000476837158,4.900000095367432,0.800000011920929,0,0,1996-03-01,2000-06-01
03474000,6,graph_nodes.huc_cd,ST,ST,26,1.461538553237915,1.2999999523162842,3.0999999046325684,0.8999999761581421,0,0,1995-08-01,1998-07-01
03497300,6,graph_nodes.huc_cd,ST,ST,199,1.292553424835205,1.0750000476837158,3.809999942779541,0.5299999713897705,0,0,2003-10-01,2026-07-01
03524550,6,graph_nodes.huc_cd,ST,ST,24,2.9454166889190674,2.0999999046325684,20.0,1.2000000476837158,0,0,1996-07-01,2016-08-01
03528000,6,graph_nodes.huc_cd,ST,ST,25,1.5839999914169312,1.600000023841858,2.700000047683716,0.800000011920929,0,0,1996-04-01,1998-05-01
03568000,6,graph_nodes.huc_cd,ST,ST,23,1.9034783840179443,1.7999999523162842,3.200000047683716,1.2999999523162842,0,0,1996-05-01,2000-10-01
03575100,6,graph_nodes.huc_cd,ST,ST,24,2.5830557346343994,2.1500000953674316,5.900000095367432,0.8999999761581421,0,0,1999-01-01,2001-05-01
03609750,6,graph_nodes.huc_cd,ST,ST,270,2.299623489379883,2.2674999237060547,5.0,1.2000000476837158,0,0,1978-08-01,2026-04-01
05267000,7,graph_nodes.huc_cd,ST,ST,40,9.832499504089355,9.399999618530273,14.0,6.900000095367432,0,0,1977-12-01,1998-08-01
05276005,7,graph_nodes.huc_cd,ST,ST,27,6.764814376831055,6.300000190734863,11.699999809265137,4.5,0,0,1996-04-01,1998-06-01
05288500,7,graph_nodes.huc_cd,ST,ST,24,8.604999542236328,8.649999618530273,11.0,6.300000190734863,0,0,1996-04-01,2000-10-01
05288705,7,graph_nodes.huc_cd,ST,ST,205,6.590439319610596,6.199999809265137,66.69999694824219,3.4200000762939453,0,0,1996-03-01,2026-07-01
05311000,7,graph_nodes.huc_cd,ST,ST,36,9.963797569274902,9.550000190734863,24.0,7.199999809265137,0,0,1989-08-01,1993-03-01
05320270,7,graph_nodes.huc_cd,ST,ST,39,7.42230749130249,6.699999809265137,22.799999237060547,4.800000190734863,0,0,1996-03-01,2000-01-01
05320500,7,graph_nodes.huc_cd,ST,ST,14,7.863604545593262,8.162500381469727,11.0,2.700000047683716,0,0,1989-08-01,2013-08-01
05322000,7,graph_nodes.huc_cd,ST,ST,38,6.327556133270264,6.487500190734863,18.260000228881836,3.200000047683716,0,0,1989-08-01,1993-03-01
05325000,7,graph_nodes.huc_cd,ST,ST,7,8.522427558898926,8.699999809265137,11.587499618530273,5.010000228881836,0,0,1991-05-01,2000-10-01
05325050,7,graph_nodes.huc_cd,ST,ST,12,7.367361068725586,7.510000228881836,8.800000190734863,5.199999809265137,0,0,1989-08-01,1992-08-01
05330000,7,graph_nodes.huc_cd,ST,ST,44,6.752651691436768,6.199999809265137,16.0,3.299999952316284,0,0,1977-10-01,1998-09-01
05330902,7,graph_nodes.huc_cd,ST,ST,28,6.019345283508301,5.850000381469727,9.199999809265137,3.5999999046325684,0,0,1996-03-01,1998-06-01
05331580,7,graph_nodes.huc_cd,ST,ST,186,7.457965850830078,7.199999809265137,12.0,5.050000190734863,0,0,1995-10-01,2026-07-01
05331833,7,graph_nodes.huc_cd,ST,ST,29,5.7448272705078125,5.300000190734863,12.0,2.200000047683716,0,0,1996-04-01,1998-09-01
05333500,7,graph_nodes.huc_cd,ST,ST,67,6.637811183929443,5.849999904632568,16.33333396911621,2.700000047683716,0,0,1995-06-01,2001-09-01
05340500,7,graph_nodes.huc_cd,ST,ST,77,8.266666412353516,7.699999809265137,20.0,1.5,0,0,1977-08-01,2001-09-01
05355250,7,graph_nodes.huc_cd,ST,ST,34,7.264706134796143,7.050000190734863,9.5,5.400000095367432,0,0,1996-03-01,1999-02-01
05357206,7,graph_nodes.huc_cd,ST,ST,94,5.312945365905762,4.956250190734863,12.199999809265137,1.7000000476837158,0,0,2008-08-01,2017-06-01
05357215,7,graph_nodes.huc_cd,ST,ST,126,5.326084136962891,5.300000190734863,10.699999809265137,0.30000001192092896,0,0,1991-07-01,2017-06-01
05357225,7,graph_nodes.huc_cd,ST,ST,129,5.680140495300293,5.099999904632568,16.0,1.899999976158142,0,0,1975-08-01,2017-06-01
05357230,7,graph_nodes.huc_cd,ST,ST,127,6.775908470153809,5.800000190734863,23.899999618530273,1.899999976158142,0,0,1991-07-01,2017-06-01
05357239,7,graph_nodes.huc_cd,ST,ST,103,9.673171997070312,9.300000190734863,32.70000076293945,1.2000000476837158,0,0,1991-07-01,2017-06-01
05357245,7,graph_nodes.huc_cd,ST,ST,119,3.1588234901428223,3.0,9.899999618530273,1.7999999523162842,0,0,1991-07-01,2017-06-01
05412500,7,graph_nodes.huc_cd,ST,ST,118,2.7214410305023193,2.0850000381469727,11.800000190734863,0.9300000071525574,0,0,2004-03-01,2014-09-01
05418600,7,graph_nodes.huc_cd,ST,ST,118,2.5359747409820557,1.9850000143051147,11.699999809265137,0.9100000262260437,0,0,2004-03-01,2014-09-01
05420500,7,graph_nodes.huc_cd,ST,ST,296,7.282922744750977,6.599999904632568,29.14285659790039,0.800000011920929,0,0,1978-04-01,2026-06-01
05420680,7,graph_nodes.huc_cd,ST,ST,41,3.9332520961761475,3.4000000953674316,14.0,1.6100000143051147,0,0,1996-03-01,2001-09-01
05422000,7,graph_nodes.huc_cd,ST,ST,150,3.338599920272827,2.890000104904175,12.800000190734863,1.4199999570846558,0,0,1996-03-01,2014-09-01
05427948,7,graph_nodes.huc_cd,ST,ST,25,6.567999839782715,5.300000190734863,23.0,2.200000047683716,0,0,1974-10-01,1977-08-01
05427952,7,graph_nodes.huc_cd,ST,ST,26,5.796153545379639,4.050000190734863,34.0,1.0,0,0,1974-07-01,1977-08-01
05449500,7,graph_nodes.huc_cd,ST,ST,56,4.83101224899292,4.199999809265137,18.0,2.700000047683716,0,0,1985-05-01,2010-07-01
05451070,7,graph_nodes.huc_cd,ST,ST,20,5.058916091918945,4.537499904632568,14.0,3.369999885559082,0,0,2006-05-01,2008-11-01
05451080,7,graph_nodes.huc_cd,ST,ST,19,5.090002536773682,4.5,12.0,2.9000000953674316,0,0,2006-05-01,2008-11-01
05451210,7,graph_nodes.huc_cd,ST,ST,238,4.250247955322266,3.700000047683716,45.29999923706055,0.75,0,0,1996-03-01,2026-06-01
05453100,7,graph_nodes.huc_cd,ST,ST,48,3.5468056201934814,3.2249999046325684,7.400000095367432,1.7599999904632568,0,0,1985-05-01,2010-08-01
05455100,7,graph_nodes.huc_cd,ST,ST,31,4.471505641937256,3.700000047683716,16.0,1.7999999523162842,0,0,1996-03-01,1999-11-01
05457750,7,graph_nodes.huc_cd,ST,ST,19,3.8500001430511475,3.5999999046325684,5.400000095367432,1.7999999523162842,0,0,1984-05-01,1987-01-01
05461390,7,graph_nodes.huc_cd,ST,ST,31,2.682258129119873,1.5,16.0,1.100000023841858,0,0,1996-03-01,1999-07-01
05463050,7,graph_nodes.huc_cd,ST,ST,22,4.858636379241943,4.199999809265137,14.0,2.5,0,0,1984-05-01,2012-09-01
05464020,7,graph_nodes.huc_cd,ST,ST,31,4.0354838371276855,3.5999999046325684,14.0,1.899999976158142,0,0,1984-05-01,1997-02-01
05464220,7,graph_nodes.huc_cd,ST,ST,41,3.7216665744781494,2.5,20.5,1.4900000095367432,0,0,1996-03-01,2013-08-01
05464420,7,graph_nodes.huc_cd,ST,ST,47,3.9304251670837402,2.700000047683716,41.0,1.809999942779541,0,0,2000-11-01,2026-06-01
05464480,7,graph_nodes.huc_cd,ST,ST,78,3.3520514965057373,3.0,11.399999618530273,1.5,0,0,1993-10-01,2016-08-01
05464760,7,graph_nodes.huc_cd,ST,ST,20,4.5416669845581055,4.150000095367432,12.0,2.5999999046325684,0,0,1984-05-01,1987-01-01
05464935,7,graph_nodes.huc_cd,ST,ST,25,3.757999897003174,3.5,8.600000381469727,2.4000000953674316,0,0,1996-10-01,1999-07-01
05465500,7,graph_nodes.huc_cd,ST,ST,291,4.2779436111450195,3.5350000858306885,22.899999618530273,2.0999999046325684,0,0,1977-12-01,2026-06-01
05474000,7,graph_nodes.huc_cd,ST,ST,159,4.8866353034973145,4.130000114440918,23.5,0.800000011920929,0,0,1978-06-01,2014-09-01
05490500,7,graph_nodes.huc_cd,ST,ST,224,4.435795783996582,4.230000019073486,11.350000381469727,2.630000114440918,0,0,2004-03-01,2026-06-01
05520500,7,graph_nodes.huc_cd,ST,ST,40,5.083750247955322,5.0,8.699999809265137,0.5,0,0,1987-04-01,1990-08-01
05526000,7,graph_nodes.huc_cd,ST,ST,39,4.892307758331299,4.599999904632568,7.300000190734863,3.3499999046325684,0,0,1987-04-01,1990-08-01
05531500,7,graph_nodes.huc_cd,ST,ST,19,10.166404724121094,6.866666793823242,32.52000045776367,5.400000095367432,0,0,1999-03-01,2013-08-01
05532500,7,graph_nodes.huc_cd,ST,ST,52,7.5310893058776855,7.449999809265137,11.399999618530273,5.099999904632568,0,0,1987-04-01,2000-04-01
05536995,7,graph_nodes.huc_cd,ST,ST,40,6.0981059074401855,6.25,8.399999618530273,2.0999999046325684,0,0,1987-04-01,1990-08-01
05538020,7,graph_nodes.huc_cd,ST,ST,14,5.166761875152588,5.100000381469727,5.869999885559082,4.260000228881836,0,0,2015-08-01,2024-08-01
05540275,7,graph_nodes.huc_cd,ST,ST,71,4.8423237800598145,4.599999904632568,8.170000076293945,3.240000009536743,0,0,2005-10-01,2011-09-01
05540500,7,graph_nodes.huc_cd,ST,ST,40,5.65149450302124,5.300000190734863,18.0,3.700000047683716,0,0,1987-04-01,1990-08-01
05543500,7,graph_nodes.huc_cd,ST,ST,58,6.123563766479492,5.5,19.0,4.099999904632568,0,0,1977-10-01,1997-01-01
05550000,7,graph_nodes.huc_cd,ST,ST,39,8.315567016601562,8.199999809265137,12.0,5.5,0,0,1987-04-01,1990-08-01
05552500,7,graph_nodes.huc_cd,ST,ST,45,6.035925388336182,5.800000190734863,8.25,3.049999952316284,0,0,1987-04-01,1997-01-01
05553700,7,graph_nodes.huc_cd,ST,ST,35,5.3342766761779785,5.261666774749756,6.699999809265137,4.625,0,0,2021-07-01,2026-07-01
05568000,7,graph_nodes.huc_cd,ST,ST,37,2.506486177444458,2.4000000953674316,4.099999904632568,1.7000000476837158,0,0,1996-10-01,2025-01-01
05572000,7,graph_nodes.huc_cd,ST,ST,43,3.0688273906707764,2.9000000953674316,5.599999904632568,1.5,0,0,1991-05-01,2025-02-01
05583000,7,graph_nodes.huc_cd,ST,ST,44,3.6387879848480225,3.1549999713897705,15.0,1.0,0,0,1979-11-01,2025-02-01
05586100,7,graph_nodes.huc_cd,ST,ST,162,5.299722194671631,4.699999809265137,19.299999237060547,3.299999952316284,0,0,1977-11-01,2018-04-01
05586300,7,graph_nodes.huc_cd,ST,ST,67,4.1604228019714355,4.125,5.199999809265137,1.2699999809265137,0,0,2018-05-01,2026-06-01
05587455,7,graph_nodes.huc_cd,ST,ST,303,5.538795471191406,5.369999885559082,11.100000381469727,2.2799999713897705,0,0,1997-01-01,2026-06-01
07022000,7,graph_nodes.huc_cd,ST,ST,310,5.1735358238220215,4.772500038146973,37.0,3.1050000190734863,0,0,1978-02-01,2026-05-01
415949091405401,7,graph_nodes.huc_cd,GW,other,28,3.2510714530944824,3.0,6.610000133514404,1.850000023841858,0,0,1993-11-01,2003-05-01
415952091440400,7,graph_nodes.huc_cd,GW-CR,other,71,1.7292956113815308,1.6799999475479126,2.7100000381469727,1.159999966621399,0,0,2003-10-01,2022-08-01
415953091435301,7,graph_nodes.huc_cd,GW,other,32,1.708437442779541,1.600000023841858,3.0999999046325684,0.10000000149011612,0,0,1993-11-01,2008-03-01
415953091435302,7,graph_nodes.huc_cd,GW,other,23,1.9034782648086548,1.7699999809265137,3.3399999141693115,1.340000033378601,0,0,2010-03-01,2018-06-01
420004091442300,7,graph_nodes.huc_cd,GW-CR,other,58,1.7368965148925781,1.715000033378601,2.559999942779541,1.25,0,0,2004-03-01,2022-02-01
420010091431801,7,graph_nodes.huc_cd,GW-CR,other,71,1.7977465391159058,1.7699999809265137,3.0299999713897705,1.2599999904632568,0,0,2003-05-01,2022-08-01
420013091431001,7,graph_nodes.huc_cd,GW,other,44,2.3390910625457764,2.1600000858306885,6.300000190734863,1.5399999618530273,0,0,1998-11-01,2010-11-01
420013091442000,7,graph_nodes.huc_cd,GW,other,69,1.9339131116867065,1.8799999952316284,3.369999885559082,1.4700000286102295,0,0,2003-10-01,2022-08-01
420013091442501,7,graph_nodes.huc_cd,GW,other,42,1.8838098049163818,1.809999942779541,2.6500000953674316,1.4700000286102295,0,0,2005-04-01,2016-06-01
420015091431301,7,graph_nodes.huc_cd,GW,other,31,2.637742042541504,2.5999999046325684,3.9100000858306885,1.5,0,0,1998-11-01,2006-12-01
420033091420301,7,graph_nodes.huc_cd,GW,other,22,1.9790905714035034,1.899999976158142,3.0,1.2000000476837158,0,0,1993-11-01,2003-05-01
420035091422301,7,graph_nodes.huc_cd,GW-CR,other,75,1.864400029182434,1.809999942779541,3.880000114440918,1.3300000429153442,0,0,2003-05-01,2022-08-01
420036091444001,7,graph_nodes.huc_cd,GW,other,31,1.7274194955825806,1.649999976158142,3.1600000858306885,1.090000033378601,0,0,2014-03-01,2022-08-01
430356089293601,7,graph_nodes.huc_cd,FA-STS,other,26,37.15658187866211,23.362499237060547,225.0,6.78000020980835,2,0,2012-10-01,2019-05-01
430358089281901,7,graph_nodes.huc_cd,FA-STS,other,25,21.955488204956055,14.733333587646484,72.9000015258789,5.875,0,0,2012-11-01,2019-05-01
430401089304501,7,graph_nodes.huc_cd,FA-STS,other,21,26.433570861816406,17.399999618530273,132.0,6.375,1,0,2013-05-01,2016-11-01
430402089282000,7,graph_nodes.huc_cd,FA-STS,other,22,20.725189208984375,16.100000381469727,58.54999923706055,6.199999809265137,0,0,2012-11-01,2016-11-01
453047089340421,7,graph_nodes.huc_cd,GW,other,26,4.75,4.775000095367432,6.900000095367432,3.200000047683716,0,0,1983-07-01,1986-03-01
453048089343303,7,graph_nodes.huc_cd,AT,other,24,2.8333332538604736,2.3000001907348633,6.5,1.2999999523162842,0,0,1983-07-01,1985-11-01
453055089343120,7,graph_nodes.huc_cd,GW,other,28,2.5660712718963623,2.049999952316284,9.899999618530273,1.2999999523162842,0,0,1983-07-01,1986-09-01
453100089343002,7,graph_nodes.huc_cd,LK,other,32,4.243228912353516,4.150000095367432,6.400000095367432,3.4000000953674316,0,0,1983-07-01,1986-09-01
455901089412020,7,graph_nodes.huc_cd,GW,other,26,4.305768966674805,4.099999904632568,7.099999904632568,2.200000047683716,0,0,1983-07-01,1986-03-01
455904089404711,7,graph_nodes.huc_cd,GW,other,27,1.5580246448516846,1.4500000476837158,3.0,1.0,0,0,1985-01-01,1988-10-01
455909089405602,7,graph_nodes.huc_cd,LK,other,46,4.607283115386963,4.433333396911621,7.150000095367432,2.0,0,0,1983-07-01,1988-10-01
455911089405903,7,graph_nodes.huc_cd,AT,other,24,2.9583332538604736,2.575000047683716,6.900000095367432,1.2000000476837158,0,0,1983-07-01,1985-11-01
460307089391203,7,graph_nodes.huc_cd,AT,other,20,2.5199999809265137,2.375,5.699999809265137,1.399999976158142,0,0,1983-07-01,1985-11-01
07077500,8,graph_nodes.huc_cd,ST,ST,30,7.700333118438721,6.5,15.050000190734863,3.5999999046325684,0,0,1974-01-01,1997-10-01
07077555,8,graph_nodes.huc_cd,ST,ST,46,7.447018146514893,7.0,15.649999618530273,2.5999999046325684,0,0,1987-06-01,1998-01-01
07077800,8,graph_nodes.huc_cd,ST,ST,20,5.359999656677246,5.199999809265137,8.5,2.200000047683716,0,0,1974-01-01,1981-07-01
07288650,8,graph_nodes.huc_cd,ST,ST,211,5.478269100189209,5.380000114440918,11.199999809265137,2.9000000953674316,0,0,1996-02-01,2026-05-01
07288955,8,graph_nodes.huc_cd,ST,ST,232,5.036609649658203,4.930000305175781,9.050000190734863,3.009999990463257,0,0,1996-02-01,2026-06-01
07362000,8,graph_nodes.huc_cd,ST,ST,20,5.455000400543213,4.850000381469727,10.0,2.5,0,0,1977-10-01,1981-09-01
07362587,8,graph_nodes.huc_cd,ST,ST,163,4.576247692108154,3.4000000953674316,20.0,0.4000000059604645,0,0,1991-02-01,2026-05-01
07362588,8,graph_nodes.huc_cd,LK,other,103,3.723381757736206,3.4100000858306885,17.0,1.2999999523162842,0,0,1994-12-01,2022-12-01
07362589,8,graph_nodes.huc_cd,LK,other,103,3.590679883956909,3.3399999141693115,16.0,1.5,0,0,1994-12-01,2022-12-01
07362590,8,graph_nodes.huc_cd,LK,other,121,3.578429937362671,3.319999933242798,13.0,0.30000001192092896,0,0,1991-02-01,2022-12-01
07369500,8,graph_nodes.huc_cd,ST,ST,37,7.297297477722168,6.566666603088379,19.0,3.5999999046325684,0,0,1978-01-01,1998-01-01
07373420,8,graph_nodes.huc_cd,ST,ST,320,3.7882628440856934,3.622499942779541,11.0,2.200000047683716,0,0,1978-01-01,2026-06-01
07374000,8,graph_nodes.huc_cd,ST,ST,135,3.702763319015503,3.6700000762939453,5.679999828338623,2.4100000858306885,0,0,1991-06-01,2017-02-01
07374525,8,graph_nodes.huc_cd,ST,ST,208,3.8048079013824463,3.6424999237060547,13.0,2.700000047683716,0,0,1978-01-01,2026-06-01
07375050,8,graph_nodes.huc_cd,ST,ST,37,4.851350784301758,3.200000047683716,14.0,1.5499999523162842,0,0,1978-01-01,2000-10-01
07379960,8,graph_nodes.huc_cd,ST,ST,27,9.524073600769043,9.649999618530273,14.699999809265137,6.400000095367432,0,0,1998-08-01,2001-04-01
07381440,8,graph_nodes.huc_cd,ST,ST,23,7.660144329071045,7.099999904632568,12.0,5.900000095367432,0,0,1998-06-01,2000-10-01
073814675,8,graph_nodes.huc_cd,,,23,6.0152177810668945,5.900000095367432,7.650000095367432,4.25,0,0,1998-08-01,2000-10-01
07381495,8,graph_nodes.huc_cd,ST,ST,309,4.678005218505859,4.506666660308838,17.0,0.25,0,0,1980-01-01,2026-06-01
07381590,8,graph_nodes.huc_cd,ST,ST,105,4.809021949768066,4.699999809265137,8.145000457763672,3.25,0,0,2006-05-01,2017-02-01
07381600,8,graph_nodes.huc_cd,ST,ST,209,4.772933006286621,4.639999866485596,15.0,3.0199999809265137,0,0,1978-01-01,2026-06-01
08010000,8,graph_nodes.huc_cd,ST,ST,30,9.325000762939453,8.800000190734863,14.0,6.099999904632568,0,0,1998-07-01,2001-06-01
08012150,8,graph_nodes.huc_cd,ST,ST,44,10.218181610107422,9.600000381469727,17.0,6.099999904632568,0,0,1979-04-01,2001-06-01
08012470,8,graph_nodes.huc_cd,ST,ST,33,10.605051040649414,9.399999618530273,17.5,6.5,0,0,1998-08-01,2001-06-01
08014500,8,graph_nodes.huc_cd,ST,ST,173,5.470057964324951,4.119999885559082,16.799999237060547,1.2699999809265137,0,0,1998-08-01,2026-07-01
322023090544500,8,graph_nodes.huc_cd,ST,ST,169,3.700103521347046,3.6500000953674316,10.300000190734863,2.7300000190734863,0,0,2008-04-01,2026-05-01
330255092064301,8,graph_nodes.huc_cd,ST,ST,103,5.7669901847839355,5.5,13.600000381469727,2.5999999046325684,0,0,1997-10-01,2025-08-01
330937092081001,8,graph_nodes.huc_cd,ST,ST,113,5.524778842926025,5.099999904632568,14.5,2.5,0,0,2003-03-01,2025-08-01
06054500,10,graph_nodes.huc_cd,ST,ST,26,4.056731224060059,4.284999847412109,9.0,1.7999999523162842,0,0,1977-09-01,2018-11-01
06057000,10,graph_nodes.huc_cd,ST,ST,24,2.9566667079925537,2.5,5.664999961853027,1.5399999618530273,0,0,2015-04-01,2018-11-01
06126470,10,graph_nodes.huc_cd,ST,ST,22,9.459090232849121,8.25,16.0,4.5,0,0,1978-06-01,1984-08-01
06177500,10,graph_nodes.huc_cd,ST,ST,22,16.822729110717773,15.0,43.0,8.5,0,0,1978-12-01,1985-08-01
06177825,10,graph_nodes.huc_cd,ST,ST,25,12.796001434326172,12.0,23.0,7.900000095367432,0,0,1978-10-01,1985-09-01
06183450,10,graph_nodes.huc_cd,ST,ST,22,18.331817626953125,18.0,34.0,9.300000190734863,0,0,1982-04-01,1987-08-01
06185500,10,graph_nodes.huc_cd,ST,ST,91,3.6834070682525635,2.809999942779541,18.0,2.190000057220459,0,0,1977-12-01,2007-08-01
06187915,10,graph_nodes.huc_cd,ST,ST,32,1.011562466621399,0.8849999904632568,1.9500000476837158,0.5,0,0,1999-01-01,2001-09-01
06191500,10,graph_nodes.huc_cd,ST,ST,33,1.9015151262283325,1.7000000476837158,4.400000095367432,0.8999999761581421,0,0,1988-10-01,2001-09-01
06208500,10,graph_nodes.huc_cd,ST,ST,33,2.097777843475342,1.899999976158142,4.119999885559082,1.100000023841858,0,0,1999-01-01,2001-09-01
06214500,10,graph_nodes.huc_cd,ST,ST,49,2.658435344696045,2.0,7.5,1.2000000476837158,0,0,1977-10-01,2001-09-01
06279500,10,graph_nodes.huc_cd,ST,ST,38,3.699561357498169,3.7100000381469727,4.900000095367432,2.6600000858306885,0,0,1999-01-01,2016-08-01
06294940,10,graph_nodes.huc_cd,ST,ST,20,12.899999618530273,13.0,23.0,6.599999904632568,0,0,1978-10-01,1984-06-01
06294980,10,graph_nodes.huc_cd,ST,ST,25,15.428000450134277,13.0,29.0,9.699999809265137,0,0,1979-03-01,1985-09-01
06294995,10,graph_nodes.huc_cd,ST,ST,27,12.666667938232422,12.0,28.0,0.0,0,0,1978-10-01,1986-05-01
06295000,10,graph_nodes.huc_cd,ST,ST,66,4.278586387634277,3.1500000953674316,31.0,2.200000047683716,0,0,1975-06-01,2001-09-01
06295250,10,graph_nodes.huc_cd,ST,ST,25,10.564000129699707,8.399999618530273,35.0,5.099999904632568,0,0,1978-10-01,1985-09-01
06296003,10,graph_nodes.huc_cd,ST,ST,30,10.960000038146973,9.600000381469727,30.0,5.199999809265137,0,0,1977-11-01,1986-07-01
06296120,10,graph_nodes.huc_cd,ST,ST,41,4.993902206420898,4.099999904632568,11.0,1.7999999523162842,0,0,1975-06-01,1984-08-01
06298000,10,graph_nodes.huc_cd,ST,ST,32,1.7899999618530273,1.399999976158142,5.300000190734863,0.7300000190734863,0,0,1999-01-01,2001-09-01
06306100,10,graph_nodes.huc_cd,ST,ST,26,9.065384864807129,6.850000381469727,24.0,3.5999999046325684,0,0,1978-10-01,1985-05-01
06306300,10,graph_nodes.huc_cd,ST,ST,61,4.522950172424316,3.640000104904175,36.0,2.1500000953674316,0,0,1977-10-01,2025-09-01
06307500,10,graph_nodes.huc_cd,ST,ST,70,5.847143173217773,5.0,41.0,2.700000047683716,0,0,1977-11-01,1995-07-01
06307570,10,graph_nodes.huc_cd,ST,ST,22,11.518181800842285,9.800000190734863,29.5,2.799999952316284,0,0,1978-11-01,1987-09-01
06307600,10,graph_nodes.huc_cd,ST,ST,32,9.040624618530273,8.25,20.0,5.0,0,0,1978-11-01,1987-09-01
06307616,10,graph_nodes.huc_cd,ST,ST,30,7.466667175292969,6.400000095367432,18.0,3.9000000953674316,0,0,1979-10-01,1986-08-01
06307665,10,graph_nodes.huc_cd,ST,ST,24,15.449999809265137,14.0,31.0,8.100000381469727,0,0,1978-11-01,1984-08-01
06307740,10,graph_nodes.huc_cd,ST,ST,25,9.552000045776367,9.800000190734863,16.0,1.0,0,0,1978-10-01,1985-07-01
06313500,10,graph_nodes.huc_cd,ST,ST,44,9.556818008422852,6.850000381469727,51.0,2.799999952316284,0,0,1977-11-01,1983-06-01
06316400,10,graph_nodes.huc_cd,ST,ST,38,10.324999809265137,10.0,21.0,4.400000095367432,0,0,1977-11-01,1981-07-01
06324500,10,graph_nodes.huc_cd,ST,ST,89,5.277303218841553,4.579999923706055,19.0,1.409999966621399,0,0,1978-01-01,2025-09-01
06324890,10,graph_nodes.huc_cd,ST,ST,31,10.983870506286621,11.0,24.0,3.0999999046325684,0,0,1977-10-01,1983-06-01
06324925,10,graph_nodes.huc_cd,ST,ST,34,12.317647933959961,11.75,25.0,0.5,0,0,1977-10-01,1981-07-01
06324970,10,graph_nodes.huc_cd,ST,ST,74,10.782567977905273,9.300000190734863,30.700000762939453,3.799999952316284,0,0,1977-10-01,2015-09-01
06326500,10,graph_nodes.huc_cd,ST,ST,50,6.8144001960754395,5.900000095367432,27.0,3.5999999046325684,0,0,1977-10-01,2001-09-01
06326530,10,graph_nodes.huc_cd,ST,ST,37,4.535135746002197,4.199999809265137,11.0,2.4000000953674316,0,0,1975-06-01,1983-09-01
06326600,10,graph_nodes.huc_cd,ST,ST,43,13.974419593811035,13.0,36.0,1.600000023841858,0,0,1977-11-01,1984-06-01
06329500,10,graph_nodes.huc_cd,ST,ST,210,3.4106109142303467,3.0,12.0,2.0999999046325684,0,0,1975-06-01,2026-05-01
06330000,10,graph_nodes.huc_cd,ST,ST,80,7.5581254959106445,4.850000381469727,37.0,2.799999952316284,0,0,1975-05-01,1982-08-01
06331570,10,graph_nodes.huc_cd,ST,ST,27,18.698148727416992,13.0,97.0,8.800000190734863,0,0,1977-10-01,1981-04-01
06331850,10,graph_nodes.huc_cd,ST,ST,41,12.873170852661133,11.0,40.0,5.199999809265137,0,0,1977-10-01,1982-08-01
06332515,10,graph_nodes.huc_cd,ST,ST,25,14.81679916381836,13.0,50.0,5.300000190734863,0,0,1980-06-01,2021-04-01
06332520,10,graph_nodes.huc_cd,ST,ST,21,18.200000762939453,17.600000381469727,30.899999618530273,12.899999618530273,0,0,2016-04-01,2021-04-01
06332523,10,graph_nodes.huc_cd,ST,ST,21,17.22380828857422,16.799999237060547,27.700000762939453,12.5,0,0,2016-04-01,2021-04-01
06332770,10,graph_nodes.huc_cd,ST,ST,21,16.432382583618164,15.899999618530273,24.5,9.979999542236328,0,0,2016-04-01,2021-04-01
06335750,10,graph_nodes.huc_cd,ST,ST,45,18.60444450378418,18.0,33.0,0.800000011920929,0,0,1977-10-01,1983-08-01
06336500,10,graph_nodes.huc_cd,ST,ST,26,12.315384864807129,10.0,29.0,4.400000095367432,0,0,1978-10-01,1984-06-01
06336600,10,graph_nodes.huc_cd,ST,ST,39,13.10897445678711,12.0,30.0,5.099999904632568,0,0,1977-10-01,1981-07-01
06337000,10,graph_nodes.huc_cd,ST,ST,29,11.85034465789795,10.0,28.0,5.400000095367432,0,0,1977-10-01,2021-10-01
06337470,10,graph_nodes.huc_cd,ST,ST,20,15.671000480651855,14.550000190734863,23.799999237060547,4.820000171661377,0,0,2016-05-01,2021-04-01
06337480,10,graph_nodes.huc_cd,ST,ST,20,21.079999923706055,22.299999237060547,29.5,11.800000190734863,0,0,2016-05-01,2021-04-01
06338490,10,graph_nodes.huc_cd,ST,ST,107,4.105654239654541,3.299999952316284,30.0,2.299999952316284,0,0,1975-06-01,2007-08-01
06339100,10,graph_nodes.huc_cd,ST,ST,43,20.06511688232422,15.0,110.0,8.399999618530273,1,0,1977-10-01,1982-09-01
06339300,10,graph_nodes.huc_cd,ST,ST,39,17.228206634521484,13.0,42.0,7.5,0,0,1977-10-01,1981-07-01
06339550,10,graph_nodes.huc_cd,ST,ST,43,15.139534950256348,12.0,43.0,0.800000011920929,0,0,1977-10-01,1983-05-01
06339560,10,graph_nodes.huc_cd,ST,ST,84,12.848214149475098,11.0,40.0,5.0,0,0,1974-11-01,1988-10-01
06339800,10,graph_nodes.huc_cd,ST,ST,37,19.62432289123535,18.0,39.0,3.799999952316284,0,0,1977-10-01,1981-07-01
06339900,10,graph_nodes.huc_cd,ST,ST,39,16.95128059387207,14.0,40.0,2.0999999046325684,0,0,1977-10-01,1981-07-01
06340000,10,graph_nodes.huc_cd,ST,ST,74,13.243919372558594,11.0,39.0,4.5,0,0,1975-07-01,1982-08-01
06340500,10,graph_nodes.huc_cd,ST,ST,57,11.754385948181152,10.0,45.0,1.7999999523162842,0,0,1975-05-01,1981-09-01
06340520,10,graph_nodes.huc_cd,ST,ST,25,17.49199867248535,16.0,33.0,8.699999809265137,0,0,1977-10-01,1982-05-01
06340580,10,graph_nodes.huc_cd,ST,ST,24,22.39583396911621,22.25,41.0,10.0,0,0,1975-11-01,1981-04-01
06340780,10,graph_nodes.huc_cd,ST,ST,27,23.133333206176758,23.0,50.0,7.599999904632568,0,0,1977-10-01,1982-08-01
06340930,10,graph_nodes.huc_cd,ST,ST,30,22.21666717529297,20.5,65.0,11.0,0,0,1978-10-01,1983-09-01
06342040,10,graph_nodes.huc_cd,ST,ST,20,15.730000495910645,14.0,39.0,7.800000190734863,0,0,1977-10-01,1981-04-01
06342200,10,graph_nodes.huc_cd,ST,ST,45,13.45777702331543,10.0,47.0,5.199999809265137,0,0,1977-01-01,1982-08-01
06342230,10,graph_nodes.huc_cd,ST,ST,29,18.53103256225586,18.0,39.0,8.800000190734863,0,0,1977-10-01,1982-05-01
06342500,10,graph_nodes.huc_cd,ST,ST,53,4.518552780151367,3.799999952316284,15.0,2.4000000953674316,0,0,1975-06-01,1980-09-01
06343000,10,graph_nodes.huc_cd,ST,ST,47,19.914894104003906,17.0,44.0,1.0,0,0,1975-04-01,1983-08-01
06344600,10,graph_nodes.huc_cd,ST,ST,45,12.775556564331055,12.0,28.0,5.400000095367432,0,0,1977-10-01,1982-09-01
06349000,10,graph_nodes.huc_cd,ST,ST,23,9.686956405639648,8.800000190734863,24.0,3.700000047683716,0,0,1978-01-01,1981-07-01
06349700,10,graph_nodes.huc_cd,ST,ST,43,4.261627674102783,3.5999999046325684,10.0,2.5,0,0,1975-06-01,1979-09-01
06349900,10,graph_nodes.huc_cd,ST,ST,27,19.074073791503906,17.0,66.0,7.5,0,0,1978-10-01,1981-07-01
06349930,10,graph_nodes.huc_cd,ST,ST,67,17.685819625854492,17.0,37.0,8.300000190734863,0,0,1974-11-01,1983-08-01
06350000,10,graph_nodes.huc_cd,ST,ST,39,14.474358558654785,12.0,67.0,8.699999809265137,0,0,1977-10-01,1981-07-01
06352400,10,graph_nodes.huc_cd,ST,ST,36,16.469444274902344,14.5,41.0,5.5,0,0,1977-10-01,1981-07-01
06354000,10,graph_nodes.huc_cd,ST,ST,29,10.80517292022705,9.800000190734863,28.0,7.400000095367432,0,0,1975-12-01,2016-08-01
06355310,10,graph_nodes.huc_cd,ST,ST,72,32.43055725097656,29.5,77.0,13.0,0,0,1974-11-01,1987-08-01
06364700,10,graph_nodes.huc_cd,ST,ST,35,12.209999084472656,8.0,76.0,5.5,0,0,1977-11-01,1981-08-01
06375600,10,graph_nodes.huc_cd,ST,ST,40,12.34749984741211,11.925000190734863,30.0,5.699999809265137,0,0,1977-12-01,1997-05-01
06378300,10,graph_nodes.huc_cd,ST,ST,21,21.67142677307129,16.5,69.0,6.300000190734863,0,0,1978-03-01,1981-04-01
06425900,10,graph_nodes.huc_cd,ST,ST,21,13.780952453613281,14.0,25.0,6.199999809265137,0,0,1978-03-01,1983-03-01
06426400,10,graph_nodes.huc_cd,ST,ST,36,17.384721755981445,13.225000381469727,110.0,4.599999904632568,1,0,1977-10-01,1981-04-01
06436180,10,graph_nodes.huc_cd,ST,ST,36,2.4532406330108643,2.299999952316284,4.199999809265137,1.600000023841858,0,0,1985-06-01,1988-09-01
06436198,10,graph_nodes.huc_cd,ST,ST,35,2.799999713897705,2.299999952316284,17.0,0.20000000298023224,0,0,1985-06-01,1988-09-01
06437000,10,graph_nodes.huc_cd,ST,ST,31,4.6983866691589355,4.449999809265137,6.699999809265137,3.0999999046325684,0,0,1985-06-01,1988-09-01
06438000,10,graph_nodes.huc_cd,ST,ST,28,58.216068267822266,6.75,460.0,3.450000047683716,4,2,1978-03-01,1988-09-01
06440000,10,graph_nodes.huc_cd,ST,ST,35,6.885714054107666,3.799999952316284,31.0,3.200000047683716,0,0,1978-01-01,2000-08-01
06453000,10,graph_nodes.huc_cd,ST,ST,40,4.517500400543213,3.299999952316284,14.0,2.9000000953674316,0,0,1977-11-01,2005-09-01
06453305,10,graph_nodes.huc_cd,ST,ST,24,3.1733334064483643,3.1449999809265137,3.9100000858306885,2.859999895095825,0,0,2002-02-01,2005-09-01
06463720,10,graph_nodes.huc_cd,ST,ST,24,4.193749904632568,3.3499999046325684,17.0,1.399999976158142,0,0,1985-09-01,1989-08-01
06467500,10,graph_nodes.huc_cd,ST,ST,59,3.468559741973877,3.25,6.159999847412109,2.5299999713897705,0,0,2000-11-01,2008-11-01
06485500,10,graph_nodes.huc_cd,ST,ST,89,6.868257999420166,4.96999979019165,30.0,2.380000114440918,0,0,1977-11-01,2010-10-01
06607500,10,graph_nodes.huc_cd,ST,ST,118,3.9262712001800537,3.25,17.100000381469727,1.909999966621399,0,0,2004-03-01,2014-09-01
06609500,10,graph_nodes.huc_cd,ST,ST,118,3.6717369556427,2.7300000190734863,20.200000762939453,1.690000057220459,0,0,2004-03-01,2014-09-01
06610000,10,graph_nodes.huc_cd,ST,ST,5,3.636000156402588,3.890000104904175,4.190000057220459,2.7200000286102295,0,0,2003-03-01,2022-03-01
06611100,10,graph_nodes.huc_cd,ST,ST,24,6.174999713897705,6.099999904632568,12.0,1.7000000476837158,0,0,1976-10-01,1980-05-01
06611200,10,graph_nodes.huc_cd,ST,ST,24,10.333333015441895,7.950000286102295,30.0,2.299999952316284,0,0,1976-10-01,1980-04-01
06611300,10,graph_nodes.huc_cd,ST,ST,24,6.779167175292969,5.850000381469727,13.0,1.600000023841858,0,0,1976-10-01,1980-04-01
06611800,10,graph_nodes.huc_cd,ST,ST,24,6.9041666984558105,6.0,27.0,2.299999952316284,0,0,1976-10-01,1980-06-01
06611900,10,graph_nodes.huc_cd,ST,ST,25,8.008000373840332,7.300000190734863,16.0,2.299999952316284,0,0,1976-10-01,1980-06-01
06697100,10,graph_nodes.huc_cd,ST,ST,35,2.788571357727051,2.200000047683716,8.0,0.800000011920929,0,0,1997-09-01,2001-07-01
06698500,10,graph_nodes.huc_cd,ST,ST,42,6.510714054107666,6.449999809265137,19.0,1.7999999523162842,0,0,1977-12-01,1981-09-01
06710200,10,graph_nodes.huc_cd,ST,ST,10,12.324431419372559,11.25,25.428571701049805,5.5,0,0,1975-05-01,1977-06-01
06710247,10,graph_nodes.huc_cd,ST,ST,28,7.258988380432129,6.622499942779541,12.404999732971191,4.688000202178955,0,0,2003-03-01,2011-11-01
06711635,10,graph_nodes.huc_cd,FA-QC,other,18,22.814546585083008,19.647058486938477,55.0,5.5,0,0,1975-10-01,1981-08-01
06713500,10,graph_nodes.huc_cd,ST,ST,234,4.916505813598633,4.361666679382324,49.5,2.569999933242798,0,0,1972-04-01,2026-07-01
06714000,10,graph_nodes.huc_cd,ST,ST,113,6.352795124053955,5.300000190734863,25.0,2.5,0,0,1972-04-01,2011-09-01
06719505,10,graph_nodes.huc_cd,ST,ST,29,1.4034483432769775,1.100000023841858,3.700000047683716,0.800000011920929,0,0,1993-04-01,2002-09-01
06720500,10,graph_nodes.huc_cd,ST,ST,56,8.447598457336426,7.489999771118164,19.0,4.829999923706055,0,0,1972-05-01,2011-11-01
06721500,10,graph_nodes.huc_cd,ST,ST,32,2.9406251907348633,2.0999999046325684,7.800000190734863,1.5,0,0,2002-08-01,2013-08-01
06731000,10,graph_nodes.huc_cd,ST,ST,30,5.070000171661377,5.0,6.849999904632568,3.5,0,0,1972-05-01,2001-08-01
06734900,10,graph_nodes.huc_cd,ST,ST,32,3.5403127670288086,3.2200000286102295,5.670000076293945,2.25,0,0,2006-01-01,2022-09-01
06752000,10,graph_nodes.huc_cd,ST,ST,29,2.9603450298309326,2.299999952316284,7.5,1.5,0,0,1972-05-01,2002-08-01
06753400,10,graph_nodes.huc_cd,ST,ST,26,3.488461494445801,3.0999999046325684,6.099999904632568,2.0999999046325684,0,0,1993-04-01,1995-07-01
06753990,10,graph_nodes.huc_cd,ST,ST,63,9.208651542663574,7.599999904632568,51.099998474121094,4.869999885559082,0,0,1993-04-01,2004-09-01
06754000,10,graph_nodes.huc_cd,ST,ST,241,4.673450946807861,4.590000152587891,9.399999618530273,1.7200000286102295,0,0,1972-05-01,2023-09-01
06759910,10,graph_nodes.huc_cd,ST,ST,30,4.176666736602783,3.9000000953674316,8.899999618530273,3.200000047683716,0,0,1993-04-01,2001-08-01
06765500,10,graph_nodes.huc_cd,ST,ST,29,4.441723823547363,3.5,22.0,2.5999999046325684,0,0,1993-04-01,2002-08-01
06770500,10,graph_nodes.huc_cd,ST,ST,22,6.270454406738281,5.525000095367432,16.0,1.899999976158142,0,0,1993-04-01,1995-07-01
06775900,10,graph_nodes.huc_cd,ST,ST,200,1.3723499774932861,1.1150000095367432,7.840000152587891,0.6399999856948853,0,0,1980-11-01,2026-07-01
06791150,10,graph_nodes.huc_cd,ST,ST,20,6.275000095367432,5.650000095367432,14.0,2.200000047683716,0,0,1993-04-01,1995-07-01
06795500,10,graph_nodes.huc_cd,ST,ST,18,6.676111221313477,5.434999942779541,17.5,2.5,0,0,1993-05-01,2003-07-01
06800000,10,graph_nodes.huc_cd,ST,ST,215,5.151977062225342,3.694999933242798,42.0,1.0199999809265137,0,0,1993-04-01,2026-07-01
06800500,10,graph_nodes.huc_cd,ST,ST,227,5.229875087738037,4.190000057220459,37.0,1.9199999570846558,0,0,1978-03-01,2026-07-01
06801000,10,graph_nodes.huc_cd,ST,ST,22,3.138409376144409,2.9099998474121094,5.96999979019165,1.899999976158142,0,0,2002-10-01,2004-11-01
06805500,10,graph_nodes.huc_cd,ST,ST,300,4.485206127166748,3.804999828338623,51.0,1.7100000381469727,0,0,1978-03-01,2026-06-01
06810000,10,graph_nodes.huc_cd,ST,ST,130,3.3635385036468506,2.430000066757202,13.0,1.4299999475479126,0,0,1977-12-01,2014-09-01
06818000,10,graph_nodes.huc_cd,ST,ST,37,4.821891784667969,4.0,14.0,2.569999933242798,0,0,1978-02-01,2026-05-01
06856600,10,graph_nodes.huc_cd,ST,ST,22,7.304544448852539,6.600000381469727,16.0,0.800000011920929,0,0,1977-11-01,1991-08-01
06877600,10,graph_nodes.huc_cd,ST,ST,20,7.84499979019165,6.350000381469727,17.0,4.300000190734863,0,0,1977-11-01,1991-08-01
06879100,10,graph_nodes.huc_cd,ST,ST,36,5.412500381469727,5.25,13.0,3.5999999046325684,0,0,1987-05-01,1990-04-01
06879650,10,graph_nodes.huc_cd,ST,ST,20,2.0611250400543213,1.5499999523162842,6.349999904632568,1.0,0,0,1981-11-01,2003-07-01
06880800,10,graph_nodes.huc_cd,ST,ST,43,5.60145378112793,4.199999809265137,37.0,1.2000000476837158,0,0,1987-05-01,1991-12-01
06882000,10,graph_nodes.huc_cd,ST,ST,35,5.829285621643066,5.699999809265137,13.0,2.0,0,0,1987-05-01,1990-05-01
06884025,10,graph_nodes.huc_cd,ST,ST,32,4.110937595367432,3.5999999046325684,8.0,1.899999976158142,0,0,1987-05-01,1990-04-01
06885500,10,graph_nodes.huc_cd,ST,ST,35,5.732856750488281,4.900000095367432,15.766666412353516,1.399999976158142,0,0,1987-05-01,1990-04-01
06887000,10,graph_nodes.huc_cd,ST,ST,58,6.12760066986084,4.900000095367432,35.0,0.8999999761581421,0,0,1977-11-01,2026-07-01
06888500,10,graph_nodes.huc_cd,ST,ST,35,3.0971429347991943,2.9000000953674316,5.900000095367432,0.30000001192092896,0,0,1987-05-01,1990-04-01
06889000,10,graph_nodes.huc_cd,ST,ST,35,4.957142353057861,4.400000095367432,11.0,3.299999952316284,0,0,1987-05-01,1990-04-01
06890100,10,graph_nodes.huc_cd,ST,ST,41,5.5804877281188965,4.900000095367432,10.5,3.4000000953674316,0,0,1987-07-01,1991-08-01
06890900,10,graph_nodes.huc_cd,ST,ST,32,4.662500381469727,4.5,6.0,3.200000047683716,0,0,1987-07-01,1990-04-01
06891500,10,graph_nodes.huc_cd,ST,ST,33,5.275757312774658,4.800000190734863,10.0,3.5999999046325684,0,0,1987-07-01,1990-04-01
06892350,10,graph_nodes.huc_cd,ST,ST,190,5.059473991394043,4.806666851043701,12.0,1.7000000476837158,0,0,1977-12-01,2026-07-01
06893150,10,graph_nodes.huc_cd,ST,ST,47,5.474326133728027,5.519999980926514,7.989999771118164,2.4800000190734863,0,0,2001-08-01,2010-05-01
06893350,10,graph_nodes.huc_cd,ST,ST,17,5.629558563232422,5.599999904632568,8.170000076293945,3.0899999141693115,0,0,2011-06-01,2013-08-01
06893390,10,graph_nodes.huc_cd,ST,ST,25,6.445999622344971,6.099999904632568,15.800000190734863,2.7200000286102295,0,0,2008-04-01,2019-09-01
06893400,10,graph_nodes.huc_cd,ST,ST,36,7.428195476531982,7.190000057220459,15.085000038146973,4.460000038146973,0,0,2001-08-01,2020-10-01
06893500,10,graph_nodes.huc_cd,ST,ST,43,6.586472511291504,5.78000020980835,24.56999969482422,3.924999952316284,0,0,2001-08-01,2019-09-01
06893557,10,graph_nodes.huc_cd,ST,ST,49,6.024898052215576,5.730000019073486,21.600000381469727,2.9800000190734863,0,0,2001-06-01,2010-05-01
06893562,10,graph_nodes.huc_cd,ST,ST,47,6.247021198272705,6.019999980926514,11.71500015258789,4.039999961853027,0,0,2001-06-01,2019-09-01
06893563,10,graph_nodes.huc_cd,ST,ST,26,5.722724437713623,5.664999961853027,10.100000381469727,2.740000009536743,0,0,2005-05-01,2010-05-01
06893564,10,graph_nodes.huc_cd,ST,ST,9,8.74462890625,7.909999847412109,16.0,5.75,0,0,1981-04-01,2020-10-01
06893578,10,graph_nodes.huc_cd,ST,ST,36,5.5916666984558105,5.329999923706055,9.380000114440918,3.819999933242798,0,0,2003-06-01,2019-09-01
06893620,10,graph_nodes.huc_cd,ST,ST,54,3.3471295833587646,2.9250001907348633,7.3125,1.7999999523162842,0,0,2013-05-01,2019-11-01
06893820,10,graph_nodes.huc_cd,ST,ST,49,4.2305474281311035,3.990000009536743,7.251999855041504,3.0999999046325684,0,0,2015-02-01,2019-11-01
06893830,10,graph_nodes.huc_cd,ST,ST,49,4.09591817855835,3.950000047683716,8.119999885559082,2.6600000858306885,0,0,2015-02-01,2019-11-01
06893890,10,graph_nodes.huc_cd,ST,ST,49,3.866530656814575,3.75,5.590000152587891,2.5399999618530273,0,0,2015-02-01,2019-11-01
06893940,10,graph_nodes.huc_cd,ST,ST,36,3.4852781295776367,3.244999885559082,6.869999885559082,1.0800000429153442,0,0,2015-04-01,2019-10-01
06893970,10,graph_nodes.huc_cd,ST,ST,50,3.7674567699432373,3.509999990463257,6.4375,2.390000104904175,0,0,2015-02-01,2019-11-01
06893990,10,graph_nodes.huc_cd,ST,ST,9,3.282222270965576,3.2699999809265137,4.210000038146973,2.119999885559082,0,0,2015-09-01,2019-09-01
06894000,10,graph_nodes.huc_cd,ST,ST,49,4.456132411956787,4.019999980926514,18.299999237060547,3.0999999046325684,0,0,2015-02-01,2019-11-01
06902000,10,graph_nodes.huc_cd,ST,ST,32,6.678125381469727,6.305000305175781,16.0,2.9000000953674316,0,0,1978-02-01,2026-05-01
06905500,10,graph_nodes.huc_cd,ST,ST,25,7.1215996742248535,6.010000228881836,19.0,3.2699999809265137,0,0,1978-02-01,2025-05-01
06923150,10,graph_nodes.huc_cd,ST,ST,37,2.5144593715667725,1.600000023841858,9.800000190734863,0.8999999761581421,0,0,1993-04-01,1997-02-01
06923250,10,graph_nodes.huc_cd,ST,ST,30,2.419999599456787,1.6500000953674316,8.5,0.8999999761581421,0,0,1993-04-01,1995-11-01
06926510,10,graph_nodes.huc_cd,ST,ST,24,4.93583345413208,4.505000114440918,9.800000190734863,2.9000000953674316,0,0,1978-02-01,2025-05-01
06929315,10,graph_nodes.huc_cd,ST,ST,38,1.6894736289978027,1.0,12.0,0.5,0,0,1993-04-01,1997-02-01
06930800,10,graph_nodes.huc_cd,ST,ST,29,3.772068977355957,2.5999999046325684,14.0,0.7599999904632568,0,0,1978-02-01,2025-05-01
06934500,10,graph_nodes.huc_cd,ST,ST,304,4.601480484008789,4.270000457763672,20.0,2.740000009536743,0,0,1977-11-01,2026-06-01
09013000,10,graph_nodes.huc_cd,SB-TSM,other,33,3.489090919494629,3.2899999618530273,5.139999866485596,2.9200000762939453,0,0,1996-09-01,2022-09-01
384926092251301,10,graph_nodes.huc_cd,GW,other,22,2.4431817531585693,2.4000000953674316,3.0,1.7999999523162842,0,0,1992-12-01,1998-05-01
385014092243001,10,graph_nodes.huc_cd,GW,other,23,4.597100734710693,4.199999809265137,9.300000190734863,1.600000023841858,0,0,1992-12-01,1998-05-01
385025092261701,10,graph_nodes.huc_cd,GW,other,23,3.4478261470794678,3.0999999046325684,7.5,2.200000047683716,0,0,1992-12-01,1998-05-01
385034092252501,10,graph_nodes.huc_cd,GW,other,22,1.7818180322647095,1.7000000476837158,2.4000000953674316,1.600000023841858,0,0,1992-11-01,1998-05-01
385034092252502,10,graph_nodes.huc_cd,GW,other,22,2.89090895652771,2.6500000953674316,5.099999904632568,0.8999999761581421,0,0,1992-12-01,1998-05-01
385102092252801,10,graph_nodes.huc_cd,GW,other,22,2.7090907096862793,2.6999998092651367,3.799999952316284,2.0,0,0,1992-12-01,1998-05-01
385102092252802,10,graph_nodes.huc_cd,GW,other,23,2.8565218448638916,2.799999952316284,3.9000000953674316,2.200000047683716,0,0,1992-12-01,1998-05-01
385104092252402,10,graph_nodes.huc_cd,ST,ST,23,17.056520462036133,5.699999809265137,260.0,3.299999952316284,1,0,1992-12-01,1998-05-01
385105092252002,10,graph_nodes.huc_cd,LK,other,20,8.874999046325684,5.199999809265137,43.0,2.4000000953674316,0,0,1992-12-01,1998-05-01
385107092261001,10,graph_nodes.huc_cd,GW,other,20,3.2400002479553223,3.200000047683716,4.5,1.0,0,0,1992-12-01,1998-05-01
385112092263101,10,graph_nodes.huc_cd,GW,other,27,2.5333333015441895,2.4000000953674316,3.4000000953674316,1.899999976158142,0,0,1992-12-01,1999-08-01
385112092263102,10,graph_nodes.huc_cd,GW,other,26,3.2634618282318115,2.799999952316284,16.0,2.0999999046325684,0,0,1992-12-01,1999-08-01
385132092263301,10,graph_nodes.huc_cd,GW,other,27,2.82962965965271,2.799999952316284,4.599999904632568,1.899999976158142,0,0,1992-12-01,1999-08-01
385132092263302,10,graph_nodes.huc_cd,GW,other,27,2.8444442749023438,2.799999952316284,3.700000047683716,2.0,0,0,1992-12-01,1999-08-01
385149092255501,10,graph_nodes.huc_cd,GW,other,22,1.5818181037902832,1.5499999523162842,2.4000000953674316,1.2000000476837158,0,0,1992-12-01,1998-05-01
385218092262001,10,graph_nodes.huc_cd,GW,other,27,1.3444443941116333,1.2999999523162842,1.899999976158142,1.0,0,0,1992-12-01,1999-06-01
385218092262002,10,graph_nodes.huc_cd,GW,other,28,2.259523868560791,2.25,3.299999952316284,1.600000023841858,0,0,1992-12-01,1999-08-01
385220092270701,10,graph_nodes.huc_cd,GW,other,25,1.5239999294281006,1.5,3.299999952316284,1.2000000476837158,0,0,1992-12-01,1999-06-01
385220092270702,10,graph_nodes.huc_cd,GW,other,26,1.970512866973877,1.7999999523162842,4.133333206176758,1.399999976158142,0,0,1992-12-01,1999-06-01
385328092265901,10,graph_nodes.huc_cd,GW,other,25,1.435999870300293,1.399999976158142,2.0,1.0,0,0,1993-06-01,1999-09-01
385328092265902,10,graph_nodes.huc_cd,GW,other,25,1.340000033378601,1.399999976158142,2.0,0.4000000059604645,0,0,1993-06-01,1999-09-01
385335092264301,10,graph_nodes.huc_cd,GW,other,25,2.1559998989105225,2.5,3.5999999046325684,0.800000011920929,0,0,1993-06-01,1999-09-01
385335092264302,10,graph_nodes.huc_cd,GW,other,24,2.754166603088379,2.3000001907348633,19.0,1.2000000476837158,0,0,1993-06-01,1999-09-01
385347092262701,10,graph_nodes.huc_cd,GW,other,25,3.0799999237060547,3.0,4.0,2.4000000953674316,0,0,1993-06-01,1999-09-01
385347092262702,10,graph_nodes.huc_cd,GW,other,25,3.2840001583099365,3.200000047683716,4.800000190734863,2.200000047683716,0,0,1993-06-01,1999-09-01
385406092261401,10,graph_nodes.huc_cd,GW,other,27,1.203703761100769,1.2000000476837158,1.9500000476837158,1.0,0,0,1992-12-01,1999-09-01
385406092261402,10,graph_nodes.huc_cd,GW,other,27,2.470370292663574,2.4000000953674316,3.200000047683716,1.7999999523162842,0,0,1992-12-01,1999-09-01
385419092280001,10,graph_nodes.huc_cd,GW,other,25,1.214666724205017,1.2000000476837158,2.1666667461395264,0.8999999761581421,0,0,1992-12-01,1999-06-01
385419092280002,10,graph_nodes.huc_cd,GW,other,26,1.1384615898132324,1.125,1.7999999523162842,0.30000001192092896,0,0,1992-12-01,1999-06-01
385520094420000,10,graph_nodes.huc_cd,ST,ST,15,5.6084442138671875,5.769999980926514,7.71999979019165,3.940000057220459,0,0,2010-04-01,2013-05-01
390617094190201,10,graph_nodes.huc_cd,ST,ST,36,2.9980554580688477,2.615000009536743,6.010000228881836,1.7100000381469727,0,0,2015-04-01,2019-10-01
391344105133601,10,graph_nodes.huc_cd,ST,ST,32,3.4147396087646484,2.680000066757202,18.206666946411133,1.340000033378601,0,0,2003-04-01,2007-11-01
392023105070601,10,graph_nodes.huc_cd,ST,ST,31,3.6909677982330322,3.2200000286102295,7.820000171661377,1.5299999713897705,0,0,2003-04-01,2007-11-01
394000105533000,10,graph_nodes.huc_cd,LA,other,24,0.7202083468437195,0.5,5.739999771118164,0.20999999344348907,0,0,1993-04-01,2022-04-01
394329104490101,10,graph_nodes.huc_cd,ST,ST,26,11.097917556762695,10.116250038146973,20.899999618530273,5.965000152587891,0,0,2003-03-01,2011-06-01
394839104570300,10,graph_nodes.huc_cd,ST,ST,31,10.962640762329102,10.042499542236328,20.674999237060547,6.105000019073486,0,0,2001-02-01,2011-05-01
395010104522401,10,graph_nodes.huc_cd,GW,other,16,1.646875023841858,1.75,2.200000047683716,0.20000000298023224,0,0,1993-11-01,1996-09-01
395122104512501,10,graph_nodes.huc_cd,GW,other,16,14.359375,15.0,25.0,6.599999904632568,0,0,1993-11-01,1996-09-01
400200105340000,10,graph_nodes.huc_cd,LA,other,28,0.8635715246200562,0.8399999737739563,1.5800000429153442,0.4099999964237213,0,0,1993-04-01,2021-04-01
401138105384101,10,graph_nodes.huc_cd,ST,ST,26,1.4092309474945068,1.100000023841858,3.700000047683716,0.8999999761581421,0,0,2008-05-01,2015-10-01
401156105360101,10,graph_nodes.huc_cd,ST,ST,39,2.3976924419403076,1.7000000476837158,6.099999904632568,1.100000023841858,0,0,2008-02-01,2015-10-01
401201105354701,10,graph_nodes.huc_cd,ST,ST,25,2.628000259399414,1.600000023841858,6.599999904632568,1.2000000476837158,0,0,2008-02-01,2012-02-01
401226105340100,10,graph_nodes.huc_cd,ST,ST,79,2.961308240890503,2.0,7.775000095367432,0.30000001192092896,0,0,2006-07-01,2016-11-01
401642105400600,10,graph_nodes.huc_cd,ST,ST,117,0.5067236423492432,0.4000000059604645,2.5,0.10000000149011612,0,0,1986-07-01,2020-09-01
401642105400601,10,graph_nodes.huc_cd,LK,other,54,0.8597221970558167,0.800000011920929,2.799999952316284,0.25999999046325684,0,0,1983-02-01,2018-09-01
401642105400602,10,graph_nodes.huc_cd,LK,other,18,0.9166666865348816,0.8250000476837158,1.600000023841858,0.550000011920929,0,0,1983-04-01,1988-08-01
401642105400603,10,graph_nodes.huc_cd,LK,other,52,0.844903826713562,0.7350000143051147,1.899999976158142,0.30000001192092896,0,0,1983-04-01,2020-09-01
401642105400604,10,graph_nodes.huc_cd,ST,ST,118,0.6355226039886475,0.6000000238418579,1.5,0.20000000298023224,0,0,1984-06-01,2020-09-01
401655105395403,10,graph_nodes.huc_cd,ST,ST,45,0.7111110687255859,0.6000000238418579,2.200000047683716,0.10000000149011612,0,0,1984-06-01,2004-08-01
401707105395000,10,graph_nodes.huc_cd,ST,ST,130,1.0643962621688843,0.8999999761581421,3.9000000953674316,0.3799999952316284,0,0,1994-05-01,2016-07-01
401722105400300,10,graph_nodes.huc_cd,LA,other,27,0.9096297025680542,0.7400000095367432,2.6700000762939453,0.3700000047683716,0,0,1994-04-01,2022-03-01
401723105394800,10,graph_nodes.huc_cd,ST,ST,124,0.7566935420036316,0.6000000238418579,3.200000047683716,0.10000000149011612,0,0,1986-06-01,2020-09-01
401723105400000,10,graph_nodes.huc_cd,ST,ST,270,0.7502759099006653,0.6075000166893005,2.549999952316284,0.20000000298023224,0,0,1994-04-01,2025-05-01
401725105400001,10,graph_nodes.huc_cd,LA,other,20,0.38749998807907104,0.4000000059604645,0.5299999713897705,0.2199999988079071,0,0,1993-04-01,2022-03-01
401727105400000,10,graph_nodes.huc_cd,SP,other,268,1.7391200065612793,1.5499999523162842,4.599999904632568,0.20000000298023224,0,0,1996-06-01,2025-05-01
401733105392400,10,graph_nodes.huc_cd,ST,ST,167,1.1619361639022827,0.8100000023841858,8.149999618530273,0.30000001192092896,0,0,1983-04-01,2020-10-01
401733105392401,10,graph_nodes.huc_cd,LK,other,87,1.5367817878723145,1.2000000476837158,12.199999809265137,0.4099999964237213,0,0,1983-02-01,2020-12-01
401733105392402,10,graph_nodes.huc_cd,LK,other,20,1.6679998636245728,1.600000023841858,2.9000000953674316,0.7599999904632568,0,0,1983-04-01,2016-03-01
401733105392403,10,graph_nodes.huc_cd,LK,other,76,1.4024341106414795,1.2000000476837158,3.799999952316284,0.3499999940395355,0,0,1983-04-01,2020-11-01
401733105392404,10,graph_nodes.huc_cd,ST,ST,409,1.3873066902160645,1.065000057220459,5.175000190734863,0.32499998807907104,0,0,1983-02-01,2025-05-01
401736105393000,10,graph_nodes.huc_cd,ST,ST,43,2.968604564666748,2.9000000953674316,5.599999904632568,1.399999976158142,0,0,1984-06-01,2001-07-01
401821105394402,10,graph_nodes.huc_cd,ST,ST,28,0.512499988079071,0.5,1.2000000476837158,0.10000000149011612,0,0,1987-07-01,2020-08-01
401843105400603,10,graph_nodes.huc_cd,ST,ST,28,0.5582143068313599,0.5,1.100000023841858,0.30000001192092896,0,0,1987-07-01,2020-08-01
401924105362201,10,graph_nodes.huc_cd,ST,ST,13,2.872436046600342,2.299999952316284,6.824999809265137,1.4333332777023315,0,0,2008-04-01,2011-08-01
402114105350101,10,graph_nodes.huc_cd,ST,ST,296,3.1017415523529053,1.9500000476837158,11.779999732971191,1.1699999570846558,0,0,1995-01-01,2026-07-01
402123105370401,10,graph_nodes.huc_cd,ST,ST,43,3.8976352214813232,2.3499999046325684,11.300000190734863,1.5,0,0,2011-04-01,2017-09-01
403028105371302,10,graph_nodes.huc_cd,ST,ST,27,1.0255556106567383,0.8999999761581421,2.0999999046325684,0.5,0,0,1987-08-01,2019-09-01
403028105371303,10,graph_nodes.huc_cd,ST,ST,21,1.2400000095367432,1.100000023841858,3.700000047683716,0.699999988079071,0,0,1990-08-01,2019-09-01
403100105540000,10,graph_nodes.huc_cd,LA,other,29,0.7296551465988159,0.6800000071525574,1.4199999570846558,0.2199999988079071,0,0,1993-04-01,2022-04-01
403245106404900,10,graph_nodes.huc_cd,LK,other,55,3.0537874698638916,2.994999885559082,4.510000228881836,1.7000000476837158,0,0,1999-06-01,2020-09-01
405344106405100,10,graph_nodes.huc_cd,LK,other,68,3.104656934738159,3.049999952316284,6.233333110809326,0.20000000298023224,0,0,1985-07-01,2020-08-01
405344106405101,10,graph_nodes.huc_cd,ST,ST,51,4.006078720092773,3.6500000953674316,8.600000381469727,0.6899999976158142,0,0,1999-08-01,2020-08-01
410917106583300,10,graph_nodes.huc_cd,LA,other,28,0.7035714387893677,0.7049999833106995,1.440000057220459,0.25,0,0,1993-03-01,2022-03-01
412229106144100,10,graph_nodes.huc_cd,LA,other,28,0.9287500381469727,0.8700000047683716,1.8300000429153442,0.3100000023841858,0,0,1993-03-01,2021-03-01
423420108503400,10,graph_nodes.huc_cd,LA,other,27,1.1355555057525635,1.090000033378601,2.4000000953674316,0.4399999976158142,0,0,1993-03-01,2022-03-01
424728099182201,10,graph_nodes.huc_cd,GW,other,23,3.208695411682129,2.799999952316284,9.600000381469727,1.100000023841858,0,0,1986-05-01,1989-08-01
424728099182202,10,graph_nodes.huc_cd,GW,other,23,2.717391014099121,2.5999999046325684,4.300000190734863,1.600000023841858,0,0,1986-05-01,1989-08-01
434452110031300,10,graph_nodes.huc_cd,LA,other,25,0.6095999479293823,0.4300000071525574,3.8399999141693115,0.2199999988079071,0,0,1993-03-01,2022-03-01
442828110091700,10,graph_nodes.huc_cd,LA,other,27,0.46888887882232666,0.4099999964237213,0.8999999761581421,0.2199999988079071,0,0,1993-03-01,2022-02-01
444142111174700,10,graph_nodes.huc_cd,LA,other,28,0.7250000238418579,0.6399999856948853,1.7200000286102295,0.2199999988079071,0,0,1993-03-01,2022-03-01
444303110304801,10,graph_nodes.huc_cd,LA,other,26,0.39346155524253845,0.35500001907348633,0.8199999928474426,0.20000000298023224,0,0,1993-03-01,2022-02-01
445548111032200,10,graph_nodes.huc_cd,LA,other,19,0.7236841917037964,0.6000000238418579,1.7899999618530273,0.36000001430511475,0,0,1993-03-01,2013-02-01
450303109571100,10,graph_nodes.huc_cd,LA,other,28,0.5032142996788025,0.4300000071525574,1.340000033378601,0.20999999344348907,0,0,1993-04-01,2022-03-01
451638111255900,10,graph_nodes.huc_cd,LA,other,28,0.5375000238418579,0.5400000214576721,0.7699999809265137,0.2800000011920929,0,0,1993-04-01,2022-03-01
454147113560900,10,graph_nodes.huc_cd,LA,other,28,0.5849999785423279,0.5049999952316284,1.2799999713897705,0.20000000298023224,0,0,1993-04-01,2022-03-01
454620112293100,10,graph_nodes.huc_cd,LA,other,28,0.7717857360839844,0.7350000143051147,1.649999976158142,0.20999999344348907,0,0,1993-04-01,2022-03-01
463246111363601,10,graph_nodes.huc_cd,LK,other,16,3.0268750190734863,2.861666679382324,4.519999980926514,2.3299999237060547,0,0,2015-05-01,2017-08-01
463837111425901,10,graph_nodes.huc_cd,LK,other,16,2.7813539505004883,2.701666831970215,3.9683332443237305,2.059999942779541,0,0,2015-05-01,2017-08-01
463900111280000,10,graph_nodes.huc_cd,LA,other,22,1.6050000190734863,1.2699999809265137,3.6500000953674316,0.5799999833106995,0,0,1998-03-01,2020-02-01
464500112195200,10,graph_nodes.huc_cd,LA,other,24,1.6095833778381348,1.5199999809265137,3.859999895095825,0.550000011920929,0,0,1997-03-01,2022-03-01
465100110420000,10,graph_nodes.huc_cd,LA,other,27,0.7892592549324036,0.8100000023841858,2.2300000190734863,0.23999999463558197,0,0,1993-03-01,2022-03-01
07048600,11,graph_nodes.huc_cd,ST,ST,152,2.739342212677002,2.4000000953674316,10.899999618530273,0.8100000023841858,0,0,2001-04-01,2021-04-01
07048700,11,graph_nodes.huc_cd,ST,ST,122,2.635300397872925,2.0799999237060547,24.600000381469727,0.7099999785423279,0,0,2001-04-01,2021-10-01
07048780,11,graph_nodes.huc_cd,ST,ST,31,3.007742166519165,1.6699999570846558,9.40999984741211,0.5699999928474426,0,0,2015-10-01,2021-04-01
07048800,11,graph_nodes.huc_cd,ST,ST,120,2.730680227279663,1.7999999523162842,25.399999618530273,0.75,0,0,2001-04-01,2015-08-01
07048910,11,graph_nodes.huc_cd,LK,other,136,2.6990439891815186,2.5299999713897705,21.0,0.8899999856948853,0,0,2001-04-01,2021-10-01
07049000,11,graph_nodes.huc_cd,ST,ST,129,2.610077381134033,1.75,29.799999237060547,0.8500000238418579,0,0,1994-05-01,2017-04-01
07049050,11,graph_nodes.huc_cd,ST,ST,23,2.088695526123047,1.159999966621399,7.070000171661377,0.699999988079071,0,0,2016-06-01,2021-04-01
07049160,11,graph_nodes.huc_cd,ST,ST,73,2.3011646270751953,2.253333330154419,3.9200000762939453,0.9200000166893005,0,0,2009-11-01,2021-10-01
07049187,11,graph_nodes.huc_cd,LK,other,119,2.3156723976135254,2.3299999237060547,5.599999904632568,1.0,0,0,2008-10-01,2018-09-01
07049200,11,graph_nodes.huc_cd,LK,other,136,2.665040969848633,2.375,16.5,1.0800000429153442,0,0,2001-04-01,2021-10-01
07049500,11,graph_nodes.huc_cd,LK,other,137,2.6815896034240723,2.299999952316284,27.600000381469727,1.4500000476837158,0,0,2001-04-01,2021-10-01
07049690,11,graph_nodes.huc_cd,LK,other,48,2.223750114440918,2.130000114440918,3.799999952316284,1.7100000381469727,0,0,2001-04-01,2020-09-01
07050500,11,graph_nodes.huc_cd,ST,ST,29,1.7551723718643188,1.5,3.700000047683716,0.800000011920929,0,0,1993-04-01,1995-08-01
07053250,11,graph_nodes.huc_cd,ST,ST,49,1.2909183502197266,0.8149999976158142,11.0,0.4000000059604645,0,0,1993-04-01,2007-10-01
07055646,11,graph_nodes.huc_cd,ST,ST,56,0.7517857551574707,0.6599999666213989,2.9000000953674316,0.27000001072883606,0,0,1993-04-01,2015-08-01
07055814,11,graph_nodes.huc_cd,ST,ST,10,2.739833354949951,2.823333263397217,5.119999885559082,0.9100000262260437,0,0,2015-03-01,2017-04-01
07055893,11,graph_nodes.huc_cd,ST,ST,24,1.4147917032241821,0.8949999809265137,7.559999942779541,0.5799999833106995,0,0,2001-01-01,2006-08-01
07056000,11,graph_nodes.huc_cd,ST,ST,95,1.5584735870361328,1.100000023841858,6.599999904632568,0.5899999737739563,0,0,1993-05-01,2004-03-01
07056515,11,graph_nodes.huc_cd,ST,ST,60,2.001138925552368,1.1749999523162842,6.5,0.5400000214576721,0,0,1999-01-01,2004-03-01
07060710,11,graph_nodes.huc_cd,ST,ST,182,1.1240110397338867,0.9950000047683716,6.599999904632568,0.47999998927116394,0,0,1974-01-01,2026-06-01
07061600,11,graph_nodes.huc_cd,ST,ST,36,0.8429166078567505,0.699999988079071,3.799999952316284,0.4000000059604645,0,0,1993-05-01,2024-05-01
07065495,11,graph_nodes.huc_cd,ST,ST,37,1.3864864110946655,0.800000011920929,7.199999809265137,0.4000000059604645,0,0,1993-04-01,1997-08-01
07075025,11,graph_nodes.huc_cd,LK,other,31,2.224247694015503,2.130000114440918,3.799999952316284,1.0700000524520874,0,0,2009-11-01,2015-05-01
07075215,11,graph_nodes.huc_cd,LK,other,31,2.382688045501709,2.3266665935516357,4.159999847412109,1.2100000381469727,0,0,2009-11-01,2015-05-01
07075627,11,graph_nodes.huc_cd,LK,other,31,2.1360859870910645,2.200000047683716,2.8399999141693115,1.5,0,0,2009-11-01,2015-05-01
07083000,11,graph_nodes.huc_cd,ST,ST,27,1.1737489700317383,0.8433333039283752,4.900000095367432,0.3199999928474426,0,0,1981-02-01,2002-09-01
07097000,11,graph_nodes.huc_cd,ST,ST,16,4.144791603088379,3.6500000953674316,7.400000095367432,2.066666603088379,0,0,1979-04-01,2002-08-01
07099200,11,graph_nodes.huc_cd,ST,ST,119,2.6628153324127197,2.5199999809265137,5.28000020980835,1.8600000143051147,0,0,2001-04-01,2026-07-01
07099400,11,graph_nodes.huc_cd,ST,ST,120,2.5431666374206543,2.4000000953674316,5.230000019073486,1.5299999713897705,0,0,2001-04-01,2026-07-01
07143672,11,graph_nodes.huc_cd,ST,ST,105,6.991127014160156,6.920000076293945,14.199999809265137,2.4000000953674316,0,0,2010-04-01,2026-05-01
07144100,11,graph_nodes.huc_cd,ST,ST,186,5.87301778793335,5.100832939147949,14.0,2.059999942779541,0,0,2010-03-01,2026-07-01
07144780,11,graph_nodes.huc_cd,ST,ST,74,5.933187007904053,4.349999904632568,18.799999237060547,1.2999999523162842,0,0,2012-02-01,2026-06-01
07144790,11,graph_nodes.huc_cd,LK,other,118,4.385677337646484,4.400000095367432,5.659999847412109,2.5999999046325684,0,0,2011-10-01,2026-05-01
07159720,11,graph_nodes.huc_cd,ST,ST,47,9.211701393127441,8.699999809265137,17.0,3.9000000953674316,0,0,1977-11-01,1984-09-01
07186480,11,graph_nodes.huc_cd,ST,ST,41,1.9129266738891602,1.2999999523162842,6.300000190734863,0.800000011920929,0,0,1993-04-01,2024-07-01
07189000,11,graph_nodes.huc_cd,ST,ST,48,1.1583333015441895,0.949999988079071,2.8299999237060547,0.6000000238418579,0,0,1993-04-01,2026-04-01
07196500,11,graph_nodes.huc_cd,ST,ST,28,1.4839285612106323,1.25,3.5999999046325684,0.800000011920929,0,0,1993-04-01,1995-08-01
07221500,11,graph_nodes.huc_cd,ST,ST,55,4.936363697052002,4.199999809265137,14.0,1.5,0,0,1975-07-01,1980-07-01
07226560,11,graph_nodes.huc_cd,LK,other,10,5.300000190734863,5.149999618530273,7.849999904632568,3.450000047683716,0,0,1975-08-01,1980-08-01
07227140,11,graph_nodes.huc_cd,ST,ST,50,3.947000503540039,3.0500001907348633,20.0,0.699999988079071,0,0,1975-07-01,1981-09-01
07231975,11,graph_nodes.huc_cd,ST,ST,16,8.005208015441895,7.699999809265137,16.33333396911621,3.700000047683716,0,0,1979-05-01,1981-08-01
07231990,11,graph_nodes.huc_cd,ST,ST,15,10.1522216796875,10.0,17.0,5.400000095367432,0,0,1979-05-01,1981-08-01
07241550,11,graph_nodes.huc_cd,ST,ST,157,5.7046709060668945,5.539999961853027,18.0,2.7100000381469727,0,0,1981-01-01,2026-06-01
07246615,11,graph_nodes.huc_cd,ST,ST,18,8.658332824707031,6.875,28.0,1.7000000476837158,0,0,1978-08-01,1981-08-01
07247450,11,graph_nodes.huc_cd,ST,ST,17,7.419117450714111,7.150000095367432,13.0,0.5,0,0,1979-01-01,1981-08-01
07248600,11,graph_nodes.huc_cd,ST,ST,18,5.274999618530273,5.024999618530273,8.199999809265137,2.5999999046325684,0,0,1975-05-01,1981-08-01
07249100,11,graph_nodes.huc_cd,ST,ST,14,5.734523773193359,4.9166669845581055,12.0,1.899999976158142,0,0,1979-01-01,1981-08-01
07257480,11,graph_nodes.huc_cd,ST,ST,12,1.671805500984192,0.925000011920929,4.106666564941406,0.5199999809265137,0,0,2013-05-01,2015-06-01
07257500,11,graph_nodes.huc_cd,ST,ST,12,1.8576388359069824,1.1150000095367432,4.679999828338623,0.5799999833106995,0,0,2013-05-01,2015-06-01
07257693,11,graph_nodes.huc_cd,ST,ST,59,3.0747740268707275,2.190000057220459,10.703332901000977,1.0199999809265137,0,0,2009-08-01,2023-05-01
0725769302,11,graph_nodes.huc_cd,,,23,5.086811542510986,5.849999904632568,9.113333702087402,0.9100000262260437,0,0,2010-04-01,2023-03-01
07257694,11,graph_nodes.huc_cd,ST,ST,21,4.940475940704346,5.21999979019165,8.829999923706055,1.059999942779541,0,0,2010-04-01,2023-03-01
0725769402,11,graph_nodes.huc_cd,,,22,4.163939952850342,4.630000114440918,8.029999732971191,0.9700000286102295,0,0,2010-04-01,2023-03-01
07257695,11,graph_nodes.huc_cd,LK,other,11,2.965909004211426,2.259999990463257,7.789999961853027,1.725000023841858,0,0,2010-08-01,2013-06-01
07257696,11,graph_nodes.huc_cd,ST,ST,54,2.314753293991089,2.252500057220459,3.680000066757202,1.625,0,0,2009-08-01,2023-05-01
07257698,11,graph_nodes.huc_cd,ST,ST,30,2.5316665172576904,2.369999885559082,4.699999809265137,1.6699999570846558,0,0,2009-08-01,2023-05-01
07257699,11,graph_nodes.huc_cd,ST,ST,25,1.4664000272750854,1.2599999904632568,3.4700000286102295,0.7200000286102295,0,0,2010-02-01,2022-12-01
07258010,11,graph_nodes.huc_cd,ST,ST,26,8.00076961517334,7.610000133514404,14.800000190734863,4.28000020980835,0,0,2011-03-01,2017-05-01
07258020,11,graph_nodes.huc_cd,ST,ST,26,6.2873077392578125,5.944999694824219,10.199999809265137,4.210000038146973,0,0,2011-03-01,2017-05-01
07261090,11,graph_nodes.huc_cd,ST,ST,22,3.8196516036987305,3.0399999618530273,11.100000381469727,1.5399999618530273,0,0,2010-11-01,2015-11-01
07261100,11,graph_nodes.huc_cd,LK,other,16,3.919687509536743,3.307499885559082,8.225000381469727,2.0799999237060547,0,0,2010-11-01,2013-11-01
07261110,11,graph_nodes.huc_cd,LK,other,24,3.4328126907348633,3.3575000762939453,4.869999885559082,2.6600000858306885,0,0,2010-11-01,2015-11-01
07263295,11,graph_nodes.huc_cd,ST,ST,199,4.0925374031066895,3.4000000953674316,12.300000190734863,0.699999988079071,0,0,1991-02-01,2026-05-01
07263296,11,graph_nodes.huc_cd,ST,ST,136,4.254779815673828,3.8550000190734863,11.100000381469727,1.090000033378601,0,0,2007-01-01,2026-05-01
072632962,11,graph_nodes.huc_cd,,,51,5.938627243041992,5.679999828338623,12.899999618530273,3.0799999237060547,0,0,2003-02-01,2026-05-01
072632965,11,graph_nodes.huc_cd,,,47,3.87361741065979,3.200000047683716,17.0,1.600000023841858,0,0,2000-02-01,2009-04-01
072632966,11,graph_nodes.huc_cd,,,57,6.712865352630615,6.590000152587891,13.699999809265137,2.799999952316284,0,0,2001-07-01,2026-05-01
072632968,11,graph_nodes.huc_cd,,,32,8.435312271118164,8.34000015258789,15.100000381469727,4.019999980926514,0,0,2009-09-01,2026-05-01
07263297,11,graph_nodes.huc_cd,LK,other,179,3.332402229309082,3.109999895095825,14.0,1.100000023841858,0,0,1991-02-01,2022-12-01
072632971,11,graph_nodes.huc_cd,,,48,6.42020845413208,5.975000381469727,15.699999809265137,3.390000104904175,0,0,2003-02-01,2026-05-01
0726329710,11,graph_nodes.huc_cd,,,31,4.0025811195373535,3.609999895095825,12.600000381469727,2.8499999046325684,0,0,2006-03-01,2009-04-01
072632972,11,graph_nodes.huc_cd,,,44,3.298901319503784,3.134999990463257,4.989999771118164,2.4800000190734863,0,0,2009-05-01,2018-08-01
072632978,11,graph_nodes.huc_cd,,,4,6.58805513381958,6.852499961853027,8.122221946716309,4.525000095367432,0,0,1996-07-01,2007-08-01
07263298,11,graph_nodes.huc_cd,LK,other,7,2.9301018714904785,2.625,4.485714435577393,2.0999999046325684,0,0,1994-08-01,1998-08-01
072632982,11,graph_nodes.huc_cd,,,49,5.488367080688477,5.480000019073486,12.399999618530273,1.090000033378601,0,0,2003-02-01,2026-05-01
07263299,11,graph_nodes.huc_cd,LK,other,181,3.2955429553985596,3.119999885559082,12.300000190734863,1.0,0,0,1991-02-01,2022-12-01
072632990,11,graph_nodes.huc_cd,,,31,3.9001615047454834,3.5199999809265137,13.100000381469727,2.6500000953674316,0,0,2006-03-01,2009-04-01
072632992,11,graph_nodes.huc_cd,,,44,3.3194315433502197,3.2200000286102295,5.1566667556762695,2.609999895095825,0,0,2009-05-01,2012-12-01
072632995,11,graph_nodes.huc_cd,,,186,3.2254927158355713,3.048333168029785,19.100000381469727,1.100000023841858,0,0,1991-02-01,2022-12-01
07263620,11,graph_nodes.huc_cd,ST,ST,315,4.726566314697266,4.133333206176758,89.0,2.880000114440918,0,0,1974-01-01,2026-06-01
07332950,11,graph_nodes.huc_cd,ST,ST,16,10.157291412353516,10.216667175292969,14.0,5.800000190734863,0,0,1979-01-01,1981-08-01
07333910,11,graph_nodes.huc_cd,ST,ST,41,8.8097562789917,7.300000190734863,24.0,4.099999904632568,0,0,1977-11-01,1982-04-01
351409097231801,11,graph_nodes.huc_cd,GW,other,4,1.0794641971588135,0.9214285612106323,1.7999999523162842,0.675000011920929,0,0,1987-07-01,2006-01-01
375327097285401,11,graph_nodes.huc_cd,GW,other,83,1.4817570447921753,0.8999999761581421,5.550000190734863,0.4300000071525574,0,0,2010-09-01,2026-07-01
375348097262800,11,graph_nodes.huc_cd,ST,ST,20,12.388166427612305,13.325000762939453,17.649999618530273,0.7950000166893005,0,0,2012-04-01,2016-09-01
375350097262800,11,graph_nodes.huc_cd,ST,ST,99,6.89039421081543,6.389999866485596,13.800000190734863,2.6500000953674316,0,0,2011-03-01,2026-05-01
381559104465500,11,graph_nodes.huc_cd,LK,other,113,2.5429201126098633,2.375,4.510000228881836,1.965000033378601,0,0,2001-04-01,2026-07-01
381602104435200,11,graph_nodes.huc_cd,LK,other,111,2.5077478885650635,2.390000104904175,4.315000057220459,1.9049999713897705,0,0,2001-04-01,2026-07-01
381725104494400,11,graph_nodes.huc_cd,LK,other,93,2.6912364959716797,2.575000047683716,4.34499979019165,2.140000104904175,0,0,2001-04-01,2026-07-01
383100106193000,11,graph_nodes.huc_cd,LA,other,28,1.0257141590118408,0.7950000166893005,3.5999999046325684,0.23999999463558197,0,0,1993-03-01,2022-03-01
383600104430301,11,graph_nodes.huc_cd,GW,other,21,10.65238094329834,10.0,13.600000381469727,8.600000381469727,0,0,1993-03-01,1998-06-01
383606104414701,11,graph_nodes.huc_cd,GW,other,18,7.155555725097656,7.149999618530273,12.100000381469727,3.700000047683716,0,0,1993-03-01,1997-12-01
383608104415101,11,graph_nodes.huc_cd,GW,other,20,13.802499771118164,12.399999618530273,25.0,10.050000190734863,0,0,1993-04-01,1998-06-01
383610104414901,11,graph_nodes.huc_cd,GW,other,20,8.920000076293945,8.0,13.100000381469727,5.400000095367432,0,0,1993-03-01,1998-06-01
383615104415101,11,graph_nodes.huc_cd,GW,other,15,14.773332595825195,15.0,16.149999618530273,12.699999809265137,0,0,1993-04-01,1997-03-01
383621104430801,11,graph_nodes.huc_cd,GW,other,19,4.544736862182617,4.699999809265137,5.800000190734863,2.799999952316284,0,0,1993-06-01,1998-03-01
383631104430701,11,graph_nodes.huc_cd,GW,other,19,11.263157844543457,11.300000190734863,13.5,8.0,0,0,1993-06-01,1998-06-01
383703104423901,11,graph_nodes.huc_cd,GW,other,19,22.416667938232422,21.700000762939453,30.0,18.450000762939453,0,0,1993-03-01,1997-12-01
390500106323000,11,graph_nodes.huc_cd,LA,other,27,0.7755555510520935,0.5400000214576721,3.4700000286102295,0.2199999988079071,0,0,1993-03-01,2022-03-01
392200106120000,11,graph_nodes.huc_cd,LA,other,27,1.085925817489624,0.7300000190734863,8.760000228881836,0.36000001430511475,0,0,1993-04-01,2022-04-01
