model,scenario,mask,n_stations,n_cells,mae_station_equal,mae_cell_weighted,rmse_station_equal,rmse_cell_weighted,r2_station_equal,median_station_mae,stations_with_r2,min_coverage,mean_coverage
B0_station_mean,E1,e1_r20_seed42,567,6610,1.90849396918347,1.5017077640632137,2.6398775749127097,6.599899523898406,-0.11044302846033185,1.0479697481093808,195,1.0,1.0
B0_station_mean,E1,e1_r20_seed43,565,6610,1.6837057936950164,1.3921340105363016,2.252403646148141,3.1478631193719973,-0.145032209557212,0.9757864872967268,192,1.0,1.0
B0_station_mean,E1,e1_r20_seed44,564,6610,1.87776242020394,1.4814824506771658,2.628453016464247,4.464733890334174,-0.11337847783729883,1.0140678997910682,190,1.0,1.0
B0_station_mean,E1_r40,e1_r40_seed42,570,13219,1.9788460090495068,1.517951820037172,2.973442397761289,6.818363967332452,-0.20516335924209408,1.1082033603882704,430,1.0,1.0
B0_station_mean,E1_r40,e1_r40_seed43,569,13219,1.8141039694797394,1.4647581377605474,2.6780754435212257,5.059808283443589,-0.18077924290346611,1.0489778636861198,427,1.0,1.0
B0_station_mean,E1_r40,e1_r40_seed44,568,13219,1.809261433634799,1.4510844256741955,2.6747293347256127,4.173186514093086,-0.14210401009116605,1.0759400021118195,420,1.0,1.0
B0_station_mean,E1_r60,e1_r60_seed42,570,19829,1.926083112173477,1.5072009243595024,2.9915548664595755,5.9160485795308055,-0.21793458389340128,1.1582953903839708,541,1.0,1.0
B0_station_mean,E1_r60,e1_r60_seed43,570,19829,1.8193279743150421,1.4610441310483984,2.741898873123667,4.600531266276012,-0.1914513037657928,1.082949108902336,538,1.0,1.0
B0_station_mean,E1_r60,e1_r60_seed44,570,19829,1.836746057127167,1.4773592148464412,2.8581730870267137,5.341451021142438,-0.16312942791751658,1.1009466289771672,535,1.0,1.0
B0_station_mean,E2a,e2a_strict,139,3184,1.4206483090198452,1.1372584475123777,1.5824438869059363,1.7293503755786406,-1.5527815524582285,0.6987584612223032,78,1.0,1.0
B0_station_mean,E2b,e2b_partial,132,2547,1.406161254373863,1.1198472517259095,1.5668551989352997,1.6977579332674817,-1.816408514839968,0.704695685052072,70,1.0,1.0
B0_station_mean,E3,e3_spatial_seed42,81,5068,2.93945218382661,2.0897571938064603,3.664983983422212,4.0049181710144985,-5.240175791611888,2.0455834596048965,80,1.0,1.0
B0_station_mean,E3,e3_spatial_seed43,81,4004,3.8290821394656818,2.944916432985111,5.625910670593831,12.086972017603323,-9.118949277456743,2.0773435575846873,78,1.0,1.0
B0_station_mean,E3,e3_spatial_seed44,81,4909,3.543168747046716,2.746466449001404,4.415734257052689,5.007679713917965,-13.430361587261983,1.880575755016898,81,1.0,1.0
B1_kriging,E1,e1_r20_seed42,567,6594,2.7636333367687103,2.1970352138651252,3.513057684395465,7.036813823423932,-6.153520818993612,1.6419116102732234,193,0.6666666666666666,0.9966087304059656
B1_kriging,E1,e1_r20_seed43,565,6589,2.4725081149823676,2.0331985774652943,3.0557856264648042,3.966194069258655,-5.937228370639562,1.5510893033189543,192,0.6666666666666666,0.996496890480466
B1_kriging,E1,e1_r20_seed44,564,6591,2.774198284974646,2.208524044500726,3.532100351327534,5.144379393161351,-7.161829173201878,1.6377357701677338,189,0.6666666666666666,0.9965068064617425
B1_kriging,E1_r40,e1_r40_seed42,570,13135,2.7953742247398226,2.2095308187998266,3.7981804455000163,7.257348658093976,-7.012924642199713,1.6574527433977237,427,0.75,0.9910231305086179
B1_kriging,E1_r40,e1_r40_seed43,569,13144,2.642311088750703,2.1332986150580493,3.5284776144497654,5.663445512847889,-5.321704168295318,1.6373220661788321,422,0.7272727272727273,0.9920608026848273
B1_kriging,E1_r40,e1_r40_seed44,568,13156,2.7037913601923314,2.1813624987601603,3.583178380435782,4.986654424465601,-9.629181483627551,1.6566769665989742,418,0.6153846153846154,0.9940177287504319
B1_kriging,E1_r60,e1_r60_seed42,570,19500,2.790113285935142,2.2103745363870293,3.8897154686490674,6.4255815817374495,-11.87456841211216,1.7118946969892073,533,0.25,0.9747022673190743
B1_kriging,E1_r60,e1_r60_seed43,570,19543,2.7509896246005745,2.203967742750238,3.7245591131832914,5.340631978212917,-10.216344170030165,1.7371651775434969,532,0.6,0.9792767553202933
B1_kriging,E1_r60,e1_r60_seed44,570,19441,2.805031138221956,2.233493399766869,3.896054942358498,6.016998476032345,-9.978581750557465,1.722670169466634,527,0.42105263157894735,0.9723896467166734
B1_kriging,E2b,e2b_partial,132,2422,1.825302652960827,1.5083985594185558,2.0811420001182683,2.047469380445867,-8.14266119875473,1.3395248751244961,70,0.7142857142857143,0.9676125152638763
B1_kriging,E3,e3_spatial_seed42,81,5050,2.2204998238276286,1.759853400748671,2.9426088527634175,3.1799365720304262,-2.4739643833585228,1.6694112084537873,80,0.8194444444444444,0.9959469792995227
B1_kriging,E3,e3_spatial_seed43,81,4000,2.8499870211125113,2.3353121894487447,4.700637678723145,11.39418452160196,-4.001034620567207,1.583541226748854,78,0.9230769230769231,0.9982241929610349
B1_kriging,E3,e3_spatial_seed44,81,4899,2.508286187893277,2.06011258453294,3.44807913842947,3.814525549801602,-4.237410020572749,1.5402676784956597,81,0.9230769230769231,0.9976307613766624
B2_random_forest,E1,e1_r20_seed42,567,6610,1.894013692152346,1.4551459784368677,2.6338141465990987,6.650970194348988,-0.1150692811220597,0.9509811503763063,195,1.0,1.0
B2_random_forest,E1,e1_r20_seed43,565,6610,1.6513947824680253,1.350977051072275,2.2366221261331236,3.0954150657374,-0.5809438241619526,0.9722338668895072,192,1.0,1.0
B2_random_forest,E1,e1_r20_seed44,564,6610,1.8583997896967903,1.461678697589569,2.6097631773996053,4.4908686689416655,-0.19712766228499112,0.9838260545379375,190,1.0,1.0
B2_random_forest,E1_r40,e1_r40_seed42,570,13219,1.971648650960811,1.481872483946172,2.9774932633665196,6.8710366403688585,-1.3041252165780426,1.0459331811208687,430,1.0,1.0
B2_random_forest,E1_r40,e1_r40_seed43,569,13219,1.8086165983401215,1.4324750109612665,2.703510812584042,5.185093448466346,-0.3767975967859043,1.0159868634914933,427,1.0,1.0
B2_random_forest,E1_r40,e1_r40_seed44,568,13219,1.7682657272899815,1.4099220911041752,2.651558760947308,4.117623409797737,-0.26897028791165817,1.0093437715923796,420,1.0,1.0
B2_random_forest,E1_r60,e1_r60_seed42,570,19829,1.9374241049029435,1.4805504128698943,3.0409610695672256,5.983240613025951,-1.1618360505360747,1.151553677395834,541,1.0,1.0
B2_random_forest,E1_r60,e1_r60_seed43,570,19829,1.832360090463675,1.441989892162246,2.7830374441507284,4.671285519650624,-0.46456232532045094,1.1259392487368893,538,1.0,1.0
B2_random_forest,E1_r60,e1_r60_seed44,570,19829,1.827461489474088,1.4497378337202744,2.8668028618038264,5.339503709661759,-0.35600190238754553,1.0591588464028772,535,1.0,1.0
B2_random_forest,E2a,e2a_strict,139,3184,1.2381987010297877,1.114872464004028,1.458579512526854,1.7716672533679396,-2.6882870069925136,0.7288800554679068,78,1.0,1.0
B2_random_forest,E2b,e2b_partial,132,2547,1.2319575467260377,1.1142244777610126,1.4508457250281268,1.7553975846091214,-3.147162841434345,0.7260698789364216,70,1.0,1.0
B2_random_forest,E3,e3_spatial_seed42,81,5068,2.436296444820428,2.0603586303263794,3.179389865229654,3.673444245168637,-2.43979979137933,1.6223269487930179,80,1.0,1.0
B2_random_forest,E3,e3_spatial_seed43,81,4004,2.972765557219257,2.2780380144319183,4.846564777751113,11.50630390148083,-3.3516053458530846,1.6336384955160985,78,1.0,1.0
B2_random_forest,E3,e3_spatial_seed44,81,4909,2.2775889326974093,1.8712613810740877,3.225253736882256,3.6490858194356903,-1.7423768700949855,1.4014247032399971,81,1.0,1.0
B3_mlp,E1,e1_r20_seed42,567,6610,2.4880137589210785,1.8678042252953362,3.244466868512492,6.992494103792175,-1.4864249755872225,1.3192081703076424,195,1.0,1.0
B3_mlp,E1,e1_r20_seed43,565,6610,2.2273126633270777,1.7776805129917788,2.8134124587507117,3.5928801825049463,-4.682905986096844,1.3833243120501282,192,1.0,1.0
B3_mlp,E1,e1_r20_seed44,564,6610,2.571212845650629,1.9643283371708469,3.34111682834794,5.006006800174529,-3.3115280646786904,1.413108068727957,190,1.0,1.0
B3_mlp,E1_r40,e1_r40_seed42,570,13219,2.529328141334309,1.9158959466209844,3.567994000918965,7.181302884580053,-4.018954360455525,1.4562786625011899,430,1.0,1.0
B3_mlp,E1_r40,e1_r40_seed43,569,13219,2.35815409307444,1.8202332241029924,3.3064175043467685,5.530660381611108,-2.0180222872646536,1.363937095455877,427,1.0,1.0
B3_mlp,E1_r40,e1_r40_seed44,568,13219,2.4091240015050164,1.8470843124046556,3.3352619360807094,4.73556340191216,-3.0026675962649003,1.450464766100321,420,1.0,1.0
B3_mlp,E1_r60,e1_r60_seed42,570,19829,2.469832135323243,1.8868883596648263,3.5913227808487154,6.247659282909637,-4.358947607845909,1.472976178969192,541,1.0,1.0
B3_mlp,E1_r60,e1_r60_seed43,570,19829,2.4357489484766375,1.8876349385285351,3.425430631334548,5.139189870568072,-3.965486670322513,1.5337809634575628,538,1.0,1.0
B3_mlp,E1_r60,e1_r60_seed44,570,19829,2.4266669798823632,1.8782793645602471,3.492698100539212,5.794992699090127,-2.670649193175581,1.4430706131172726,535,1.0,1.0
B3_mlp,E2a,e2a_strict,139,3184,1.2600402682840577,1.3092068042235934,1.4734465478861591,1.8860152176604563,-4.037189375278343,0.9655145109235752,78,1.0,1.0
B3_mlp,E2b,e2b_partial,132,2547,1.2558031550248514,1.2892367982382351,1.468022273936777,1.8385695926814511,-4.318038177280681,0.961012072108117,70,1.0,1.0
B3_mlp,E3,e3_spatial_seed42,81,5068,2.222078160056401,1.8860120508361577,3.0389399757196576,3.3638302696550286,-2.1789247513261256,1.5980584562377413,80,1.0,1.0
B3_mlp,E3,e3_spatial_seed43,81,4004,2.925457969678887,2.295726145865273,4.794842076750276,11.57634342683243,-1.890049457527647,1.57823085181952,78,1.0,1.0
B3_mlp,E3,e3_spatial_seed44,81,4909,2.2700961613872948,1.8715321556121545,3.196764988439142,3.6198478995839802,-1.7951428902142852,1.4250345104346538,81,1.0,1.0
G0_gcn_none,E1,e1_r20_seed42,1134,13220,2.4721475631591106,1.8268664933076064,3.261150544191647,7.004362789291085,-1.4228795103702145,1.2624698045405935,390,1.0,1.0
G0_gcn_none,E1,e1_r20_seed43,565,6610,2.1771025442769765,1.6969450071442775,2.8083128253068903,3.6915405869491846,-1.5904749545644956,1.1907322406768799,192,1.0,1.0
G0_gcn_none,E1,e1_r20_seed44,564,6610,2.4240214706150787,1.806695063423461,3.2489616193498803,5.0612299314118845,-1.5726720073607432,1.2604208837481257,190,1.0,1.0
G0_gcn_none,E1_r40,e1_r40_seed42,570,13219,2.4777755034406894,1.8273406377356274,3.537089058882006,7.172135041215239,-3.088260452866315,1.358386387427648,430,1.0,1.0
G0_gcn_none,E1_r40,e1_r40_seed43,569,13219,2.3557970865613522,1.8390949857163712,3.260443290074373,5.428818027544123,-2.5039065626320887,1.407609174991476,427,1.0,1.0
G0_gcn_none,E1_r40,e1_r40_seed44,568,13219,2.347806916374817,1.7837999556671564,3.2669692178751144,4.612460159532491,-1.8424994179274503,1.3585002028243447,420,1.0,1.0
G0_gcn_none,E1_r60,e1_r60_seed42,570,19829,2.5020850364063287,1.8705921231887994,3.632256035073514,6.339206731709783,-3.644899194070909,1.4627881365949693,541,1.0,1.0
G0_gcn_none,E1_r60,e1_r60_seed43,570,19829,2.3608933597768442,1.798249862208144,3.3928655716320772,5.145683062037959,-2.2895264654625707,1.3849074763911111,538,1.0,1.0
G0_gcn_none,E1_r60,e1_r60_seed44,570,19829,2.6724238505530846,1.955210972124377,3.753727749348541,6.063693450165568,-2.4887753869979528,1.3882449598829378,535,1.0,1.0
G0_gcn_none,E2a,e2a_strict,139,3184,1.2657933740850746,1.152647103037891,1.453429055731152,1.638462568694121,-3.244330969609096,0.945627727006611,78,1.0,1.0
G0_gcn_none,E2b,e2b_partial,132,2547,1.2583126785190215,1.1304528049899403,1.443034523837358,1.5835170326529369,-3.4495983868512043,0.9343554491624035,70,1.0,1.0
G0_gcn_none,E3,e3_spatial_seed42,81,5068,2.069968862076675,1.5440100645991932,2.9322788034888676,3.2328866376491847,-1.4955991910650184,1.356733306458122,80,1.0,1.0
G0_gcn_none,E3,e3_spatial_seed43,81,4004,2.96134031147753,2.2848437577616294,4.86740960274718,11.725810175838511,-1.5862717275456564,1.6210363621407367,78,1.0,1.0
G0_gcn_none,E3,e3_spatial_seed44,81,4909,2.5699974961233676,1.9679634623300837,3.608144114013292,4.037051750516119,-2.530656476558317,1.3882342779636383,81,1.0,1.0
G0_gcn_random,E1,e1_r20_seed42,567,6610,2.8914177570326727,2.058394380398489,3.668473611711603,7.2201112263544065,-3.682422135520797,1.4353973716497421,195,1.0,1.0
G0_gcn_random,E1,e1_r20_seed43,565,6610,2.689591599625052,1.956348314084417,3.322497998170654,4.174958484533263,-3.0905961905271826,1.4629412492116292,192,1.0,1.0
G0_gcn_random,E1,e1_r20_seed44,564,6610,3.1240587016495014,2.2393711962515934,3.9142884218508285,5.678668050008107,-3.0749286225293733,1.5793966394482237,190,1.0,1.0
G0_gcn_random,E1_r40,e1_r40_seed42,570,13219,3.0594355388625325,2.161359400852328,4.106202425790324,7.477521536181735,-15.35253249297977,1.6082530170679092,430,1.0,1.0
G0_gcn_random,E1_r40,e1_r40_seed43,569,13219,2.8451765700643774,2.05962791652946,3.7787247604079424,5.827694556200097,-4.617504150205151,1.5867589601763972,427,1.0,1.0
G0_gcn_random,E1_r40,e1_r40_seed44,568,13219,2.824154144693402,2.041256814241991,3.7439975346464354,5.138620916905378,-5.132116282718233,1.5684660694428851,420,1.0,1.0
G0_gcn_random,E1_r60,e1_r60_seed42,570,19829,3.1224990630797484,2.2721622781031003,4.217175750416052,6.689110043707493,-13.251325201129273,1.7930977670919328,541,1.0,1.0
G0_gcn_random,E1_r60,e1_r60_seed43,570,19829,2.8413773809062692,2.065265714525921,3.8129420625672035,5.416087160637792,-6.893806296668211,1.6027199206528842,538,1.0,1.0
G0_gcn_random,E1_r60,e1_r60_seed44,570,19829,2.8989574463305745,2.1180646047244105,3.976296627312338,6.114863564053661,-6.363330607375598,1.6291912138720095,535,1.0,1.0
G0_gcn_random,E2a,e2a_strict,139,3184,1.5851758206489066,1.2901680085377478,1.7846793582687213,1.8284955972850694,-4.244296124082051,1.1689288729713077,78,1.0,1.0
G0_gcn_random,E2b,e2b_partial,132,2547,1.5973488421786792,1.2619137212979266,1.7964271173438142,1.7781532891737497,-4.695305034445332,1.1236069917678833,70,1.0,1.0
G0_gcn_random,E3,e3_spatial_seed42,81,5068,2.8977912443526925,2.3266468416243766,3.6365424273254923,4.106924309946456,-4.933985220577484,1.892832282427195,80,1.0,1.0
G0_gcn_random,E3,e3_spatial_seed43,81,4004,3.8950206287394993,3.2300848345366213,5.671015510019446,11.725825191410989,-7.527181063560503,2.110137339610203,78,1.0,1.0
G0_gcn_random,E3,e3_spatial_seed44,81,4909,3.3187309253310806,2.755668717194603,4.3098045448810725,4.89478549898714,-8.484007196689634,1.8063006278796074,81,1.0,1.0
G0_gcn_river,E1,e1_r20_seed42,567,6610,2.3097081926976815,1.708880117192932,3.065744689700015,6.876745376578337,-1.0721102955457475,1.2685916026433308,195,1.0,1.0
G0_gcn_river,E1,e1_r20_seed43,565,6610,2.098162892876416,1.6230792192406895,2.719061256283236,3.6364116838189977,-1.3839603242037324,1.1803978814019098,192,1.0,1.0
G0_gcn_river,E1,e1_r20_seed44,564,6610,2.243012973490819,1.6797468644294904,2.9982599543007473,4.731268865500999,-1.2761972864914224,1.2392471210217813,190,1.0,1.0
G0_gcn_river,E1_r40,e1_r40_seed42,570,13219,2.4006111068705343,1.7708605212849968,3.42149696714041,7.094399201441191,-3.495059098969122,1.360486253863674,430,1.0,1.0
G0_gcn_river,E1_r40,e1_r40_seed43,569,13219,2.193893303822109,1.694902652461028,3.103414736254502,5.376498749439507,-1.6565797917168512,1.2850075526670977,427,1.0,1.0
G0_gcn_river,E1_r40,e1_r40_seed44,568,13219,2.279443519817822,1.6929861680451,3.222751992917674,4.596175893952103,-1.4894035520603661,1.2755576428912936,420,1.0,1.0
G0_gcn_river,E1_r60,e1_r60_seed42,570,19829,2.3407251078357896,1.7469610121012653,3.4760434532017763,6.183995729983039,-3.83855739035598,1.3214036839664298,541,1.0,1.0
G0_gcn_river,E1_r60,e1_r60_seed43,570,19829,2.3002840150828687,1.757561217862552,3.289043997732018,5.030294236981947,-2.796913922606006,1.3608356731442304,538,1.0,1.0
G0_gcn_river,E1_r60,e1_r60_seed44,570,19829,2.3402336753550523,1.7725557535334424,3.413186082567948,5.74326818226569,-2.520361121183432,1.3188532935034845,535,1.0,1.0
G0_gcn_river,E2a,e2a_strict,139,3184,1.2698203365736318,1.1717638998063067,1.454614888368083,1.6814851560919069,-2.9869343328923277,0.969333945659169,78,1.0,1.0
G0_gcn_river,E2b,e2b_partial,132,2547,1.2895459561223401,1.1310220962886863,1.4707125395845615,1.6139413445926518,-3.0154719609734397,0.9526654631968379,70,1.0,1.0
G0_gcn_river,E3,e3_spatial_seed42,81,5068,2.0629178398017816,1.6277186646146058,2.8376938832321774,3.119118350033374,-1.8305798543971208,1.424403658437565,80,1.0,1.0
G0_gcn_river,E3,e3_spatial_seed43,81,4004,2.820939056345983,2.334872033984794,4.696587883351897,11.59355144604392,-2.427574434877561,1.611364061633746,78,1.0,1.0
G0_gcn_river,E3,e3_spatial_seed44,81,4909,2.186957424903139,1.8104306755340447,3.176192338418303,3.6521976740616955,-1.6100917711129759,1.4797163368553243,81,1.0,1.0
H1_directed_river,E1,e1_r20_seed42,567,6610,2.1060705878044574,1.5492114852826462,2.8599740704533976,6.493825103900904,-0.43966107210285665,1.1271239519119263,195,1.0,1.0
H1_directed_river,E1,e1_r20_seed43,565,6610,1.861053120320412,1.4347229305006644,2.464046883618305,3.219371562047834,-0.5885726756447489,1.0745879974630144,192,1.0,1.0
H1_directed_river,E1,e1_r20_seed44,564,6610,2.075588021562369,1.5459940996770598,2.8538068495849425,4.469282689158364,-0.4808906742097956,1.1136848992771573,190,1.0,1.0
H1_directed_river,E1_r40,e1_r40_seed42,570,13219,2.1471692910596376,1.5701813536110458,3.192820597963781,6.755983082890229,-2.66829148690838,1.1678423897216195,430,1.0,1.0
H1_directed_river,E1_r40,e1_r40_seed43,569,13219,2.0297307250725165,1.5442140112216123,2.9699505129817916,5.203314087213148,-1.2436436723942201,1.1721358060836793,427,1.0,1.0
H1_directed_river,E1_r40,e1_r40_seed44,568,13219,2.02780774934932,1.5278807747637064,2.927291739872853,4.297191446454151,-1.1314841668436806,1.2121661065109803,420,1.0,1.0
H1_directed_river,E1_r60,e1_r60_seed42,570,19829,2.241965644331573,1.6665032999890164,3.3925589316985074,6.063756949866146,-3.144428996473718,1.3079370416430023,541,1.0,1.0
H1_directed_river,E1_r60,e1_r60_seed43,570,19829,2.1504926745221096,1.610283661284854,3.1252646330352594,4.836870458397218,-1.9284287287993305,1.2669414071809677,538,1.0,1.0
H1_directed_river,E1_r60,e1_r60_seed44,570,19829,2.1401959737494245,1.6125945540706679,3.1975125063499554,5.608793698567448,-1.8564166210661865,1.2479943591327483,535,1.0,1.0
H1_directed_river,E2a,e2a_strict,139,3184,1.372925532785145,1.2411150516914062,1.5557034911171728,1.8111754685771067,-3.1042098640864557,0.9034107556709876,78,1.0,1.0
H1_directed_river,E2b,e2b_partial,132,2547,1.302130434012168,1.1829061020249052,1.4839339918348835,1.7089711555715053,-3.2053622223496623,0.8740636876651219,70,1.0,1.0
H1_directed_river,E3,e3_spatial_seed42,81,5068,2.2605897871114173,1.9029139647114766,2.986047892412135,3.3189688175462657,-2.346659871514201,1.6243225502711471,80,1.0,1.0
H1_directed_river,E3,e3_spatial_seed43,81,4004,2.885785932104852,2.2916123177260754,4.762005129088074,11.640829134674776,-1.652797104111565,1.747819968172022,78,1.0,1.0
H1_directed_river,E3,e3_spatial_seed44,81,4909,2.264992894613336,1.88568766221911,3.2586945618114043,3.6867960469024297,-1.662645339544503,1.4281506431954247,81,1.0,1.0
H2E_transport_river,E1,e1_r20_seed42,567,6610,2.0097336658750056,1.491074872589508,2.7820740836049205,6.642474536931019,-0.14633730325610023,0.974973235811506,195,1.0,1.0
H2E_transport_river,E1,e1_r20_seed43,565,6610,1.6134948347352764,1.2997920502163187,2.2026294140867093,3.077865666953732,-0.11425840570258738,0.919907638004848,192,1.0,1.0
H2E_transport_river,E1,e1_r20_seed44,564,6610,1.8832083833418714,1.4128986889628887,2.6718765246350595,4.526159872826988,-0.12259048887069524,0.9715268380787907,190,1.0,1.0
H2E_transport_river,E1_r40,e1_r40_seed42,570,13219,2.0387359538387284,1.5193257737687509,3.011832670317194,6.724514884447097,-1.2776901752434013,1.073471881945928,430,1.0,1.0
H2E_transport_river,E1_r40,e1_r40_seed43,569,13219,1.86057513029205,1.4331959838454702,2.817491588835025,5.096037017319537,-0.5122875549642615,1.035298205084271,427,1.0,1.0
H2E_transport_river,E1_r40,e1_r40_seed44,568,13219,1.809845664670225,1.3808964551598728,2.7043262064157405,4.1453199280395845,-0.5389611360471654,1.0455555479168455,420,1.0,1.0
H2E_transport_river,E1_r60,e1_r60_seed42,570,19829,1.9668380384382453,1.4937164548981194,3.0726279005859913,5.984045453867838,-1.7062702849497775,1.1843000468605225,541,1.0,1.0
H2E_transport_river,E1_r60,e1_r60_seed43,570,19829,1.9605439877983375,1.5011309317947996,2.887790444818467,4.679585808847592,-1.2097034953867192,1.1453028513490615,538,1.0,1.0
H2E_transport_river,E1_r60,e1_r60_seed44,570,19829,1.964194822234711,1.4904606098981643,3.0597665396697273,5.543607047734938,-0.9913470514290356,1.0888442943493524,535,1.0,1.0
H2E_transport_river,E2a,e2a_strict,139,3184,1.2051497937339601,1.2432015559369296,1.3569646682067533,1.7094931443301653,-3.2255608090996284,0.9265172808778053,78,1.0,1.0
H2E_transport_river,E2b,e2b_partial,132,2547,1.1681434701598188,1.1350778490246443,1.3292052103851397,1.5742959005795505,-2.5697212861899152,0.8743960460027059,70,1.0,1.0
H2E_transport_river,E3,e3_spatial_seed42,81,5068,2.059071110902655,1.6236031571257603,2.7686425614334524,3.019996578450246,-1.827191070471357,1.3724596337838606,80,1.0,1.0
H2E_transport_river,E3,e3_spatial_seed43,81,4004,2.678117857242386,2.140302798814037,4.554441304718077,11.580552920477293,-1.4984918395655673,1.5040764192403373,78,1.0,1.0
H2E_transport_river,E3,e3_spatial_seed44,81,4909,2.0677071557870925,1.615808355012052,3.069075604761634,3.4352628387350967,-1.583317157968295,1.3312528520017057,81,1.0,1.0
H2X_transport_enc_river,E1,e1_r20_seed42,567,6610,1.9113672246703517,1.4294212386936356,2.6698718275772313,6.650137855567873,-0.0955670449562282,0.9678517750331334,195,1.0,1.0
H2X_transport_enc_river,E1,e1_r20_seed43,565,6610,1.621450021757937,1.3168703391257555,2.195235449398955,3.068127649291975,-0.19132418659137004,0.9480618694249321,192,1.0,1.0
H2X_transport_enc_river,E1,e1_r20_seed44,564,6610,1.9821113901011451,1.4776494241969127,2.7965244879679285,4.701852696811145,-0.11455438551282625,0.9943831097103526,190,1.0,1.0
H2X_transport_enc_river,E1_r40,e1_r40_seed42,570,13219,1.9393389971799806,1.448967132409349,2.9628686119103045,6.874369029669725,-0.6274251144450046,1.0514131702874836,430,1.0,1.0
H2X_transport_enc_river,E1_r40,e1_r40_seed43,569,13219,1.8385974818878723,1.4085473869046914,2.791287051313831,5.159362733752193,-0.41495762381349977,1.0169757039923417,427,1.0,1.0
H2X_transport_enc_river,E1_r40,e1_r40_seed44,568,13219,1.8165904863552156,1.3835158615191798,2.7496919892770144,4.229025326446068,-0.40058640910132143,1.0295132861605714,420,1.0,1.0
H2X_transport_enc_river,E1_r60,e1_r60_seed42,570,19829,2.030228042476241,1.5298896892307847,3.0925824383808322,5.891315409206225,-1.8691014154028178,1.189937160928038,541,1.0,1.0
H2X_transport_enc_river,E1_r60,e1_r60_seed43,570,19829,2.0178230660064442,1.533560871096129,3.037661542755161,4.922117347805395,-0.7720771136216209,1.0889650926526104,538,1.0,1.0
H2X_transport_enc_river,E1_r60,e1_r60_seed44,570,19829,1.939850823139703,1.485022427398373,3.045721406510384,5.552872769416812,-0.8011542391345664,1.0719664975950949,535,1.0,1.0
H2X_transport_enc_river,E2a,e2a_strict,139,3184,1.069554220861519,0.9555256173538802,1.2374657772334439,1.4737200124047836,-0.9048545739214655,0.6648392743534512,78,1.0,1.0
H2X_transport_enc_river,E2b,e2b_partial,132,2547,1.130898299871358,1.0598005103419048,1.307075113924533,1.5587806065954861,-1.7683474254141902,0.7182312798047776,70,1.0,1.0
H2X_transport_enc_river,E3,e3_spatial_seed42,81,5068,1.899677761160542,1.5936065330107614,2.6533181493700404,3.069467562917438,-2.6010896886904753,1.2938344445834864,80,1.0,1.0
H2X_transport_enc_river,E3,e3_spatial_seed43,81,4004,2.6550571836149963,2.1185814548306143,4.576441429601082,11.582292580568659,-1.2611076987291134,1.5584974315140274,78,1.0,1.0
H2X_transport_enc_river,E3,e3_spatial_seed44,81,4909,2.001968708590715,1.5931533553946233,2.9555310245752957,3.360040899582945,-1.5728495774315434,1.180638970330704,81,1.0,1.0
H2_transport_river,E1,e1_r20_seed42,567,6610,1.9646958313094895,1.4626158445780468,2.721158749045349,6.608491793801184,-0.1514281828296927,1.0014439062638716,195,1.0,1.0
H2_transport_river,E1,e1_r20_seed43,565,6610,1.725944131214176,1.31897993402023,2.320793716728328,3.1471857448096374,-0.2508075343805631,0.9571786403656006,192,1.0,1.0
H2_transport_river,E1,e1_r20_seed44,564,6610,1.9334034913360656,1.443336536632724,2.7112770853720294,4.495034096182383,-0.16980145854066245,1.0060593377460134,190,1.0,1.0
H2_transport_river,E1_r40,e1_r40_seed42,570,13219,2.01159315136764,1.485634053695945,3.0560260641364527,6.83253241315536,-1.3989853052317365,1.066437988746457,430,1.0,1.0
H2_transport_river,E1_r40,e1_r40_seed43,569,13219,1.9952555301118842,1.5043938283917944,2.9630192861635596,5.280789374270933,-0.6248066660670547,1.0664138987257674,427,1.0,1.0
H2_transport_river,E1_r40,e1_r40_seed44,568,13219,1.8549395166750229,1.404202190298894,2.747627416980459,4.212119216114961,-0.9793727227168947,1.0829315456251303,420,1.0,1.0
H2_transport_river,E1_r60,e1_r60_seed42,570,19829,2.0114919207252235,1.5056845278838134,3.1251251176361476,5.955453313396224,-1.701446202510404,1.2234811560917087,541,1.0,1.0
H2_transport_river,E1_r60,e1_r60_seed43,570,19829,2.0449299150018163,1.5455128323412457,3.070905272548878,4.883760006112951,-1.1790762179456022,1.1064663887680088,538,1.0,1.0
H2_transport_river,E1_r60,e1_r60_seed44,570,19829,1.9866488034674827,1.5141014971729156,3.0501776605276696,5.450987802402843,-1.2134073791287725,1.1142170437072454,535,1.0,1.0
H2_transport_river,E2a,e2a_strict,139,3184,1.1687238790798293,1.0794926309986181,1.331946684453426,1.5937592723378415,-1.7298900118501104,0.8449960296804254,78,1.0,1.0
H2_transport_river,E2b,e2b_partial,132,2547,1.1269732687944916,1.0153416215811797,1.2918702586324402,1.5100058505512952,-1.6325684270599674,0.7181408852338791,70,1.0,1.0
H2_transport_river,E3,e3_spatial_seed42,81,5068,2.411284714781498,1.808569993888452,3.1118719169000864,3.3741101250987144,-3.4028336973630813,1.610616351167361,80,1.0,1.0
H2_transport_river,E3,e3_spatial_seed43,81,4004,2.8351543554699257,2.3579770113349885,4.677110942307429,11.601644162629611,-1.7303018884407726,1.6124951513802133,78,1.0,1.0
H2_transport_river,E3,e3_spatial_seed44,81,4909,2.1963864558171826,1.8520170117658785,3.1464111043040215,3.5877293906408547,-1.876087241800256,1.6316253904501596,81,1.0,1.0
