model,mask,station,month,y_true,y_pred,abs_error
B0_station_mean,e1_r20_seed42,06438000,1980-07-01,460.0,13.24839607628867,446.75160392371134
B0_station_mean,e1_r20_seed42,06438000,1979-07-01,160.0,13.24839607628867,146.75160392371134
B0_station_mean,e1_r20_seed42,06350000,1979-05-01,67.0,12.648388735556635,54.35161126444336
B0_station_mean,e1_r20_seed42,06355310,1980-06-01,77.0,29.907799941677514,47.09220005832249
B0_station_mean,e1_r20_seed42,430402089282000,2013-11-01,58.54999923706055,15.706180358383072,42.843818878677475
B0_station_mean,e1_r20_seed43,03353551,1991-05-01,67.0,5.081751472102423,61.918248527897575
B0_station_mean,e1_r20_seed43,05288705,2018-11-01,66.69999694824219,6.134749524985971,60.56524742325622
B0_station_mean,e1_r20_seed43,430358089281901,2014-11-01,70.5999984741211,17.788656090374786,52.81134238374631
B0_station_mean,e1_r20_seed43,06753990,2001-05-01,51.099998474121094,8.094596662253961,43.00540181186713
B0_station_mean,e1_r20_seed43,430356089293601,2015-10-01,67.4000015258789,26.34479712118028,41.05520440469863
B0_station_mean,e1_r20_seed44,06438000,1978-08-01,212.0,12.859053133291692,199.1409468667083
B0_station_mean,e1_r20_seed44,06339100,1980-06-01,110.0,15.991336396065979,94.00866360393402
B0_station_mean,e1_r20_seed44,07263620,1997-07-01,89.0,4.3978241457297225,84.60217585427027
B0_station_mean,e1_r20_seed44,06331570,1979-11-01,97.0,15.571264090434443,81.42873590956556
B0_station_mean,e1_r20_seed44,06378300,1980-06-01,69.0,15.832215502015895,53.1677844979841
B0_station_mean,e1_r40_seed42,06438000,1980-07-01,460.0,14.469139160270942,445.53086083972903
B0_station_mean,e1_r40_seed42,06438000,1980-10-01,450.0,14.469139160270942,435.53086083972903
B0_station_mean,e1_r40_seed42,385104092252402,1993-09-01,260.0,5.737613511721017,254.262386488279
B0_station_mean,e1_r40_seed42,06438000,1979-07-01,160.0,14.469139160270942,145.53086083972906
B0_station_mean,e1_r40_seed42,06426400,1980-02-01,110.0,13.684581939457473,96.31541806054253
B0_station_mean,e1_r40_seed43,06438000,1980-07-01,460.0,20.548661259539333,439.45133874046064
B0_station_mean,e1_r40_seed43,06339100,1980-06-01,110.0,16.12670796538252,93.87329203461748
B0_station_mean,e1_r40_seed43,03353551,1991-05-01,67.0,5.19105614226311,61.80894385773689
B0_station_mean,e1_r40_seed43,05288705,2018-11-01,66.69999694824219,6.2533595200505125,60.44663742819168
B0_station_mean,e1_r40_seed43,430358089281901,2014-11-01,70.5999984741211,16.40003147941902,54.19996699470207
B0_station_mean,e1_r40_seed44,430356089293601,2014-11-01,225.0,25.50792873538533,199.49207126461468
B0_station_mean,e1_r40_seed44,06438000,1978-08-01,212.0,15.295418879028905,196.70458112097108
B0_station_mean,e1_r40_seed44,06339100,1980-06-01,110.0,17.827740572010374,92.17225942798963
B0_station_mean,e1_r40_seed44,07263620,1997-07-01,89.0,4.394174327011304,84.6058256729887
B0_station_mean,e1_r40_seed44,06331570,1979-11-01,97.0,15.70093946867506,81.29906053132494
B0_station_mean,e1_r60_seed42,06438000,1980-07-01,460.0,15.500973044765463,444.4990269552345
B0_station_mean,e1_r60_seed42,06438000,1980-10-01,450.0,15.500973044765463,434.4990269552345
B0_station_mean,e1_r60_seed42,385104092252402,1993-09-01,260.0,5.993508834474606,254.0064911655254
B0_station_mean,e1_r60_seed42,06438000,1979-07-01,160.0,15.500973044765463,144.49902695523454
B0_station_mean,e1_r60_seed42,06426400,1980-02-01,110.0,13.265507255180355,96.73449274481965
B0_station_mean,e1_r60_seed43,06438000,1980-07-01,460.0,23.151205066960774,436.84879493303924
B0_station_mean,e1_r60_seed43,430401089304501,2014-11-01,132.0,17.078504824661053,114.92149517533895
B0_station_mean,e1_r60_seed43,06426400,1980-02-01,110.0,12.0146675425232,97.9853324574768
B0_station_mean,e1_r60_seed43,06339100,1980-06-01,110.0,17.194502183098486,92.80549781690152
B0_station_mean,e1_r60_seed43,03353551,1991-05-01,67.0,5.269266641509485,61.73073335849052
B0_station_mean,e1_r60_seed44,06438000,1980-10-01,450.0,14.30415895417357,435.69584104582646
B0_station_mean,e1_r60_seed44,385104092252402,1993-09-01,260.0,5.007869523539401,254.9921304764606
B0_station_mean,e1_r60_seed44,430356089293601,2014-11-01,225.0,23.69984293079886,201.30015706920113
B0_station_mean,e1_r60_seed44,06438000,1978-08-01,212.0,14.30415895417357,197.69584104582643
B0_station_mean,e1_r60_seed44,06438000,1979-07-01,160.0,14.30415895417357,145.69584104582643
B0_station_mean,e2a_strict,06337480,2021-04-01,22.100000381469727,3.7816342484752967,18.31836613299443
B0_station_mean,e2a_strict,06800000,2023-02-01,23.084999084472656,5.1777519430070855,17.90724714146557
B0_station_mean,e2a_strict,06332523,2021-04-01,14.199999809265137,3.7816342484752967,10.41836556078984
B0_station_mean,e2a_strict,06332520,2021-04-01,13.899999618530273,3.7816342484752967,10.118365370054978
B0_station_mean,e2a_strict,08014500,2024-01-01,13.899999618530273,4.405865148677327,9.494134469852947
B0_station_mean,e2b_partial,06337480,2021-04-01,22.100000381469727,3.7816342484752967,18.31836613299443
B0_station_mean,e2b_partial,06332523,2021-04-01,14.199999809265137,3.7816342484752967,10.41836556078984
B0_station_mean,e2b_partial,06332520,2021-04-01,13.899999618530273,3.7816342484752967,10.118365370054978
B0_station_mean,e2b_partial,08014500,2024-01-01,13.899999618530273,4.405865148677327,9.494134469852947
B0_station_mean,e2b_partial,072632971,2022-12-01,15.699999809265137,6.281092148764193,9.418907660500944
B0_station_mean,e3_spatial_seed42,06364700,1980-08-01,76.0,3.662031795363105,72.3379682046369
B0_station_mean,e3_spatial_seed42,05451210,2020-12-01,45.29999923706055,3.662031795363105,41.63796744169744
B0_station_mean,e3_spatial_seed42,03289500,1991-02-01,44.0,3.662031795363105,40.337968204636894
B0_station_mean,e3_spatial_seed42,06352400,1981-01-01,41.0,3.662031795363105,37.337968204636894
B0_station_mean,e3_spatial_seed42,06339800,1980-06-01,39.0,3.662031795363105,35.337968204636894
B0_station_mean,e3_spatial_seed43,06438000,1980-07-01,460.0,3.7069340028517743,456.29306599714823
B0_station_mean,e3_spatial_seed43,06438000,1980-10-01,450.0,3.7069340028517743,446.29306599714823
B0_station_mean,e3_spatial_seed43,06438000,1978-08-01,212.0,3.7069340028517743,208.29306599714823
B0_station_mean,e3_spatial_seed43,06438000,1979-07-01,160.0,3.7069340028517743,156.29306599714823
B0_station_mean,e3_spatial_seed43,06339100,1980-06-01,110.0,3.7069340028517743,106.29306599714823
B0_station_mean,e3_spatial_seed44,03353551,1991-05-01,67.0,3.680159075833256,63.31984092416674
B0_station_mean,e3_spatial_seed44,06753990,2001-05-01,51.099998474121094,3.680159075833256,47.419839398287834
B0_station_mean,e3_spatial_seed44,06805500,1993-06-01,51.0,3.680159075833256,47.31984092416674
B0_station_mean,e3_spatial_seed44,06340500,1975-08-01,45.0,3.680159075833256,41.31984092416674
B0_station_mean,e3_spatial_seed44,06343000,1980-08-01,44.0,3.680159075833256,40.31984092416674
B1_kriging,e1_r20_seed42,06438000,1980-07-01,460.0,12.835163411724485,447.16483658827553
B1_kriging,e1_r20_seed42,06438000,1979-07-01,160.0,10.806055254599412,149.1939447454006
B1_kriging,e1_r20_seed42,06355310,1979-08-01,71.0,12.487520737877642,58.512479262122355
B1_kriging,e1_r20_seed42,06355310,1980-06-01,77.0,20.54075143069106,56.45924856930894
B1_kriging,e1_r20_seed42,430402089282000,2013-11-01,58.54999923706055,4.119824470926561,54.43017476613399
B1_kriging,e1_r20_seed43,430358089281901,2014-11-01,70.5999984741211,3.9477137524316728,66.65228472168943
B1_kriging,e1_r20_seed43,430356089293601,2015-10-01,67.4000015258789,3.286069934376182,64.11393159150272
B1_kriging,e1_r20_seed43,05288705,2018-11-01,66.69999694824219,3.2344882100242742,63.46550873821791
B1_kriging,e1_r20_seed43,03353551,1991-05-01,67.0,3.6577500784821932,63.342249921517805
B1_kriging,e1_r20_seed43,430402089282000,2013-11-01,58.54999923706055,3.8901147491286077,54.65988448793194
B1_kriging,e1_r20_seed44,06438000,1978-08-01,212.0,9.369928834506734,202.63007116549326
B1_kriging,e1_r20_seed44,06339100,1980-06-01,110.0,24.078293697346858,85.92170630265315
B1_kriging,e1_r20_seed44,07263620,1997-07-01,89.0,3.367518688508129,85.63248131149187
B1_kriging,e1_r20_seed44,06331570,1979-11-01,97.0,17.00203127113029,79.99796872886971
B1_kriging,e1_r20_seed44,430356089293601,2015-10-01,67.4000015258789,3.3082808470128393,64.09172067886607
B1_kriging,e1_r40_seed42,06438000,1980-07-01,460.0,11.99844578535132,448.0015542146487
B1_kriging,e1_r40_seed42,06438000,1980-10-01,450.0,11.603185158852668,438.3968148411473
B1_kriging,e1_r40_seed42,385104092252402,1993-09-01,260.0,2.7412872133233144,257.2587127866767
B1_kriging,e1_r40_seed42,06438000,1979-07-01,160.0,10.028888508146567,149.97111149185343
B1_kriging,e1_r40_seed42,06426400,1980-02-01,110.0,11.111646559416688,98.88835344058332
B1_kriging,e1_r40_seed43,06438000,1980-07-01,460.0,12.259830503934788,447.7401694960652
B1_kriging,e1_r40_seed43,06339100,1980-06-01,110.0,23.26275662700661,86.73724337299339
B1_kriging,e1_r40_seed43,430358089281901,2014-11-01,70.5999984741211,4.010021934736037,66.58997653938506
B1_kriging,e1_r40_seed43,430356089293601,2015-10-01,67.4000015258789,3.2186292581899227,64.18137226768899
B1_kriging,e1_r40_seed43,05288705,2018-11-01,66.69999694824219,3.246216151917314,63.45378079632487
B1_kriging,e1_r40_seed44,430356089293601,2014-11-01,225.0,4.457069568204441,220.54293043179555
B1_kriging,e1_r40_seed44,06438000,1978-08-01,212.0,8.2012545291422,203.7987454708578
B1_kriging,e1_r40_seed44,06339100,1980-06-01,110.0,22.724485722660205,87.2755142773398
B1_kriging,e1_r40_seed44,07263620,1997-07-01,89.0,3.6487182189789378,85.35128178102106
B1_kriging,e1_r40_seed44,06331570,1979-11-01,97.0,16.388984600966605,80.61101539903339
B1_kriging,e1_r60_seed42,06438000,1980-07-01,460.0,11.185900092848675,448.81409990715133
B1_kriging,e1_r60_seed42,06438000,1980-10-01,450.0,11.579132387630475,438.42086761236953
B1_kriging,e1_r60_seed42,385104092252402,1993-09-01,260.0,2.392937554342731,257.6070624456573
B1_kriging,e1_r60_seed42,06438000,1979-07-01,160.0,10.12044865902622,149.8795513409738
B1_kriging,e1_r60_seed42,06426400,1980-02-01,110.0,11.97664416416555,98.02335583583445
B1_kriging,e1_r60_seed43,06438000,1980-07-01,460.0,12.145886430570634,447.8541135694294
B1_kriging,e1_r60_seed43,430401089304501,2014-11-01,132.0,3.887638439380832,128.11236156061918
B1_kriging,e1_r60_seed43,06426400,1980-02-01,110.0,7.429237705944063,102.57076229405594
B1_kriging,e1_r60_seed43,06339100,1980-06-01,110.0,21.020685474309197,88.9793145256908
B1_kriging,e1_r60_seed43,430356089293601,2013-10-01,73.06666564941406,3.8270515820792586,69.2396140673348
B1_kriging,e1_r60_seed44,06438000,1980-10-01,450.0,13.959997531628401,436.0400024683716
B1_kriging,e1_r60_seed44,385104092252402,1993-09-01,260.0,3.88898482035862,256.11101517964136
B1_kriging,e1_r60_seed44,430356089293601,2014-11-01,225.0,4.690089040364839,220.30991095963515
B1_kriging,e1_r60_seed44,06438000,1978-08-01,212.0,7.407180066588316,204.59281993341168
B1_kriging,e1_r60_seed44,06438000,1979-07-01,160.0,10.595312618448133,149.40468738155187
B1_kriging,e2b_partial,06337480,2021-04-01,22.100000381469727,4.0941742477063965,18.00582613376333
B1_kriging,e2b_partial,072632971,2022-12-01,15.699999809265137,3.7383879622871987,11.961611846977938
B1_kriging,e2b_partial,07143672,2021-02-01,13.800000190734863,2.9252550914467035,10.874745099288159
B1_kriging,e2b_partial,08014500,2022-11-01,12.399999618530273,2.1355380891038864,10.264461529426388
B1_kriging,e2b_partial,06332523,2021-04-01,14.199999809265137,4.1010408681978205,10.098958941067316
B1_kriging,e3_spatial_seed42,06364700,1980-08-01,76.0,14.645135491586133,61.35486450841387
B1_kriging,e3_spatial_seed42,05451210,2020-12-01,45.29999923706055,3.3083043765329103,41.99169486052764
B1_kriging,e3_spatial_seed42,03289500,1991-02-01,44.0,4.616743542885329,39.38325645711467
B1_kriging,e3_spatial_seed42,383703104423901,1995-04-01,27.700000762939453,2.6268692262000943,25.07313153673936
B1_kriging,e3_spatial_seed42,03303280,1997-06-01,28.0,3.0289727543042586,24.97102724569574
B1_kriging,e3_spatial_seed43,06438000,1980-07-01,460.0,12.821695601621673,447.1783043983783
B1_kriging,e3_spatial_seed43,06438000,1980-10-01,450.0,12.000060317113295,437.9999396828867
B1_kriging,e3_spatial_seed43,06438000,1978-08-01,212.0,9.496191534463948,202.50380846553605
B1_kriging,e3_spatial_seed43,06438000,1979-07-01,160.0,11.24179721633224,148.75820278366777
B1_kriging,e3_spatial_seed43,06426400,1980-02-01,110.0,10.611562870379174,99.38843712962083
B1_kriging,e3_spatial_seed44,03353551,1991-05-01,67.0,3.8215480117402896,63.17845198825971
B1_kriging,e3_spatial_seed44,06753990,2001-05-01,51.099998474121094,3.552214132472878,47.54778434164822
B1_kriging,e3_spatial_seed44,06805500,1993-06-01,51.0,4.367373992731856,46.632626007268144
B1_kriging,e3_spatial_seed44,06340500,1975-08-01,45.0,8.443873768499627,36.55612623150037
B1_kriging,e3_spatial_seed44,07022000,1992-07-01,37.0,1.9366097565780103,35.06339024342199
B2_random_forest,e1_r20_seed42,06438000,1980-07-01,460.0,7.056650551763321,452.9433494482367
B2_random_forest,e1_r20_seed42,06438000,1979-07-01,160.0,20.867375239132866,139.13262476086715
B2_random_forest,e1_r20_seed42,06350000,1979-05-01,67.0,14.151119654371687,52.84888034562832
B2_random_forest,e1_r20_seed42,06355310,1980-06-01,77.0,29.90071929724182,47.09928070275818
B2_random_forest,e1_r20_seed42,06355310,1979-08-01,71.0,25.645995557694004,45.35400444230599
B2_random_forest,e1_r20_seed43,03353551,1991-05-01,67.0,6.482045224933515,60.517954775066485
B2_random_forest,e1_r20_seed43,05288705,2018-11-01,66.69999694824219,6.331082112811043,60.36891483543114
B2_random_forest,e1_r20_seed43,430358089281901,2014-11-01,70.5999984741211,13.911730682443158,56.68826779167794
B2_random_forest,e1_r20_seed43,06753990,2001-05-01,51.099998474121094,10.462159828237064,40.63783864588403
B2_random_forest,e1_r20_seed43,430402089282000,2013-11-01,58.54999923706055,26.852084004175975,31.697915232884572
B2_random_forest,e1_r20_seed44,06438000,1978-08-01,212.0,9.216528087494812,202.78347191250518
B2_random_forest,e1_r20_seed44,06339100,1980-06-01,110.0,12.463264463224863,97.53673553677514
B2_random_forest,e1_r20_seed44,07263620,1997-07-01,89.0,5.912064881937437,83.08793511806256
B2_random_forest,e1_r20_seed44,06331570,1979-11-01,97.0,17.12265463070522,79.87734536929477
B2_random_forest,e1_r20_seed44,06438000,1980-01-01,64.0,8.78586761614775,55.21413238385225
B2_random_forest,e1_r40_seed42,06438000,1980-07-01,460.0,10.830397393802956,449.16960260619703
B2_random_forest,e1_r40_seed42,06438000,1980-10-01,450.0,8.715660480157194,441.28433951984283
B2_random_forest,e1_r40_seed42,385104092252402,1993-09-01,260.0,6.056791514113567,253.94320848588643
B2_random_forest,e1_r40_seed42,06438000,1979-07-01,160.0,22.54493705619622,137.4550629438038
B2_random_forest,e1_r40_seed42,06426400,1980-02-01,110.0,11.011427618949865,98.98857238105013
B2_random_forest,e1_r40_seed43,06438000,1980-07-01,460.0,9.782084908221755,450.21791509177825
B2_random_forest,e1_r40_seed43,06339100,1980-06-01,110.0,13.765519937368731,96.23448006263126
B2_random_forest,e1_r40_seed43,05288705,2018-11-01,66.69999694824219,5.674277751046985,61.0257191971952
B2_random_forest,e1_r40_seed43,03353551,1991-05-01,67.0,6.526025551368358,60.473974448631644
B2_random_forest,e1_r40_seed43,430358089281901,2014-11-01,70.5999984741211,11.938653367457968,58.66134510666313
B2_random_forest,e1_r40_seed44,06438000,1978-08-01,212.0,6.99737694639716,205.00262305360283
B2_random_forest,e1_r40_seed44,430356089293601,2014-11-01,225.0,40.21300499191004,184.78699500808995
B2_random_forest,e1_r40_seed44,06339100,1980-06-01,110.0,12.901161844791986,97.09883815520801
B2_random_forest,e1_r40_seed44,07263620,1997-07-01,89.0,5.912311188381442,83.08768881161856
B2_random_forest,e1_r40_seed44,06331570,1979-11-01,97.0,19.235710597884335,77.76428940211566
B2_random_forest,e1_r60_seed42,06438000,1980-07-01,460.0,12.25158256290414,447.74841743709584
B2_random_forest,e1_r60_seed42,06438000,1980-10-01,450.0,6.634042234399484,443.3659577656005
B2_random_forest,e1_r60_seed42,385104092252402,1993-09-01,260.0,6.401269005571987,253.59873099442802
B2_random_forest,e1_r60_seed42,06438000,1979-07-01,160.0,21.32777449605803,138.67222550394197
B2_random_forest,e1_r60_seed42,06426400,1980-02-01,110.0,13.77326281219813,96.22673718780187
B2_random_forest,e1_r60_seed43,06438000,1980-07-01,460.0,15.527965929730474,444.4720340702695
B2_random_forest,e1_r60_seed43,430401089304501,2014-11-01,132.0,25.831541632895593,106.1684583671044
B2_random_forest,e1_r60_seed43,06426400,1980-02-01,110.0,11.557811661127293,98.44218833887271
B2_random_forest,e1_r60_seed43,06339100,1980-06-01,110.0,14.399395604831243,95.60060439516876
B2_random_forest,e1_r60_seed43,05288705,2018-11-01,66.69999694824219,5.578522077855038,61.121474870387146
B2_random_forest,e1_r60_seed44,06438000,1980-10-01,450.0,13.984187980211441,436.01581201978854
B2_random_forest,e1_r60_seed44,385104092252402,1993-09-01,260.0,4.609882399201057,255.39011760079893
B2_random_forest,e1_r60_seed44,06438000,1978-08-01,212.0,7.937828615349147,204.06217138465087
B2_random_forest,e1_r60_seed44,430356089293601,2014-11-01,225.0,33.14210101933561,191.8578989806644
B2_random_forest,e1_r60_seed44,06438000,1979-07-01,160.0,8.235078090665985,151.76492190933402
B2_random_forest,e2a_strict,06800000,2023-02-01,23.084999084472656,3.4751856510667025,19.609813433405954
B2_random_forest,e2a_strict,06337470,2021-04-01,10.600000381469727,22.083066187285503,11.483065805815777
B2_random_forest,e2a_strict,072632971,2022-12-01,15.699999809265137,5.87781450812713,9.822185301138006
B2_random_forest,e2a_strict,08014500,2024-01-01,13.899999618530273,5.854718811070351,8.045280807459921
B2_random_forest,e2a_strict,08014500,2022-09-01,11.5,3.5686231456776465,7.9313768543223535
B2_random_forest,e2b_partial,06337470,2021-04-01,10.600000381469727,22.083066187285503,11.483065805815777
B2_random_forest,e2b_partial,072632971,2022-12-01,15.699999809265137,5.87781450812713,9.822185301138006
B2_random_forest,e2b_partial,08014500,2024-01-01,13.899999618530273,5.854718811070351,8.045280807459921
B2_random_forest,e2b_partial,08014500,2022-09-01,11.5,3.5686231456776465,7.9313768543223535
B2_random_forest,e2b_partial,08014500,2024-03-01,10.899999618530273,3.2593573433972365,7.640642275133037
B2_random_forest,e3_spatial_seed42,06364700,1980-08-01,76.0,12.393061854171105,63.60693814582889
B2_random_forest,e3_spatial_seed42,05451210,2020-12-01,45.29999923706055,2.7677903527683023,42.532208884292245
B2_random_forest,e3_spatial_seed42,03289500,1991-02-01,44.0,2.7205593437025013,41.279440656297496
B2_random_forest,e3_spatial_seed42,03460000,1974-06-01,28.0,1.4936349877952169,26.506365012204782
B2_random_forest,e3_spatial_seed42,06364700,1981-01-01,38.0,14.320215989054887,23.679784010945113
B2_random_forest,e3_spatial_seed43,06438000,1980-07-01,460.0,8.961697654923777,451.0383023450762
B2_random_forest,e3_spatial_seed43,06438000,1980-10-01,450.0,12.942905344916406,437.0570946550836
B2_random_forest,e3_spatial_seed43,06438000,1978-08-01,212.0,7.467185888827407,204.5328141111726
B2_random_forest,e3_spatial_seed43,06438000,1979-07-01,160.0,7.7373721251317615,152.26262787486823
B2_random_forest,e3_spatial_seed43,06426400,1980-02-01,110.0,9.505710027253587,100.49428997274642
B2_random_forest,e3_spatial_seed44,03353551,1991-05-01,67.0,4.5832489657890765,62.416751034210925
B2_random_forest,e3_spatial_seed44,06753990,2001-05-01,51.099998474121094,5.052384450343601,46.04761402377749
B2_random_forest,e3_spatial_seed44,06805500,1993-06-01,51.0,5.568653232641542,45.431346767358455
B2_random_forest,e3_spatial_seed44,03086000,2007-09-01,36.400001525878906,1.8721787320098433,34.52782279386906
B2_random_forest,e3_spatial_seed44,07022000,1992-07-01,37.0,3.2513381767904797,33.74866182320952
B3_mlp,e1_r20_seed42,06438000,1980-07-01,460.0,6.802310348053488,453.1976896519465
B3_mlp,e1_r20_seed42,06438000,1979-07-01,160.0,6.399768279376658,153.60023172062336
B3_mlp,e1_r20_seed42,06355310,1980-06-01,77.0,12.868959893845934,64.13104010615406
B3_mlp,e1_r20_seed42,06355310,1979-08-01,71.0,13.493742729687458,57.506257270312545
B3_mlp,e1_r20_seed42,06350000,1979-05-01,67.0,12.128780804846784,54.871219195153216
B3_mlp,e1_r20_seed43,03353551,1991-05-01,67.0,5.703482903890565,61.29651709610943
B3_mlp,e1_r20_seed43,05288705,2018-11-01,66.69999694824219,6.706152805904825,59.993844142337366
B3_mlp,e1_r20_seed43,430358089281901,2014-11-01,70.5999984741211,12.553120438928064,58.04687803519303
B3_mlp,e1_r20_seed43,430402089282000,2013-11-01,58.54999923706055,12.555879988432086,45.994119248628465
B3_mlp,e1_r20_seed43,06753990,2001-05-01,51.099998474121094,6.756453627371593,44.3435448467495
B3_mlp,e1_r20_seed44,06438000,1978-08-01,212.0,8.39670977122989,203.6032902287701
B3_mlp,e1_r20_seed44,06339100,1980-06-01,110.0,15.938086391650554,94.06191360834944
B3_mlp,e1_r20_seed44,07263620,1997-07-01,89.0,3.869104040455265,85.13089595954473
B3_mlp,e1_r20_seed44,06331570,1979-11-01,97.0,13.274368021284337,83.72563197871567
B3_mlp,e1_r20_seed44,06378300,1980-06-01,69.0,7.524239730427155,61.475760269572845
B3_mlp,e1_r40_seed42,06438000,1980-07-01,460.0,6.851129884032719,453.14887011596727
B3_mlp,e1_r40_seed42,06438000,1980-10-01,450.0,6.788520347498066,443.2114796525019
B3_mlp,e1_r40_seed42,385104092252402,1993-09-01,260.0,4.437721345847844,255.56227865415215
B3_mlp,e1_r40_seed42,06438000,1979-07-01,160.0,6.4639158360827915,153.5360841639172
B3_mlp,e1_r40_seed42,06426400,1980-02-01,110.0,10.260108016009745,99.73989198399025
B3_mlp,e1_r40_seed43,06438000,1980-07-01,460.0,6.66423521791874,453.33576478208124
B3_mlp,e1_r40_seed43,06339100,1980-06-01,110.0,14.935544059767796,95.06445594023221
B3_mlp,e1_r40_seed43,06355310,1980-06-01,77.0,12.48580299357702,64.51419700642298
B3_mlp,e1_r40_seed43,06378300,1980-06-01,69.0,6.585482375664784,62.41451762433522
B3_mlp,e1_r40_seed43,03353551,1991-05-01,67.0,4.925410227665726,62.07458977233428
B3_mlp,e1_r40_seed44,430356089293601,2014-11-01,225.0,8.891702545206462,216.10829745479353
B3_mlp,e1_r40_seed44,06438000,1978-08-01,212.0,5.211354053995482,206.78864594600452
B3_mlp,e1_r40_seed44,06339100,1980-06-01,110.0,15.007256442083229,94.99274355791677
B3_mlp,e1_r40_seed44,06331570,1979-11-01,97.0,11.177948862114427,85.82205113788558
B3_mlp,e1_r40_seed44,07263620,1997-07-01,89.0,3.8971077979588262,85.10289220204118
B3_mlp,e1_r60_seed42,06438000,1980-07-01,460.0,7.954151382468334,452.04584861753165
B3_mlp,e1_r60_seed42,06438000,1980-10-01,450.0,9.503896207696753,440.49610379230324
B3_mlp,e1_r60_seed42,385104092252402,1993-09-01,260.0,3.4864274725951407,256.51357252740485
B3_mlp,e1_r60_seed42,06438000,1979-07-01,160.0,8.141843000792322,151.85815699920767
B3_mlp,e1_r60_seed42,06426400,1980-02-01,110.0,11.25996581127025,98.74003418872975
B3_mlp,e1_r60_seed43,06438000,1980-07-01,460.0,9.492979436098375,450.5070205639016
B3_mlp,e1_r60_seed43,430401089304501,2014-11-01,132.0,6.481273310935182,125.51872668906482
B3_mlp,e1_r60_seed43,06426400,1980-02-01,110.0,7.79557638608647,102.20442361391353
B3_mlp,e1_r60_seed43,06339100,1980-06-01,110.0,14.431441892243821,95.56855810775617
B3_mlp,e1_r60_seed43,430358089281901,2014-11-01,70.5999984741211,6.4989131544816585,64.10108531963944
B3_mlp,e1_r60_seed44,06438000,1980-10-01,450.0,7.344130685894754,442.65586931410525
B3_mlp,e1_r60_seed44,385104092252402,1993-09-01,260.0,4.248841865688577,255.75115813431142
B3_mlp,e1_r60_seed44,430356089293601,2014-11-01,225.0,8.240216751006415,216.75978324899359
B3_mlp,e1_r60_seed44,06438000,1978-08-01,212.0,5.721090847730398,206.2789091522696
B3_mlp,e1_r60_seed44,06438000,1979-07-01,160.0,6.762217621111733,153.23778237888826
B3_mlp,e2a_strict,06800000,2023-02-01,23.084999084472656,3.6804897620630177,19.404509322409638
B3_mlp,e2a_strict,072632971,2022-12-01,15.699999809265137,4.658395848843943,11.041603960421194
B3_mlp,e2a_strict,07143672,2021-02-01,13.800000190734863,5.371933582505489,8.428066608229376
B3_mlp,e2a_strict,07362587,2021-04-01,11.5,3.3823770800483492,8.11762291995165
B3_mlp,e2a_strict,06713500,2025-08-01,12.345000267028809,4.401301376741407,7.9436988902874015
B3_mlp,e2b_partial,072632971,2022-12-01,15.699999809265137,4.658395848843943,11.041603960421194
B3_mlp,e2b_partial,07143672,2021-02-01,13.800000190734863,5.371933582505489,8.428066608229376
B3_mlp,e2b_partial,07362587,2021-04-01,11.5,3.3823770800483492,8.11762291995165
B3_mlp,e2b_partial,06713500,2025-08-01,12.345000267028809,4.401301376741407,7.9436988902874015
B3_mlp,e2b_partial,07144100,2021-02-01,12.699999809265137,4.900599041839924,7.799400767425213
B3_mlp,e3_spatial_seed42,06364700,1980-08-01,76.0,6.749489677330403,69.2505103226696
B3_mlp,e3_spatial_seed42,05451210,2020-12-01,45.29999923706055,1.9051771989288673,43.39482203813168
B3_mlp,e3_spatial_seed42,03289500,1991-02-01,44.0,2.754705420390737,41.245294579609265
B3_mlp,e3_spatial_seed42,06364700,1981-01-01,38.0,6.132140774359707,31.867859225640295
B3_mlp,e3_spatial_seed42,06352400,1981-01-01,41.0,11.933928337264685,29.066071662735315
B3_mlp,e3_spatial_seed43,06438000,1980-07-01,460.0,7.914311218947001,452.085688781053
B3_mlp,e3_spatial_seed43,06438000,1980-10-01,450.0,7.468238994923196,442.5317610050768
B3_mlp,e3_spatial_seed43,06438000,1978-08-01,212.0,6.930742038624854,205.06925796137514
B3_mlp,e3_spatial_seed43,06438000,1979-07-01,160.0,7.708685200309747,152.29131479969024
B3_mlp,e3_spatial_seed43,06426400,1980-02-01,110.0,9.503027251076293,100.49697274892371
B3_mlp,e3_spatial_seed44,03353551,1991-05-01,67.0,4.9117048225745386,62.088295177425465
B3_mlp,e3_spatial_seed44,06805500,1993-06-01,51.0,4.643781394268163,46.35621860573184
B3_mlp,e3_spatial_seed44,06753990,2001-05-01,51.099998474121094,5.358696812022951,45.741301662098145
B3_mlp,e3_spatial_seed44,07022000,1992-07-01,37.0,3.716553572589784,33.28344642741022
B3_mlp,e3_spatial_seed44,03086000,2007-09-01,36.400001525878906,3.19540806159572,33.204593464283185
H2E_transport_river,e1_r20_seed42,06438000,1980-07-01,460.0,16.794696807861328,443.2053031921387
H2E_transport_river,e1_r20_seed42,06438000,1979-07-01,160.0,11.009153366088867,148.99084663391113
H2E_transport_river,e1_r20_seed42,06350000,1979-05-01,67.0,10.249558448791504,56.750441551208496
H2E_transport_river,e1_r20_seed42,06355310,1980-06-01,77.0,28.806806564331055,48.193193435668945
H2E_transport_river,e1_r20_seed42,06355310,1979-08-01,71.0,26.171777725219727,44.82822227478027
H2E_transport_river,e1_r20_seed43,05288705,2018-11-01,66.69999694824219,4.6004533767700195,62.09954357147217
H2E_transport_river,e1_r20_seed43,03353551,1991-05-01,67.0,4.990046501159668,62.00995349884033
H2E_transport_river,e1_r20_seed43,430356089293601,2015-10-01,67.4000015258789,12.15328598022461,55.2467155456543
H2E_transport_river,e1_r20_seed43,06753990,2001-05-01,51.099998474121094,7.45028018951416,43.649718284606934
H2E_transport_river,e1_r20_seed43,430358089281901,2014-11-01,70.5999984741211,31.013965606689453,39.58603286743164
H2E_transport_river,e1_r20_seed44,06438000,1978-08-01,212.0,9.225761413574219,202.77423858642578
H2E_transport_river,e1_r20_seed44,06339100,1980-06-01,110.0,18.566226959228516,91.43377304077148
H2E_transport_river,e1_r20_seed44,07263620,1997-07-01,89.0,4.443197727203369,84.55680227279663
H2E_transport_river,e1_r20_seed44,06331570,1979-11-01,97.0,13.400927543640137,83.59907245635986
H2E_transport_river,e1_r20_seed44,06378300,1980-06-01,69.0,9.814127922058105,59.185872077941895
H2E_transport_river,e1_r40_seed42,06438000,1980-07-01,460.0,20.8004093170166,439.1995906829834
H2E_transport_river,e1_r40_seed42,06438000,1980-10-01,450.0,17.59269142150879,432.4073085784912
H2E_transport_river,e1_r40_seed42,385104092252402,1993-09-01,260.0,2.7643792629241943,257.2356207370758
H2E_transport_river,e1_r40_seed42,06438000,1979-07-01,160.0,27.3629093170166,132.6370906829834
H2E_transport_river,e1_r40_seed42,06426400,1980-02-01,110.0,9.740063667297363,100.25993633270264
H2E_transport_river,e1_r40_seed43,06438000,1980-07-01,460.0,31.0,429.0
H2E_transport_river,e1_r40_seed43,06339100,1980-06-01,110.0,11.215030670166016,98.78496932983398
H2E_transport_river,e1_r40_seed43,03353551,1991-05-01,67.0,4.634833812713623,62.36516618728638
H2E_transport_river,e1_r40_seed43,05288705,2018-11-01,66.69999694824219,4.37007474899292,62.32992219924927
H2E_transport_river,e1_r40_seed43,06378300,1980-06-01,69.0,9.724324226379395,59.275675773620605
H2E_transport_river,e1_r40_seed44,06438000,1978-08-01,212.0,9.101667404174805,202.8983325958252
H2E_transport_river,e1_r40_seed44,430356089293601,2014-11-01,225.0,31.0,194.0
H2E_transport_river,e1_r40_seed44,06339100,1980-06-01,110.0,23.187877655029297,86.8121223449707
H2E_transport_river,e1_r40_seed44,07263620,1997-07-01,89.0,4.481889724731445,84.51811027526855
H2E_transport_river,e1_r40_seed44,06331570,1979-11-01,97.0,14.114922523498535,82.88507747650146
H2E_transport_river,e1_r60_seed42,06438000,1980-07-01,460.0,12.55022144317627,447.44977855682373
H2E_transport_river,e1_r60_seed42,06438000,1980-10-01,450.0,5.185418128967285,444.8145818710327
H2E_transport_river,e1_r60_seed42,385104092252402,1993-09-01,260.0,3.199833869934082,256.8001661300659
H2E_transport_river,e1_r60_seed42,06438000,1979-07-01,160.0,12.130288124084473,147.86971187591553
H2E_transport_river,e1_r60_seed42,06426400,1980-02-01,110.0,10.40899658203125,99.59100341796875
H2E_transport_river,e1_r60_seed43,06438000,1980-07-01,460.0,6.675255298614502,453.3247447013855
H2E_transport_river,e1_r60_seed43,430401089304501,2014-11-01,132.0,21.440738677978516,110.55926132202148
H2E_transport_river,e1_r60_seed43,06426400,1980-02-01,110.0,9.285662651062012,100.71433734893799
H2E_transport_river,e1_r60_seed43,06339100,1980-06-01,110.0,16.624401092529297,93.3755989074707
H2E_transport_river,e1_r60_seed43,03353551,1991-05-01,67.0,5.5220537185668945,61.477946281433105
H2E_transport_river,e1_r60_seed44,06438000,1980-10-01,450.0,4.923048496246338,445.07695150375366
H2E_transport_river,e1_r60_seed44,385104092252402,1993-09-01,260.0,3.1733150482177734,256.8266849517822
H2E_transport_river,e1_r60_seed44,06438000,1978-08-01,212.0,5.4829936027526855,206.51700639724731
H2E_transport_river,e1_r60_seed44,430356089293601,2014-11-01,225.0,30.25946617126465,194.74053382873535
H2E_transport_river,e1_r60_seed44,06438000,1979-07-01,160.0,5.120879173278809,154.8791208267212
H2E_transport_river,e2a_strict,06800000,2023-02-01,23.084999084472656,5.3002142906188965,17.78478479385376
H2E_transport_river,e2a_strict,06337480,2021-04-01,22.100000381469727,9.566629409790039,12.533370971679688
H2E_transport_river,e2a_strict,07143672,2021-02-01,13.800000190734863,5.629049301147461,8.170950889587402
H2E_transport_river,e2a_strict,08014500,2022-11-01,12.399999618530273,4.3487772941589355,8.051222324371338
H2E_transport_river,e2a_strict,08014500,2024-07-01,12.5,4.535764694213867,7.964235305786133
H2E_transport_river,e2b_partial,06337480,2021-04-01,22.100000381469727,9.786264419555664,12.313735961914062
H2E_transport_river,e2b_partial,07143672,2021-02-01,13.800000190734863,5.3584513664245605,8.441548824310303
H2E_transport_river,e2b_partial,072632971,2022-12-01,15.699999809265137,7.532112121582031,8.167887687683105
H2E_transport_river,e2b_partial,08014500,2024-07-01,12.5,4.360482215881348,8.139517784118652
H2E_transport_river,e2b_partial,07362587,2021-04-01,11.5,3.8091654777526855,7.6908345222473145
H2E_transport_river,e3_spatial_seed42,06364700,1980-08-01,76.0,12.813793182373047,63.18620681762695
H2E_transport_river,e3_spatial_seed42,05451210,2020-12-01,45.29999923706055,3.9938015937805176,41.30619764328003
H2E_transport_river,e3_spatial_seed42,03289500,1991-02-01,44.0,3.466085910797119,40.53391408920288
H2E_transport_river,e3_spatial_seed42,03460000,1974-06-01,28.0,2.4330251216888428,25.566974878311157
H2E_transport_river,e3_spatial_seed42,03303280,1997-06-01,28.0,2.840482473373413,25.159517526626587
H2E_transport_river,e3_spatial_seed43,06438000,1980-07-01,460.0,5.031281471252441,454.96871852874756
H2E_transport_river,e3_spatial_seed43,06438000,1980-10-01,450.0,4.0985636711120605,445.90143632888794
H2E_transport_river,e3_spatial_seed43,06438000,1978-08-01,212.0,5.200919151306152,206.79908084869385
H2E_transport_river,e3_spatial_seed43,06438000,1979-07-01,160.0,4.810385227203369,155.18961477279663
H2E_transport_river,e3_spatial_seed43,06426400,1980-02-01,110.0,7.557043075561523,102.44295692443848
H2E_transport_river,e3_spatial_seed44,03353551,1991-05-01,67.0,4.465576648712158,62.53442335128784
H2E_transport_river,e3_spatial_seed44,06805500,1993-06-01,51.0,4.875439643859863,46.12456035614014
H2E_transport_river,e3_spatial_seed44,06753990,2001-05-01,51.099998474121094,8.241475105285645,42.85852336883545
H2E_transport_river,e3_spatial_seed44,06340500,1975-08-01,45.0,9.870457649230957,35.12954235076904
H2E_transport_river,e3_spatial_seed44,03086000,2007-09-01,36.400001525878906,2.5426275730133057,33.8573739528656
H2X_transport_enc_river,e1_r20_seed42,06438000,1980-07-01,460.0,12.14547348022461,447.8545265197754
H2X_transport_enc_river,e1_r20_seed42,06438000,1979-07-01,160.0,8.607752799987793,151.3922472000122
H2X_transport_enc_river,e1_r20_seed42,06355310,1980-06-01,77.0,21.342742919921875,55.657257080078125
H2X_transport_enc_river,e1_r20_seed42,06350000,1979-05-01,67.0,14.143198013305664,52.856801986694336
H2X_transport_enc_river,e1_r20_seed42,06355310,1979-08-01,71.0,23.04106330871582,47.95893669128418
H2X_transport_enc_river,e1_r20_seed43,03353551,1991-05-01,67.0,4.397460460662842,62.60253953933716
H2X_transport_enc_river,e1_r20_seed43,05288705,2018-11-01,66.69999694824219,4.5821452140808105,62.11785173416138
H2X_transport_enc_river,e1_r20_seed43,430356089293601,2015-10-01,67.4000015258789,15.749324798583984,51.65067672729492
H2X_transport_enc_river,e1_r20_seed43,06753990,2001-05-01,51.099998474121094,9.226795196533203,41.87320327758789
H2X_transport_enc_river,e1_r20_seed43,430358089281901,2014-11-01,70.5999984741211,31.013965606689453,39.58603286743164
H2X_transport_enc_river,e1_r20_seed44,06438000,1978-08-01,212.0,7.596166610717773,204.40383338928223
H2X_transport_enc_river,e1_r20_seed44,06339100,1980-06-01,110.0,17.312410354614258,92.68758964538574
H2X_transport_enc_river,e1_r20_seed44,06331570,1979-11-01,97.0,10.827327728271484,86.17267227172852
H2X_transport_enc_river,e1_r20_seed44,07263620,1997-07-01,89.0,4.527442455291748,84.47255754470825
H2X_transport_enc_river,e1_r20_seed44,06378300,1980-06-01,69.0,8.860367774963379,60.13963222503662
H2X_transport_enc_river,e1_r40_seed42,06438000,1980-07-01,460.0,10.635844230651855,449.36415576934814
H2X_transport_enc_river,e1_r40_seed42,06438000,1980-10-01,450.0,6.477492809295654,443.52250719070435
H2X_transport_enc_river,e1_r40_seed42,385104092252402,1993-09-01,260.0,2.69865345954895,257.30134654045105
H2X_transport_enc_river,e1_r40_seed42,06438000,1979-07-01,160.0,8.925681114196777,151.07431888580322
H2X_transport_enc_river,e1_r40_seed42,06426400,1980-02-01,110.0,10.261419296264648,99.73858070373535
H2X_transport_enc_river,e1_r40_seed43,06438000,1980-07-01,460.0,16.71453285217285,443.28546714782715
H2X_transport_enc_river,e1_r40_seed43,06339100,1980-06-01,110.0,12.333740234375,97.666259765625
H2X_transport_enc_river,e1_r40_seed43,03353551,1991-05-01,67.0,5.084994316101074,61.915005683898926
H2X_transport_enc_river,e1_r40_seed43,05288705,2018-11-01,66.69999694824219,5.1684699058532715,61.531527042388916
H2X_transport_enc_river,e1_r40_seed43,06378300,1980-06-01,69.0,9.657164573669434,59.342835426330566
H2X_transport_enc_river,e1_r40_seed44,06438000,1978-08-01,212.0,9.459900856018066,202.54009914398193
H2X_transport_enc_river,e1_r40_seed44,430356089293601,2014-11-01,225.0,31.0,194.0
H2X_transport_enc_river,e1_r40_seed44,06339100,1980-06-01,110.0,17.716360092163086,92.28363990783691
H2X_transport_enc_river,e1_r40_seed44,07263620,1997-07-01,89.0,4.805665969848633,84.19433403015137
H2X_transport_enc_river,e1_r40_seed44,06331570,1979-11-01,97.0,13.034172058105469,83.96582794189453
H2X_transport_enc_river,e1_r60_seed42,06438000,1980-10-01,450.0,5.90708589553833,444.09291410446167
H2X_transport_enc_river,e1_r60_seed42,06438000,1980-07-01,460.0,22.782808303833008,437.217191696167
H2X_transport_enc_river,e1_r60_seed42,385104092252402,1993-09-01,260.0,4.609142303466797,255.3908576965332
H2X_transport_enc_river,e1_r60_seed42,06438000,1979-07-01,160.0,32.000003814697266,127.99999618530273
H2X_transport_enc_river,e1_r60_seed42,06426400,1980-02-01,110.0,12.703117370605469,97.29688262939453
H2X_transport_enc_river,e1_r60_seed43,06438000,1980-07-01,460.0,10.025643348693848,449.97435665130615
H2X_transport_enc_river,e1_r60_seed43,430401089304501,2014-11-01,132.0,22.391971588134766,109.60802841186523
H2X_transport_enc_river,e1_r60_seed43,06339100,1980-06-01,110.0,8.020475387573242,101.97952461242676
H2X_transport_enc_river,e1_r60_seed43,06426400,1980-02-01,110.0,8.715917587280273,101.28408241271973
H2X_transport_enc_river,e1_r60_seed43,05288705,2018-11-01,66.69999694824219,4.341699123382568,62.35829782485962
H2X_transport_enc_river,e1_r60_seed44,06438000,1980-10-01,450.0,4.16301155090332,445.8369884490967
H2X_transport_enc_river,e1_r60_seed44,385104092252402,1993-09-01,260.0,3.143653392791748,256.85634660720825
H2X_transport_enc_river,e1_r60_seed44,06438000,1978-08-01,212.0,5.879652500152588,206.1203474998474
H2X_transport_enc_river,e1_r60_seed44,430356089293601,2014-11-01,225.0,31.516220092773438,193.48377990722656
H2X_transport_enc_river,e1_r60_seed44,06438000,1979-07-01,160.0,5.952474594116211,154.0475254058838
H2X_transport_enc_river,e2a_strict,06800000,2023-02-01,23.084999084472656,3.965712070465088,19.11928701400757
H2X_transport_enc_river,e2a_strict,06337480,2021-04-01,22.100000381469727,10.796079635620117,11.30392074584961
H2X_transport_enc_river,e2a_strict,07143672,2021-02-01,13.800000190734863,4.243746280670166,9.556253910064697
H2X_transport_enc_river,e2a_strict,08014500,2024-01-01,13.899999618530273,4.902938365936279,8.997061252593994
H2X_transport_enc_river,e2a_strict,08014500,2024-07-01,12.5,3.897933006286621,8.602066993713379
H2X_transport_enc_river,e2b_partial,06337480,2021-04-01,22.100000381469727,9.246620178222656,12.85338020324707
H2X_transport_enc_river,e2b_partial,08014500,2024-07-01,12.5,3.455038070678711,9.044961929321289
H2X_transport_enc_river,e2b_partial,08014500,2022-09-01,11.5,2.8144078254699707,8.68559217453003
H2X_transport_enc_river,e2b_partial,07143672,2021-02-01,13.800000190734863,5.49881649017334,8.301183700561523
H2X_transport_enc_river,e2b_partial,072632971,2022-12-01,15.699999809265137,7.6358442306518555,8.064155578613281
H2X_transport_enc_river,e3_spatial_seed42,06364700,1980-08-01,76.0,10.752001762390137,65.24799823760986
H2X_transport_enc_river,e3_spatial_seed42,05451210,2020-12-01,45.29999923706055,3.3805508613586426,41.919448375701904
H2X_transport_enc_river,e3_spatial_seed42,03289500,1991-02-01,44.0,3.1126208305358887,40.88737916946411
H2X_transport_enc_river,e3_spatial_seed42,03460000,1974-06-01,28.0,1.835273265838623,26.164726734161377
H2X_transport_enc_river,e3_spatial_seed42,06364700,1981-01-01,38.0,12.503207206726074,25.496792793273926
H2X_transport_enc_river,e3_spatial_seed43,06438000,1980-07-01,460.0,5.433751106262207,454.5662488937378
H2X_transport_enc_river,e3_spatial_seed43,06438000,1980-10-01,450.0,4.065239906311035,445.93476009368896
H2X_transport_enc_river,e3_spatial_seed43,06438000,1978-08-01,212.0,5.234275817871094,206.7657241821289
H2X_transport_enc_river,e3_spatial_seed43,06438000,1979-07-01,160.0,5.4776458740234375,154.52235412597656
H2X_transport_enc_river,e3_spatial_seed43,06426400,1980-02-01,110.0,9.587925910949707,100.4120740890503
H2X_transport_enc_river,e3_spatial_seed44,03353551,1991-05-01,67.0,3.909543514251709,63.09045648574829
H2X_transport_enc_river,e3_spatial_seed44,06805500,1993-06-01,51.0,4.598517894744873,46.40148210525513
H2X_transport_enc_river,e3_spatial_seed44,06753990,2001-05-01,51.099998474121094,7.207322120666504,43.89267635345459
H2X_transport_enc_river,e3_spatial_seed44,03086000,2007-09-01,36.400001525878906,3.013124465942383,33.38687705993652
H2X_transport_enc_river,e3_spatial_seed44,06340500,1975-08-01,45.0,12.315340042114258,32.68465995788574
G0_gcn_none,e1_r20_seed42,06438000,1980-07-01,460.0,6.897830963134766,453.10216903686523
G0_gcn_none,e1_r20_seed42,06438000,1979-07-01,160.0,5.992867946624756,154.00713205337524
G0_gcn_none,e1_r20_seed42,06355310,1980-06-01,77.0,14.1497163772583,62.8502836227417
G0_gcn_none,e1_r20_seed42,06355310,1979-08-01,71.0,13.53740406036377,57.46259593963623
G0_gcn_none,e1_r20_seed42,06350000,1979-05-01,67.0,12.658000946044922,54.34199905395508
G0_gcn_none,e1_r20_seed43,03353551,1991-05-01,67.0,4.219067573547363,62.78093242645264
G0_gcn_none,e1_r20_seed43,05288705,2018-11-01,66.69999694824219,6.4595513343811035,60.240445613861084
G0_gcn_none,e1_r20_seed43,430358089281901,2014-11-01,70.5999984741211,13.549574851989746,57.05042362213135
G0_gcn_none,e1_r20_seed43,430356089293601,2015-10-01,67.4000015258789,19.37361717224121,48.026384353637695
G0_gcn_none,e1_r20_seed43,06753990,2001-05-01,51.099998474121094,6.090088367462158,45.009910106658936
G0_gcn_none,e1_r20_seed44,06438000,1978-08-01,212.0,3.460628032684326,208.53937196731567
G0_gcn_none,e1_r20_seed44,06339100,1980-06-01,110.0,14.765499114990234,95.23450088500977
G0_gcn_none,e1_r20_seed44,06331570,1979-11-01,97.0,7.969782829284668,89.03021717071533
G0_gcn_none,e1_r20_seed44,07263620,1997-07-01,89.0,4.132297039031982,84.86770296096802
G0_gcn_none,e1_r20_seed44,06438000,1980-01-01,64.0,3.082451820373535,60.917548179626465
G0_gcn_none,e1_r40_seed42,06438000,1980-07-01,460.0,7.300051689147949,452.69994831085205
G0_gcn_none,e1_r40_seed42,06438000,1980-10-01,450.0,3.8793439865112305,446.12065601348877
G0_gcn_none,e1_r40_seed42,385104092252402,1993-09-01,260.0,4.883243560791016,255.11675643920898
G0_gcn_none,e1_r40_seed42,06438000,1979-07-01,160.0,6.568841457366943,153.43115854263306
G0_gcn_none,e1_r40_seed42,06426400,1980-02-01,110.0,8.49826431274414,101.50173568725586
G0_gcn_none,e1_r40_seed43,06438000,1980-07-01,460.0,8.171533584594727,451.8284664154053
G0_gcn_none,e1_r40_seed43,06339100,1980-06-01,110.0,21.700180053710938,88.29981994628906
G0_gcn_none,e1_r40_seed43,03353551,1991-05-01,67.0,4.890659809112549,62.10934019088745
G0_gcn_none,e1_r40_seed43,05288705,2018-11-01,66.69999694824219,6.741624355316162,59.958372592926025
G0_gcn_none,e1_r40_seed43,06378300,1980-06-01,69.0,9.419210433959961,59.58078956604004
G0_gcn_none,e1_r40_seed44,06438000,1978-08-01,212.0,4.902584075927734,207.09741592407227
G0_gcn_none,e1_r40_seed44,430356089293601,2014-11-01,225.0,25.694580078125,199.305419921875
G0_gcn_none,e1_r40_seed44,06339100,1980-06-01,110.0,18.691665649414062,91.30833435058594
G0_gcn_none,e1_r40_seed44,06331570,1979-11-01,97.0,9.242270469665527,87.75772953033447
G0_gcn_none,e1_r40_seed44,07263620,1997-07-01,89.0,3.829699993133545,85.17030000686646
G0_gcn_none,e1_r60_seed42,06438000,1980-07-01,460.0,5.47274923324585,454.52725076675415
G0_gcn_none,e1_r60_seed42,06438000,1980-10-01,450.0,4.970761775970459,445.02923822402954
G0_gcn_none,e1_r60_seed42,385104092252402,1993-09-01,260.0,4.94720458984375,255.05279541015625
G0_gcn_none,e1_r60_seed42,06438000,1979-07-01,160.0,5.503391742706299,154.4966082572937
G0_gcn_none,e1_r60_seed42,06426400,1980-02-01,110.0,7.75642204284668,102.24357795715332
G0_gcn_none,e1_r60_seed43,06438000,1980-07-01,460.0,6.80435037612915,453.19564962387085
G0_gcn_none,e1_r60_seed43,430401089304501,2014-11-01,132.0,17.40667724609375,114.59332275390625
G0_gcn_none,e1_r60_seed43,06426400,1980-02-01,110.0,6.538366317749023,103.46163368225098
G0_gcn_none,e1_r60_seed43,06339100,1980-06-01,110.0,15.452917098999023,94.54708290100098
G0_gcn_none,e1_r60_seed43,06355310,1980-06-01,77.0,12.97711181640625,64.02288818359375
G0_gcn_none,e1_r60_seed44,06438000,1980-10-01,450.0,4.074928283691406,445.9250717163086
G0_gcn_none,e1_r60_seed44,385104092252402,1993-09-01,260.0,4.812142372131348,255.18785762786865
G0_gcn_none,e1_r60_seed44,06438000,1978-08-01,212.0,6.330658912658691,205.6693410873413
G0_gcn_none,e1_r60_seed44,430356089293601,2014-11-01,225.0,22.72336769104004,202.27663230895996
G0_gcn_none,e1_r60_seed44,06438000,1979-07-01,160.0,6.561682224273682,153.43831777572632
G0_gcn_none,e2a_strict,06800000,2023-02-01,23.084999084472656,3.373971939086914,19.711027145385742
G0_gcn_none,e2a_strict,06337480,2021-04-01,22.100000381469727,5.450212478637695,16.64978790283203
G0_gcn_none,e2a_strict,072632971,2022-12-01,15.699999809265137,5.695597171783447,10.00440263748169
G0_gcn_none,e2a_strict,375350097262800,2021-10-01,12.25,2.3854682445526123,9.864531755447388
G0_gcn_none,e2a_strict,07143672,2021-02-01,13.800000190734863,5.047482013702393,8.75251817703247
G0_gcn_none,e2b_partial,06337480,2021-04-01,22.100000381469727,5.450212478637695,16.64978790283203
G0_gcn_none,e2b_partial,072632971,2022-12-01,15.699999809265137,5.695597171783447,10.00440263748169
G0_gcn_none,e2b_partial,07143672,2021-02-01,13.800000190734863,5.047482013702393,8.75251817703247
G0_gcn_none,e2b_partial,06713500,2025-08-01,12.345000267028809,4.0249128341674805,8.320087432861328
G0_gcn_none,e2b_partial,06332520,2021-04-01,13.899999618530273,5.739841938018799,8.160157680511475
G0_gcn_none,e3_spatial_seed42,06364700,1980-08-01,76.0,7.815325736999512,68.18467426300049
G0_gcn_none,e3_spatial_seed42,05451210,2020-12-01,45.29999923706055,2.838794231414795,42.46120500564575
G0_gcn_none,e3_spatial_seed42,03289500,1991-02-01,44.0,2.5870039463043213,41.41299605369568
G0_gcn_none,e3_spatial_seed42,06364700,1981-01-01,38.0,6.940914154052734,31.059085845947266
G0_gcn_none,e3_spatial_seed42,06352400,1981-01-01,41.0,12.153938293457031,28.84606170654297
G0_gcn_none,e3_spatial_seed43,06438000,1980-07-01,460.0,4.320261001586914,455.6797389984131
G0_gcn_none,e3_spatial_seed43,06438000,1980-10-01,450.0,2.903996229171753,447.09600377082825
G0_gcn_none,e3_spatial_seed43,06438000,1978-08-01,212.0,3.2729926109313965,208.7270073890686
G0_gcn_none,e3_spatial_seed43,06438000,1979-07-01,160.0,3.915316104888916,156.08468389511108
G0_gcn_none,e3_spatial_seed43,06426400,1980-02-01,110.0,7.3378190994262695,102.66218090057373
G0_gcn_none,e3_spatial_seed44,03353551,1991-05-01,67.0,4.032654762268066,62.967345237731934
G0_gcn_none,e3_spatial_seed44,06805500,1993-06-01,51.0,3.8231611251831055,47.176838874816895
G0_gcn_none,e3_spatial_seed44,06753990,2001-05-01,51.099998474121094,5.4385247230529785,45.661473751068115
G0_gcn_none,e3_spatial_seed44,06343000,1975-11-01,41.0,6.0443596839904785,34.95564031600952
G0_gcn_none,e3_spatial_seed44,03086000,2007-09-01,36.400001525878906,2.2678580284118652,34.13214349746704
G0_gcn_random,e1_r20_seed42,06438000,1980-07-01,460.0,10.7711820602417,449.2288179397583
G0_gcn_random,e1_r20_seed42,06438000,1979-07-01,160.0,10.470590591430664,149.52940940856934
G0_gcn_random,e1_r20_seed42,06355310,1980-06-01,77.0,19.164615631103516,57.835384368896484
G0_gcn_random,e1_r20_seed42,06350000,1979-05-01,67.0,10.233784675598145,56.766215324401855
G0_gcn_random,e1_r20_seed42,430402089282000,2013-11-01,58.54999923706055,3.424555778503418,55.12544345855713
G0_gcn_random,e1_r20_seed43,03353551,1991-05-01,67.0,3.7354354858398438,63.264564514160156
G0_gcn_random,e1_r20_seed43,430356089293601,2015-10-01,67.4000015258789,4.877465724945068,62.52253580093384
G0_gcn_random,e1_r20_seed43,05288705,2018-11-01,66.69999694824219,6.8926920890808105,59.80730485916138
G0_gcn_random,e1_r20_seed43,430358089281901,2014-11-01,70.5999984741211,16.49781608581543,54.102182388305664
G0_gcn_random,e1_r20_seed43,430402089282000,2013-11-01,58.54999923706055,5.54587984085083,53.00411939620972
G0_gcn_random,e1_r20_seed44,06438000,1978-08-01,212.0,8.31811237335205,203.68188762664795
G0_gcn_random,e1_r20_seed44,06339100,1980-06-01,110.0,9.231526374816895,100.7684736251831
G0_gcn_random,e1_r20_seed44,06331570,1979-11-01,97.0,5.210577487945557,91.78942251205444
G0_gcn_random,e1_r20_seed44,07263620,1997-07-01,89.0,3.902927875518799,85.0970721244812
G0_gcn_random,e1_r20_seed44,06378300,1980-06-01,69.0,5.100493431091309,63.89950656890869
G0_gcn_random,e1_r40_seed42,06438000,1980-07-01,460.0,7.488387107849121,452.5116128921509
G0_gcn_random,e1_r40_seed42,06438000,1980-10-01,450.0,8.212194442749023,441.787805557251
G0_gcn_random,e1_r40_seed42,385104092252402,1993-09-01,260.0,4.397054195404053,255.60294580459595
G0_gcn_random,e1_r40_seed42,06438000,1979-07-01,160.0,8.466496467590332,151.53350353240967
G0_gcn_random,e1_r40_seed42,06426400,1980-02-01,110.0,5.148285865783691,104.85171413421631
G0_gcn_random,e1_r40_seed43,06438000,1980-07-01,460.0,14.727498054504395,445.2725019454956
G0_gcn_random,e1_r40_seed43,06339100,1980-06-01,110.0,15.864892959594727,94.13510704040527
G0_gcn_random,e1_r40_seed43,430356089293601,2015-10-01,67.4000015258789,4.158401012420654,63.24160051345825
G0_gcn_random,e1_r40_seed43,03353551,1991-05-01,67.0,3.9622573852539062,63.037742614746094
G0_gcn_random,e1_r40_seed43,05288705,2018-11-01,66.69999694824219,5.146241188049316,61.55375576019287
G0_gcn_random,e1_r40_seed44,430356089293601,2014-11-01,225.0,6.239809036254883,218.76019096374512
G0_gcn_random,e1_r40_seed44,06438000,1978-08-01,212.0,14.611640930175781,197.38835906982422
G0_gcn_random,e1_r40_seed44,06339100,1980-06-01,110.0,14.601397514343262,95.39860248565674
G0_gcn_random,e1_r40_seed44,06331570,1979-11-01,97.0,5.650404453277588,91.34959554672241
G0_gcn_random,e1_r40_seed44,07263620,1997-07-01,89.0,4.770130157470703,84.2298698425293
G0_gcn_random,e1_r60_seed42,06438000,1980-07-01,460.0,12.513345718383789,447.4866542816162
G0_gcn_random,e1_r60_seed42,06438000,1980-10-01,450.0,6.6507697105407715,443.34923028945923
G0_gcn_random,e1_r60_seed42,385104092252402,1993-09-01,260.0,3.7716307640075684,256.22836923599243
G0_gcn_random,e1_r60_seed42,06438000,1979-07-01,160.0,11.65672492980957,148.34327507019043
G0_gcn_random,e1_r60_seed42,06426400,1980-02-01,110.0,5.652673721313477,104.34732627868652
G0_gcn_random,e1_r60_seed43,06438000,1980-07-01,460.0,13.851130485534668,446.14886951446533
G0_gcn_random,e1_r60_seed43,430401089304501,2014-11-01,132.0,6.564964294433594,125.4350357055664
G0_gcn_random,e1_r60_seed43,06426400,1980-02-01,110.0,5.295370101928711,104.70462989807129
G0_gcn_random,e1_r60_seed43,06339100,1980-06-01,110.0,13.02525806427002,96.97474193572998
G0_gcn_random,e1_r60_seed43,430356089293601,2013-10-01,73.06666564941406,2.3737850189208984,70.69288063049316
G0_gcn_random,e1_r60_seed44,06438000,1980-10-01,450.0,8.195605278015137,441.80439472198486
G0_gcn_random,e1_r60_seed44,385104092252402,1993-09-01,260.0,2.7411985397338867,257.2588014602661
G0_gcn_random,e1_r60_seed44,430356089293601,2014-11-01,225.0,5.136246681213379,219.86375331878662
G0_gcn_random,e1_r60_seed44,06438000,1978-08-01,212.0,10.530221939086914,201.4697780609131
G0_gcn_random,e1_r60_seed44,06438000,1979-07-01,160.0,10.749993324279785,149.25000667572021
G0_gcn_random,e2a_strict,06800000,2023-02-01,23.084999084472656,3.9017391204833984,19.183259963989258
G0_gcn_random,e2a_strict,06337480,2021-04-01,22.100000381469727,4.300132751464844,17.799867630004883
G0_gcn_random,e2a_strict,06332520,2021-04-01,13.899999618530273,2.835557460784912,11.064442157745361
G0_gcn_random,e2a_strict,072632971,2022-12-01,15.699999809265137,4.694458961486816,11.00554084777832
G0_gcn_random,e2a_strict,08014500,2024-01-01,13.899999618530273,4.196793079376221,9.703206539154053
G0_gcn_random,e2b_partial,06337480,2021-04-01,22.100000381469727,4.300132751464844,17.799867630004883
G0_gcn_random,e2b_partial,06332520,2021-04-01,13.899999618530273,2.835557460784912,11.064442157745361
G0_gcn_random,e2b_partial,072632971,2022-12-01,15.699999809265137,4.694458961486816,11.00554084777832
G0_gcn_random,e2b_partial,375350097262800,2021-02-01,12.300000190734863,2.317034959793091,9.982965230941772
G0_gcn_random,e2b_partial,08014500,2024-01-01,13.899999618530273,4.196793079376221,9.703206539154053
G0_gcn_random,e3_spatial_seed42,06364700,1980-08-01,76.0,3.1618943214416504,72.83810567855835
G0_gcn_random,e3_spatial_seed42,05451210,2020-12-01,45.29999923706055,2.0637686252593994,43.23623061180115
G0_gcn_random,e3_spatial_seed42,03289500,1991-02-01,44.0,1.8442280292510986,42.1557719707489
G0_gcn_random,e3_spatial_seed42,06352400,1981-01-01,41.0,3.887397289276123,37.11260271072388
G0_gcn_random,e3_spatial_seed42,06364700,1981-01-01,38.0,4.620756149291992,33.37924385070801
G0_gcn_random,e3_spatial_seed43,06438000,1980-07-01,460.0,19.424381256103516,440.5756187438965
G0_gcn_random,e3_spatial_seed43,06438000,1980-10-01,450.0,12.831988334655762,437.16801166534424
G0_gcn_random,e3_spatial_seed43,06438000,1978-08-01,212.0,18.24325180053711,193.7567481994629
G0_gcn_random,e3_spatial_seed43,06438000,1979-07-01,160.0,18.42267417907715,141.57732582092285
G0_gcn_random,e3_spatial_seed43,06426400,1980-02-01,110.0,3.831737995147705,106.1682620048523
G0_gcn_random,e3_spatial_seed44,03353551,1991-05-01,67.0,5.082188606262207,61.91781139373779
G0_gcn_random,e3_spatial_seed44,06805500,1993-06-01,51.0,4.772608280181885,46.227391719818115
G0_gcn_random,e3_spatial_seed44,06753990,2001-05-01,51.099998474121094,7.034448623657227,44.06554985046387
G0_gcn_random,e3_spatial_seed44,06343000,1980-08-01,44.0,3.354078769683838,40.64592123031616
G0_gcn_random,e3_spatial_seed44,06340500,1975-08-01,45.0,5.986573696136475,39.013426303863525
G0_gcn_river,e1_r20_seed42,06438000,1980-07-01,460.0,6.372097969055176,453.6279020309448
G0_gcn_river,e1_r20_seed42,06438000,1979-07-01,160.0,6.320841312408447,153.67915868759155
G0_gcn_river,e1_r20_seed42,06355310,1980-06-01,77.0,13.956336975097656,63.043663024902344
G0_gcn_river,e1_r20_seed42,06355310,1979-08-01,71.0,12.617656707763672,58.38234329223633
G0_gcn_river,e1_r20_seed42,06350000,1979-05-01,67.0,10.231278419494629,56.76872158050537
G0_gcn_river,e1_r20_seed43,03353551,1991-05-01,67.0,4.452012538909912,62.54798746109009
G0_gcn_river,e1_r20_seed43,05288705,2018-11-01,66.69999694824219,5.867602348327637,60.83239459991455
G0_gcn_river,e1_r20_seed43,430356089293601,2015-10-01,67.4000015258789,11.434123992919922,55.965877532958984
G0_gcn_river,e1_r20_seed43,430358089281901,2014-11-01,70.5999984741211,15.049598693847656,55.55039978027344
G0_gcn_river,e1_r20_seed43,06753990,2001-05-01,51.099998474121094,6.07997989654541,45.020018577575684
G0_gcn_river,e1_r20_seed44,06438000,1978-08-01,212.0,5.764414310455322,206.23558568954468
G0_gcn_river,e1_r20_seed44,06339100,1980-06-01,110.0,17.448230743408203,92.5517692565918
G0_gcn_river,e1_r20_seed44,07263620,1997-07-01,89.0,4.605727672576904,84.3942723274231
G0_gcn_river,e1_r20_seed44,06331570,1979-11-01,97.0,15.801502227783203,81.1984977722168
G0_gcn_river,e1_r20_seed44,06355310,1979-08-01,71.0,11.925500869750977,59.07449913024902
G0_gcn_river,e1_r40_seed42,06438000,1980-07-01,460.0,7.810816764831543,452.18918323516846
G0_gcn_river,e1_r40_seed42,06438000,1980-10-01,450.0,6.336918830871582,443.6630811691284
G0_gcn_river,e1_r40_seed42,385104092252402,1993-09-01,260.0,2.2459850311279297,257.75401496887207
G0_gcn_river,e1_r40_seed42,06438000,1979-07-01,160.0,5.76722526550293,154.23277473449707
G0_gcn_river,e1_r40_seed42,06426400,1980-02-01,110.0,6.455506324768066,103.54449367523193
G0_gcn_river,e1_r40_seed43,06438000,1980-07-01,460.0,10.146974563598633,449.85302543640137
G0_gcn_river,e1_r40_seed43,06339100,1980-06-01,110.0,13.67957592010498,96.32042407989502
G0_gcn_river,e1_r40_seed43,06355310,1980-06-01,77.0,12.229569435119629,64.77043056488037
G0_gcn_river,e1_r40_seed43,03353551,1991-05-01,67.0,4.3357720375061035,62.6642279624939
G0_gcn_river,e1_r40_seed43,05288705,2018-11-01,66.69999694824219,6.729116916656494,59.97088003158569
G0_gcn_river,e1_r40_seed44,06438000,1978-08-01,212.0,5.663852214813232,206.33614778518677
G0_gcn_river,e1_r40_seed44,430356089293601,2014-11-01,225.0,31.0,194.0
G0_gcn_river,e1_r40_seed44,06339100,1980-06-01,110.0,17.612348556518555,92.38765144348145
G0_gcn_river,e1_r40_seed44,06331570,1979-11-01,97.0,10.848800659179688,86.15119934082031
G0_gcn_river,e1_r40_seed44,07263620,1997-07-01,89.0,4.584133625030518,84.41586637496948
G0_gcn_river,e1_r60_seed42,06438000,1980-07-01,460.0,11.913125038146973,448.086874961853
G0_gcn_river,e1_r60_seed42,06438000,1980-10-01,450.0,12.777559280395508,437.2224407196045
G0_gcn_river,e1_r60_seed42,385104092252402,1993-09-01,260.0,3.074115753173828,256.9258842468262
G0_gcn_river,e1_r60_seed42,06438000,1979-07-01,160.0,7.094640731811523,152.90535926818848
G0_gcn_river,e1_r60_seed42,06426400,1980-02-01,110.0,7.127686500549316,102.87231349945068
G0_gcn_river,e1_r60_seed43,06438000,1980-07-01,460.0,6.3570942878723145,453.6429057121277
G0_gcn_river,e1_r60_seed43,430401089304501,2014-11-01,132.0,10.467514991760254,121.53248500823975
G0_gcn_river,e1_r60_seed43,06426400,1980-02-01,110.0,7.433614730834961,102.56638526916504
G0_gcn_river,e1_r60_seed43,06339100,1980-06-01,110.0,16.940839767456055,93.05916023254395
G0_gcn_river,e1_r60_seed43,06355310,1980-06-01,77.0,13.171422958374023,63.82857704162598
G0_gcn_river,e1_r60_seed44,06438000,1980-10-01,450.0,6.6426167488098145,443.3573832511902
G0_gcn_river,e1_r60_seed44,385104092252402,1993-09-01,260.0,2.7425808906555176,257.2574191093445
G0_gcn_river,e1_r60_seed44,430356089293601,2014-11-01,225.0,10.870343208312988,214.129656791687
G0_gcn_river,e1_r60_seed44,06438000,1978-08-01,212.0,5.875781536102295,206.1242184638977
G0_gcn_river,e1_r60_seed44,06438000,1979-07-01,160.0,5.051754951477051,154.94824504852295
G0_gcn_river,e2a_strict,06800000,2023-02-01,23.084999084472656,3.12272310256958,19.962275981903076
G0_gcn_river,e2a_strict,06337480,2021-04-01,22.100000381469727,6.401962757110596,15.69803762435913
G0_gcn_river,e2a_strict,072632971,2022-12-01,15.699999809265137,5.1471076011657715,10.552892208099365
G0_gcn_river,e2a_strict,07143672,2021-02-01,13.800000190734863,3.25349760055542,10.546502590179443
G0_gcn_river,e2a_strict,07144100,2021-02-01,12.699999809265137,4.421478271484375,8.278521537780762
G0_gcn_river,e2b_partial,06337480,2021-04-01,22.100000381469727,6.424676895141602,15.675323486328125
G0_gcn_river,e2b_partial,072632971,2022-12-01,15.699999809265137,5.1471076011657715,10.552892208099365
G0_gcn_river,e2b_partial,07143672,2021-02-01,13.800000190734863,3.25349760055542,10.546502590179443
G0_gcn_river,e2b_partial,07144100,2021-02-01,12.699999809265137,4.421478271484375,8.278521537780762
G0_gcn_river,e2b_partial,08014500,2024-01-01,13.899999618530273,5.669803619384766,8.230195999145508
G0_gcn_river,e3_spatial_seed42,06364700,1980-08-01,76.0,7.077991485595703,68.9220085144043
G0_gcn_river,e3_spatial_seed42,05451210,2020-12-01,45.29999923706055,2.30714750289917,42.99285173416138
G0_gcn_river,e3_spatial_seed42,03289500,1991-02-01,44.0,3.487015724182129,40.51298427581787
G0_gcn_river,e3_spatial_seed42,06364700,1981-01-01,38.0,9.830194473266602,28.1698055267334
G0_gcn_river,e3_spatial_seed42,03460000,1974-06-01,28.0,2.2380566596984863,25.761943340301514
G0_gcn_river,e3_spatial_seed43,06438000,1980-07-01,460.0,7.15463924407959,452.8453607559204
G0_gcn_river,e3_spatial_seed43,06438000,1980-10-01,450.0,6.873429298400879,443.1265707015991
G0_gcn_river,e3_spatial_seed43,06438000,1978-08-01,212.0,6.957095146179199,205.0429048538208
G0_gcn_river,e3_spatial_seed43,06438000,1979-07-01,160.0,6.105868816375732,153.89413118362427
G0_gcn_river,e3_spatial_seed43,06426400,1980-02-01,110.0,7.739907264709473,102.26009273529053
G0_gcn_river,e3_spatial_seed44,03353551,1991-05-01,67.0,3.6646347045898438,63.335365295410156
G0_gcn_river,e3_spatial_seed44,06805500,1993-06-01,51.0,4.165796756744385,46.834203243255615
G0_gcn_river,e3_spatial_seed44,06753990,2001-05-01,51.099998474121094,5.053387641906738,46.046610832214355
G0_gcn_river,e3_spatial_seed44,06340500,1975-08-01,45.0,6.067779541015625,38.932220458984375
G0_gcn_river,e3_spatial_seed44,03086000,2007-09-01,36.400001525878906,1.5639612674713135,34.83604025840759
H1_directed_river,e1_r20_seed42,06438000,1980-07-01,460.0,22.978351593017578,437.0216484069824
H1_directed_river,e1_r20_seed42,06438000,1979-07-01,160.0,31.0,129.0
H1_directed_river,e1_r20_seed42,06350000,1979-05-01,67.0,13.906643867492676,53.093356132507324
H1_directed_river,e1_r20_seed42,06355310,1980-06-01,77.0,31.0,46.0
H1_directed_river,e1_r20_seed42,06355310,1979-08-01,71.0,31.0,40.0
H1_directed_river,e1_r20_seed43,03353551,1991-05-01,67.0,4.344273090362549,62.65572690963745
H1_directed_river,e1_r20_seed43,05288705,2018-11-01,66.69999694824219,5.261068820953369,61.43892812728882
H1_directed_river,e1_r20_seed43,430356089293601,2015-10-01,67.4000015258789,17.62213134765625,49.777870178222656
H1_directed_river,e1_r20_seed43,06753990,2001-05-01,51.099998474121094,8.713091850280762,42.38690662384033
H1_directed_river,e1_r20_seed43,430358089281901,2014-11-01,70.5999984741211,31.013965606689453,39.58603286743164
H1_directed_river,e1_r20_seed44,06438000,1978-08-01,212.0,31.0,181.0
H1_directed_river,e1_r20_seed44,06339100,1980-06-01,110.0,22.145170211791992,87.85482978820801
H1_directed_river,e1_r20_seed44,07263620,1997-07-01,89.0,4.642673015594482,84.35732698440552
H1_directed_river,e1_r20_seed44,06331570,1979-11-01,97.0,14.287150382995605,82.7128496170044
H1_directed_river,e1_r20_seed44,06378300,1980-06-01,69.0,12.868605613708496,56.131394386291504
H1_directed_river,e1_r40_seed42,06438000,1980-07-01,460.0,26.295228958129883,433.7047710418701
H1_directed_river,e1_r40_seed42,06438000,1980-10-01,450.0,21.30059814453125,428.69940185546875
H1_directed_river,e1_r40_seed42,385104092252402,1993-09-01,260.0,2.3893232345581055,257.6106767654419
H1_directed_river,e1_r40_seed42,06438000,1979-07-01,160.0,31.0,129.0
H1_directed_river,e1_r40_seed42,06426400,1980-02-01,110.0,7.446056365966797,102.5539436340332
H1_directed_river,e1_r40_seed43,06438000,1980-07-01,460.0,15.35004997253418,444.6499500274658
H1_directed_river,e1_r40_seed43,06339100,1980-06-01,110.0,13.511871337890625,96.48812866210938
H1_directed_river,e1_r40_seed43,03353551,1991-05-01,67.0,4.301543712615967,62.69845628738403
H1_directed_river,e1_r40_seed43,05288705,2018-11-01,66.69999694824219,6.051695346832275,60.64830160140991
H1_directed_river,e1_r40_seed43,06350000,1979-05-01,67.0,12.459609031677246,54.540390968322754
H1_directed_river,e1_r40_seed44,430356089293601,2014-11-01,225.0,15.97886848449707,209.02113151550293
H1_directed_river,e1_r40_seed44,06438000,1978-08-01,212.0,23.894990921020508,188.1050090789795
H1_directed_river,e1_r40_seed44,06339100,1980-06-01,110.0,17.573205947875977,92.42679405212402
H1_directed_river,e1_r40_seed44,07263620,1997-07-01,89.0,5.40596866607666,83.59403133392334
H1_directed_river,e1_r40_seed44,06331570,1979-11-01,97.0,14.23161792755127,82.76838207244873
H1_directed_river,e1_r60_seed42,06438000,1980-07-01,460.0,22.31983757019043,437.68016242980957
H1_directed_river,e1_r60_seed42,06438000,1980-10-01,450.0,18.054964065551758,431.94503593444824
H1_directed_river,e1_r60_seed42,385104092252402,1993-09-01,260.0,3.7382454872131348,256.26175451278687
H1_directed_river,e1_r60_seed42,06438000,1979-07-01,160.0,20.94474983215332,139.05525016784668
H1_directed_river,e1_r60_seed42,06426400,1980-02-01,110.0,8.240816116333008,101.75918388366699
H1_directed_river,e1_r60_seed43,06438000,1980-07-01,460.0,7.0764360427856445,452.92356395721436
H1_directed_river,e1_r60_seed43,430401089304501,2014-11-01,132.0,19.81619644165039,112.18380355834961
H1_directed_river,e1_r60_seed43,06426400,1980-02-01,110.0,9.39482307434082,100.60517692565918
H1_directed_river,e1_r60_seed43,06339100,1980-06-01,110.0,19.927274703979492,90.07272529602051
H1_directed_river,e1_r60_seed43,03353551,1991-05-01,67.0,4.01224946975708,62.98775053024292
H1_directed_river,e1_r60_seed44,06438000,1980-10-01,450.0,5.216876029968262,444.78312397003174
H1_directed_river,e1_r60_seed44,385104092252402,1993-09-01,260.0,3.1154379844665527,256.88456201553345
H1_directed_river,e1_r60_seed44,430356089293601,2014-11-01,225.0,6.172446250915527,218.82755374908447
H1_directed_river,e1_r60_seed44,06438000,1978-08-01,212.0,6.204192638397217,205.79580736160278
H1_directed_river,e1_r60_seed44,06438000,1979-07-01,160.0,6.31827449798584,153.68172550201416
H1_directed_river,e2a_strict,06800000,2023-02-01,23.084999084472656,3.8841309547424316,19.200868129730225
H1_directed_river,e2a_strict,06332770,2021-04-01,11.199999809265137,21.571752548217773,10.371752738952637
H1_directed_river,e2a_strict,072632971,2022-12-01,15.699999809265137,6.123710632324219,9.576289176940918
H1_directed_river,e2a_strict,07143672,2021-02-01,13.800000190734863,4.683643341064453,9.11635684967041
H1_directed_river,e2a_strict,375350097262800,2021-02-01,12.300000190734863,4.346304893493652,7.953695297241211
H1_directed_river,e2b_partial,072632971,2022-12-01,15.699999809265137,6.123710632324219,9.576289176940918
H1_directed_river,e2b_partial,07143672,2021-02-01,13.800000190734863,4.683643341064453,9.11635684967041
H1_directed_river,e2b_partial,375350097262800,2021-02-01,12.300000190734863,4.346304893493652,7.953695297241211
H1_directed_river,e2b_partial,06332523,2021-04-01,14.199999809265137,21.94951820373535,7.749518394470215
H1_directed_river,e2b_partial,08014500,2024-01-01,13.899999618530273,6.373258113861084,7.5267415046691895
H1_directed_river,e3_spatial_seed42,06364700,1980-08-01,76.0,6.679215908050537,69.32078409194946
H1_directed_river,e3_spatial_seed42,05451210,2020-12-01,45.29999923706055,3.8615832328796387,41.43841600418091
H1_directed_river,e3_spatial_seed42,03289500,1991-02-01,44.0,3.873872756958008,40.12612724304199
H1_directed_river,e3_spatial_seed42,06364700,1981-01-01,38.0,8.478248596191406,29.521751403808594
H1_directed_river,e3_spatial_seed42,383703104423901,1993-12-01,30.0,2.8039019107818604,27.19609808921814
H1_directed_river,e3_spatial_seed43,06438000,1980-07-01,460.0,4.322762966156006,455.677237033844
H1_directed_river,e3_spatial_seed43,06438000,1980-10-01,450.0,4.525741100311279,445.4742588996887
H1_directed_river,e3_spatial_seed43,06438000,1978-08-01,212.0,4.069998741149902,207.9300012588501
H1_directed_river,e3_spatial_seed43,06438000,1979-07-01,160.0,4.116644382476807,155.8833556175232
H1_directed_river,e3_spatial_seed43,06426400,1980-02-01,110.0,6.153036117553711,103.84696388244629
H1_directed_river,e3_spatial_seed44,03353551,1991-05-01,67.0,3.449467182159424,63.550532817840576
H1_directed_river,e3_spatial_seed44,06805500,1993-06-01,51.0,4.542762279510498,46.4572377204895
H1_directed_river,e3_spatial_seed44,06753990,2001-05-01,51.099998474121094,7.215914726257324,43.88408374786377
H1_directed_river,e3_spatial_seed44,06340500,1975-08-01,45.0,5.53731632232666,39.46268367767334
H1_directed_river,e3_spatial_seed44,07022000,1992-07-01,37.0,3.782310962677002,33.217689037323
H2_transport_river,e1_r20_seed42,06438000,1980-07-01,460.0,15.01246452331543,444.98753547668457
H2_transport_river,e1_r20_seed42,06438000,1979-07-01,160.0,12.814059257507324,147.18594074249268
H2_transport_river,e1_r20_seed42,06350000,1979-05-01,67.0,11.852328300476074,55.147671699523926
H2_transport_river,e1_r20_seed42,06355310,1980-06-01,77.0,23.44959831237793,53.55040168762207
H2_transport_river,e1_r20_seed42,06355310,1979-08-01,71.0,22.593486785888672,48.40651321411133
H2_transport_river,e1_r20_seed43,03353551,1991-05-01,67.0,4.757122039794922,62.24287796020508
H2_transport_river,e1_r20_seed43,05288705,2018-11-01,66.69999694824219,4.5414838790893555,62.15851306915283
H2_transport_river,e1_r20_seed43,430356089293601,2015-10-01,67.4000015258789,22.49298858642578,44.907012939453125
H2_transport_river,e1_r20_seed43,06753990,2001-05-01,51.099998474121094,7.570371627807617,43.52962684631348
H2_transport_river,e1_r20_seed43,430358089281901,2014-11-01,70.5999984741211,31.013965606689453,39.58603286743164
H2_transport_river,e1_r20_seed44,06438000,1978-08-01,212.0,11.375343322753906,200.6246566772461
H2_transport_river,e1_r20_seed44,07263620,1997-07-01,89.0,4.30255126953125,84.69744873046875
H2_transport_river,e1_r20_seed44,06339100,1980-06-01,110.0,25.529197692871094,84.4708023071289
H2_transport_river,e1_r20_seed44,06331570,1979-11-01,97.0,15.085321426391602,81.9146785736084
H2_transport_river,e1_r20_seed44,06378300,1980-06-01,69.0,13.311848640441895,55.688151359558105
H2_transport_river,e1_r40_seed42,06438000,1980-07-01,460.0,17.16155433654785,442.83844566345215
H2_transport_river,e1_r40_seed42,06438000,1980-10-01,450.0,11.390689849853516,438.6093101501465
H2_transport_river,e1_r40_seed42,385104092252402,1993-09-01,260.0,2.4317145347595215,257.5682854652405
H2_transport_river,e1_r40_seed42,06438000,1979-07-01,160.0,13.584930419921875,146.41506958007812
H2_transport_river,e1_r40_seed42,06426400,1980-02-01,110.0,10.08564567565918,99.91435432434082
H2_transport_river,e1_r40_seed43,06438000,1980-07-01,460.0,16.18925666809082,443.8107433319092
H2_transport_river,e1_r40_seed43,06339100,1980-06-01,110.0,12.384025573730469,97.61597442626953
H2_transport_river,e1_r40_seed43,03353551,1991-05-01,67.0,4.429421424865723,62.57057857513428
H2_transport_river,e1_r40_seed43,05288705,2018-11-01,66.69999694824219,4.843127250671387,61.8568696975708
H2_transport_river,e1_r40_seed43,06355310,1980-06-01,77.0,18.044675827026367,58.95532417297363
H2_transport_river,e1_r40_seed44,430356089293601,2014-11-01,225.0,17.249481201171875,207.75051879882812
H2_transport_river,e1_r40_seed44,06438000,1978-08-01,212.0,17.072776794433594,194.9272232055664
H2_transport_river,e1_r40_seed44,06339100,1980-06-01,110.0,19.566265106201172,90.43373489379883
H2_transport_river,e1_r40_seed44,06331570,1979-11-01,97.0,11.171217918395996,85.828782081604
H2_transport_river,e1_r40_seed44,07263620,1997-07-01,89.0,4.58330774307251,84.41669225692749
H2_transport_river,e1_r60_seed42,06438000,1980-07-01,460.0,14.932188987731934,445.06781101226807
H2_transport_river,e1_r60_seed42,06438000,1980-10-01,450.0,7.894137382507324,442.1058626174927
H2_transport_river,e1_r60_seed42,385104092252402,1993-09-01,260.0,3.6553049087524414,256.34469509124756
H2_transport_river,e1_r60_seed42,06438000,1979-07-01,160.0,15.82950210571289,144.1704978942871
H2_transport_river,e1_r60_seed42,06426400,1980-02-01,110.0,10.440410614013672,99.55958938598633
H2_transport_river,e1_r60_seed43,06438000,1980-07-01,460.0,12.600031852722168,447.39996814727783
H2_transport_river,e1_r60_seed43,06426400,1980-02-01,110.0,7.305723190307617,102.69427680969238
H2_transport_river,e1_r60_seed43,430401089304501,2014-11-01,132.0,32.000003814697266,99.99999618530273
H2_transport_river,e1_r60_seed43,06339100,1980-06-01,110.0,10.760579109191895,99.2394208908081
H2_transport_river,e1_r60_seed43,05288705,2018-11-01,66.69999694824219,4.10342264175415,62.59657430648804
H2_transport_river,e1_r60_seed44,06438000,1980-10-01,450.0,10.671466827392578,439.3285331726074
H2_transport_river,e1_r60_seed44,385104092252402,1993-09-01,260.0,3.3689446449279785,256.631055355072
H2_transport_river,e1_r60_seed44,06438000,1978-08-01,212.0,11.82718276977539,200.1728172302246
H2_transport_river,e1_r60_seed44,430356089293601,2014-11-01,225.0,28.074316024780273,196.92568397521973
H2_transport_river,e1_r60_seed44,06438000,1979-07-01,160.0,12.753926277160645,147.24607372283936
H2_transport_river,e2a_strict,06800000,2023-02-01,23.084999084472656,4.965996265411377,18.11900281906128
H2_transport_river,e2a_strict,07143672,2021-02-01,13.800000190734863,4.7733025550842285,9.026697635650635
H2_transport_river,e2a_strict,08014500,2024-07-01,12.5,3.765120506286621,8.734879493713379
H2_transport_river,e2a_strict,06337480,2021-04-01,22.100000381469727,13.896553993225098,8.203446388244629
H2_transport_river,e2a_strict,08014500,2022-09-01,11.5,3.5991129875183105,7.9008870124816895
H2_transport_river,e2b_partial,07143672,2021-02-01,13.800000190734863,4.23210334777832,9.567896842956543
H2_transport_river,e2b_partial,08014500,2024-07-01,12.5,3.686892509460449,8.81310749053955
H2_transport_river,e2b_partial,08014500,2022-09-01,11.5,3.0479249954223633,8.452075004577637
H2_transport_river,e2b_partial,08014500,2022-11-01,12.399999618530273,4.506937026977539,7.893062591552734
H2_transport_river,e2b_partial,07144100,2021-02-01,12.699999809265137,4.81203556060791,7.887964248657227
H2_transport_river,e3_spatial_seed42,06364700,1980-08-01,76.0,14.26591682434082,61.73408317565918
H2_transport_river,e3_spatial_seed42,03289500,1991-02-01,44.0,2.0959107875823975,41.9040892124176
H2_transport_river,e3_spatial_seed42,05451210,2020-12-01,45.29999923706055,3.7888474464416504,41.5111517906189
H2_transport_river,e3_spatial_seed42,06352400,1981-01-01,41.0,13.158143997192383,27.841856002807617
H2_transport_river,e3_spatial_seed42,383703104423901,1993-12-01,30.0,2.40384840965271,27.59615159034729
H2_transport_river,e3_spatial_seed43,06438000,1980-07-01,460.0,5.6146111488342285,454.38538885116577
H2_transport_river,e3_spatial_seed43,06438000,1980-10-01,450.0,5.765707969665527,444.2342920303345
H2_transport_river,e3_spatial_seed43,06438000,1978-08-01,212.0,5.358039855957031,206.64196014404297
H2_transport_river,e3_spatial_seed43,06438000,1979-07-01,160.0,5.5193190574646,154.4806809425354
H2_transport_river,e3_spatial_seed43,06426400,1980-02-01,110.0,7.579355239868164,102.42064476013184
H2_transport_river,e3_spatial_seed44,03353551,1991-05-01,67.0,3.7845115661621094,63.21548843383789
H2_transport_river,e3_spatial_seed44,06805500,1993-06-01,51.0,3.600155830383301,47.3998441696167
H2_transport_river,e3_spatial_seed44,06753990,2001-05-01,51.099998474121094,9.137165069580078,41.962833404541016
H2_transport_river,e3_spatial_seed44,06340500,1975-08-01,45.0,10.20974349975586,34.79025650024414
H2_transport_river,e3_spatial_seed44,03086000,2007-09-01,36.400001525878906,2.6105146408081055,33.7894868850708
