site_no,DOC_monthly_labels,site_tp_cd,station_nm
03010958,27,ST,"Tunungwant Creek at Bradford, PA."
03016000,34,ST,"Allegheny River at West Hickory, PA"
03024000,29,ST,"French Creek at Utica, PA"
03025490,35,ST,"French Creek at Franklin, PA"
03030852,35,ST,"Clarion River at Callensburg, PA"
03037525,30,ST,"South Branch Plum Creek at Five Points, PA"
03039420,25,ST,"North Branch Quemahoning Creek at Roytown, PA"
03039925,110,ST,"North Fork Bens Creek at North Fork Reservoir, PA"
03039930,26,ST,"South Fork Bens Creek near Thomasdale, PA"
03040000,30,ST,"Stonycreek River at Ferndale, PA"
03049625,48,ST,"Allegheny River at New Kensington, PA"
03049646,30,ST,"Deer Creek near Dorseyville, PA"
03049652,44,ST,"Allegheny River at Hulton Bridge at Oakmont, PA"
03072000,30,ST,"Dunkard Creek at Shannopin, PA"
03072859,35,ST,"Unnamed Tributary to House Run nr Holbrook, PA"
03075001,72,ST,"Monongahela River at North Charleroi, PA"
03079700,26,ST,"Garys Run near Barronvale, PA"
03079705,25,ST,"Cole Run near Barronvale, PA"
03083500,105,ST,"Youghiogheny River at Sutersville, PA"
03085000,127,ST,"Monongahela River at Braddock, PA"
03086000,107,ST,"Ohio River at Sewickley, PA"
03104500,39,ST,"Shenango River at New Castle, PA"
03107500,78,ST,"Beaver River at Beaver Falls, PA"
03110983,0,ST,Consol Run near Bloomingdale OH
03127970,34,ST,Clear Fork tributary near Hanover OH
03144270,31,ST,Opossum Run tributary near Wakatomika OH
03144289,31,ST,Sand Fork near Wakatomika OH
03176500,25,ST,"NEW RIVER AT GLEN LYN, VA"
03185400,24,ST,"NEW RIVER AT THURMOND, WV"
03198350,42,ST,"CLEAR FORK AT WHITESVILLE, WV"
03201300,56,ST,"KANAWHA RIVER AT WINFIELD, WV"
03201600,35,ST,Sandy Run ab Big Four Hollow Creek nr Lake Hope OH
03201660,25,ST,Big Four Hollow Creek bl East Fork nr Lake Hope OH
03201700,42,ST,Big Four Hollow Creek near Lake Hope OH
03201720,31,ST,Hull Hollow Creek near Lake Hope OH
03201722,36,ST,Sandy Run bl Hull Hollow Creek near Lake Hope OH
03207962,21,ST,"DICKS FORK AT PHYLLIS, KY"
03207965,18,ST,"GRAPEVINE CREEK NEAR PHYLLIS, KY"
03209500,31,ST,"LEVISA FORK AT PIKEVILLE, KY"
03212500,25,ST,"LEVISA FORK AT PAINTSVILLE, KY"
03215000,29,ST,"BIG SANDY R AT LOUISA, KY"
03216600,120,ST,"OHIO RIVER AT GREENUP DAM NEAR GREENUP, KY"
03245500,38,ST,Little Miami River at Milford OH
03267900,56,ST,Mad River at St Paris Pike at Eagle City OH
03280000,45,ST,"NORTH FORK KENTUCKY RIVER AT JACKSON, KY"
03281000,35,ST,"MIDDLE FORK KENTUCKY RIVER AT TALLEGA, KY"
03281500,36,ST,"SOUTH FORK KENTUCKY RIVER AT BOONEVILLE, KY"
03284000,43,ST,"KENTUCKY RIVER AT LOCK 10 NEAR WINCHESTER, KY"
03287500,35,ST,"KENTUCKY RIVER AT LOCK 4 AT FRANKFORT, KY"
03289500,45,ST,"ELKHORN CREEK NEAR FRANKFORT, KY"
03290500,58,ST,"KENTUCKY RIVER AT LOCK 2 AT LOCKPORT, KY"
03303280,299,ST,"OHIO RIVER AT CANNELTON DAM AT CANNELTON, IN"
03339000,15,ST,"VERMILION RIVER NEAR DANVILLE, IL"
03353551,26,ST,"LITTLE EAGLE CREEK AT 52ND ST. AT INDIANAPOLIS, IN"
03353600,26,ST,"LITTLE EAGLE CREEK AT SPEEDWAY, IN"
03353630,26,ST,"LITTLE BUCK CREEK NEAR SOUTHPORT, IN"
03353637,101,ST,"LITTLE BUCK CREEK NEAR INDIANAPOLIS, IN"
03354000,37,ST,"WHITE RIVER NEAR CENTERTON, IN"
03357330,32,ST,"BIG WALNUT CREEK NEAR ROACHDALE, IN"
03360895,32,ST-DCH,"KESSINGER DITCH NEAR MONROE CITY, IN"
03366500,36,ST,"MUSCATATUCK RIVER NEAR DEPUTY, IN"
03373500,36,ST,"EAST FORK WHITE RIVER AT SHOALS, IN"
03373530,27,ST,"LOST RIVER NEAR LEIPSIC, IN"
03374100,297,ST,"WHITE RIVER AT HAZLETON, IN"
03378500,290,ST,"WABASH RIVER AT NEW HARMONY, IN"
03438500,35,ST,"CUMBERLAND RIVER AT SMITHLAND, KY"
03612500,202,ST,"OHIO RIVER AT DAM 53 NEAR GRAND CHAIN, IL"
03612600,111,ST,"OHIO RIVER AT OLMSTED, IL"
385234087071801,24,ST,"WHITE RIVER AT HIGHWAY 58 NEAR ELNORA, IN"
391732085414401,28,ST,"CLIFTY CREEK AT CO RD 1150 E NEAR HARTSVILLE, IN"
393306086585201,26,ST,"BIG WALNUT CREEK AT CO RD 700 W AT REELSVILLE, IN"
393944084120700,57,ST,"Holes Ck in Huffman Park at Kettering, OH"
394340085524601,249,ST,"SUGAR CREEK AT CO RD 400 S AT NEW PALESTINE, IN"
394957083002900,21,ST,SCIOTO R AT SHADEVILLE OH
395027082592500,20,GW,FR-151
403734080063001,9,GW,AG   700 Allegheny County Observation Well
03453500,38,ST,"FRENCH BROAD RIVER AT MARSHALL, NC"
03459500,19,ST,"PIGEON RIVER NEAR HEPCO, NC"
03460000,72,ST,"CATALOOCHEE CREEK NEAR CATALOOCHEE, NC"
03466208,39,ST,"BIG LIMESTONE CREEK NEAR LIMESTONE, TN"
03467609,39,ST,NOLICHUCKY RIVER NEAR LOWLAND
03474000,26,ST,"M F HOLSTON RIVER AT SEVEN MILE FORD, VA"
03497300,199,ST,"LITTLE RIVER ABOVE TOWNSEND, TN"
03524550,24,ST,"GUEST RIVER NEAR MILLER YARD, VA"
03528000,25,ST,"CLINCH RIVER ABOVE TAZEWELL, TN"
03568000,23,ST,"TENNESSEE RIVER AT CHATTANOOGA, TN"
03575100,24,ST,"FLINT RIVER AT BROWNSBORO, AL."
03609750,270,ST,"TENNESSEE RIVER AT HIGHWAY 60 NEAR PADUCAH, KY"
05267000,40,ST,"MISSISSIPPI RIVER NEAR ROYALTON, MN"
05276005,27,ST,"NORTH FORK CROW RIVER ABOVE PAYNESVILLE, MN"
05288500,24,ST,"MISSISSIPPI RIVER AT HWY 610 IN BROOKLYN PARK, MN"
05288705,205,ST,"SHINGLE CREEK AT QUEEN AVE IN MINNEAPOLIS, MN"
05311000,36,ST,"MINNESOTA RIVER AT MONTEVIDEO, MN"
05320270,39,ST,"LITTLE COBB RIVER NEAR BEAUFORD, MN"
05320500,14,ST,"LE SUEUR RIVER NEAR RAPIDAN, MN"
05322000,38,ST,"BLUE EARTH RIVER AT MOUTH AT MANKATO, MN"
05325000,7,ST,"MINNESOTA RIVER AT MANKATO, MN"
05325050,12,ST,"MINNESOTA RIVER AT HWY 14 BRIDGE IN MANKATO, MN"
05330000,44,ST,"MINNESOTA RIVER NEAR JORDAN, MN"
05330902,28,ST,"NINE MILE CREEK NR JAMES CIRCLE AT BLOOMINGTON, MN"
05331580,186,ST,"MISSISSIPPI RIVER BELOW L&D 2 AT HASTINGS, MN"
05331833,29,ST,"NAMEKAGON RIVER AT LEONARDS, WI"
05333500,67,ST,"ST. CROIX RIVER NEAR DANBURY, WI"
05340500,77,ST,"ST. CROIX RIVER AT ST. CROIX FALLS, WI"
05355250,34,ST,"MISSISSIPPI RIVER AT RED WING, MN"
05357206,94,ST,"ALLEQUASH CREEK SITE NO. 3 NR BOULDER JUNCTION, WI"
05357215,126,ST,"ALLEQUASH CREEK @ CT HWY M NR BOULDER JUNCTION, WI"
05357225,129,ST,"STEVENSON CREEK @ CT HWY M NR BOULDER JUNCTION, WI"
05357230,127,ST,"NORTH CREEK AT TROUT LAKE NEAR BOULDER JUNCTION,WI"
05357239,103,ST,"MANN CREEK AT CTH N NEAR BOULDER JUNCTION, WI"
05357245,119,ST,"TROUT RIVER AT TROUT LAKE NEAR BOULDER JUNCTION,WI"
05412500,118,ST,"Turkey River at Garber, IA"
05418600,118,ST,"Maquoketa River near Spragueville, IA"
05420500,296,ST,"Mississippi River at Clinton, IA"
05420680,41,ST,"Wapsipinicon River near Tripoli, IA"
05422000,150,ST,"Wapsipinicon River near De Witt, IA"
05427948,25,ST,"PHEASANT BRANCH AT MIDDLETON, WI"
05427952,26,ST,"PHEASANT BRANCH AT MOUTH AT MIDDLETON, WI"
05449500,56,ST,"Iowa River near Rowan, IA"
05451070,20,ST,"South Fork Iowa River Headwaters nr Blairsburg, IA"
05451080,19,ST,"South Fork Iowa River near Blairsburg, IA"
05451210,238,ST,"South Fork Iowa River NE of New Providence, IA"
05453100,48,ST,"Iowa River at Marengo, IA"
05455100,31,ST,"Old Mans Creek near Iowa City, IA"
05457750,19,ST,"Cedar River near Carville, IA"
05461390,31,ST,"Flood Creek near Powersville, IA"
05463050,22,ST,"Cedar River at Cedar Falls, IA"
05464020,31,ST,"Cedar River at Gilbertville, IA"
05464220,41,ST,"Wolf Creek near Dysart, IA"
05464420,47,ST,"Cedar River at Blairs Ferry Road at Palo, IA"
05464480,78,ST,"Cedar River at Edgewood Road at Cedar Rapids, IA"
05464760,20,ST,"Cedar River near Bertram, IA"
05464935,25,ST,"Cedar River near Nichols, IA"
05465500,291,ST,"Iowa River at Wapello, IA"
05474000,159,ST,"Skunk River at Augusta, IA"
05490500,224,ST,"Des Moines River at Keosauqua, IA"
05520500,40,ST,"KANKAKEE RIVER AT MOMENCE, IL"
05526000,39,ST,"IROQUOIS RIVER NEAR CHEBANSE, IL"
05531500,19,ST,"SALT CREEK AT WESTERN SPRINGS, IL"
05532500,52,ST,"DES PLAINES RIVER AT RIVERSIDE, IL"
05536995,40,ST,"CHICAGO SANITARY AND SHIP CANAL AT ROMEOVILLE, IL"
05538020,14,ST,"DES PLAINES RIVER IN LOCK CHANNEL AT ROCKDALE, IL"
05540275,71,ST,"SPRING BROOK AT 87TH STREET NEAR NAPERVILLE, IL"
05540500,40,ST,"DU PAGE RIVER AT SHOREWOOD, IL"
05543500,58,ST,"ILLINOIS RIVER AT MARSEILLES, IL"
05550000,39,ST,"FOX RIVER AT ALGONQUIN, IL"
05552500,45,ST,"FOX RIVER AT DAYTON, IL"
05553700,35,ST,"ILLINOIS RIVER AT STARVED ROCK, IL"
05568000,37,ST,"MACKINAW RIVER NEAR GREEN VALLEY, IL"
05572000,43,ST,"SANGAMON RIVER AT MONTICELLO, IL"
05583000,44,ST,"SANGAMON RIVER NEAR OAKFORD, IL"
05586100,162,ST,"ILLINOIS RIVER AT VALLEY CITY, IL"
05586300,67,ST,"ILLINOIS RIVER AT FLORENCE, IL"
05587455,303,ST,"MISSISSIPPI RIVER BELOW GRAFTON, IL"
07022000,310,ST,"Mississippi River at Thebes, IL"
415949091405401,28,GW,083N07W17DACC       1993USGS CRM-1
415952091440400,71,GW-CR,083N08W13CBCB       1994Cedar Rapids Ranney 1
415953091435301,32,GW,083N08W13CBDA       1993USGS CRM-4
415953091435302,23,GW,083N08W13CBDA       2009USGS CRM-4A
420004091442300,58,GW-CR,083N08W14ADCC       1995Cedar Rapids Ranney 2
420010091431801,71,GW-CR,083N08W13ACAD 56471 2002Cedar Rapids Smnl Ranney 4
420013091431001,44,GW,083N08W13AACC       1998USGS CRM-22
420013091442000,69,GW,083N08W14ADBB 43186 1991Cedar Rapids Seminole 17
420013091442501,42,GW,083N08W14ACAA 43187 1991Cedar Rapids Seminole 18
420015091431301,31,GW,083N08W13AACC       1998USGS CRM-23
420033091420301,22,GW,083N07W07DDBD       1993USGS CRM-2
420035091422301,75,GW-CR,083N07W07DCBC 56470 2002Cedar Rapids West Ranney 3
420036091444001,31,GW,083N08W11DCBC       2013Cedar Rapids Ranney 6
430356089293601,26,FA-STS,"SOUTH YELLOWSTONE DRIVE STORM SEWER AT MADISON, WI"
430358089281901,25,FA-STS,"SOUTH KENOSHA DRIVE (EAST) STORM SEWR @ MADISON,WI"
430401089304501,21,FA-STS,"GRAY FOX TRAIL STORM SEWER AT MADISON, WI"
430402089282000,22,FA-STS,"SOUTH KENOSHA DRIVE STORM SEWER AT MADISON, WI"
453047089340421,26,GW,LN-35/07E/13-0064       LK CLARA OBS WELL Q3S
453048089343303,24,AT,"LAKE CLARA BULK PRECIP COLL NEAR TOMAHAWK, WI"
453055089343120,28,GW,LN-35/07E/14-0066       LK CLARA OBS WELL Q2
453100089343002,32,LK,"LAKE CLARA NEAR TOMAHAWK, WI"
455901089412020,26,GW,VI-41/06E/36-0875       VANDERCOOK OBS WELL Q2
455904089404711,27,GW,VI-41/06E/36-0957       VANDERCOOK LK OBS WL N1S
455909089405602,46,LK,"VANDERCOOK LAKE NEAR WOODRUFF, WI"
455911089405903,24,AT,"VANDERCOOK LK BULK PRECIP COLL NEAR WOODRUFF, WI"
460307089391203,20,AT,"TROUT LK BULK PRECIP COLL NEAR BOULDER JCT, WI"
07077500,30,ST,"Cache River at Patterson, AR"
07077555,46,ST,"Cache River near Cotton Plant, AR"
07077800,20,ST,"WHITE RIVER AT CLARENDON, AR"
07288650,211,ST,"BOGUE PHALIA NR LELAND, MS"
07288955,232,ST,"YAZOO RIVER BL STEELE BAYOU NR LONG LAKE, MS"
07362000,20,ST,"Ouachita River at Camden, AR"
07362587,163,ST,"Alum Fork Saline River near Reform, AR"
07362588,103,LK,Lake Winona DS from Stillhouse Creek near Reform
07362589,103,LK,"Lake Winona DS from Gillis Branch near Reform, AR"
07362590,121,LK,"Lake Winona at Reform, AR"
07369500,37,ST,"Tensas River at Tendal, LA"
07373420,320,ST,"MISSISSIPPI R NR ST. FRANCISVILLE, LA"
07374000,135,ST,"Mississippi River at Baton Rouge, LA"
07374525,208,ST,"Mississippi River at Belle Chasse, LA"
07375050,37,ST,"Tchefuncte River near Covington, LA"
07379960,27,ST,"Dawson Cr. at Bluebonnet Blvd near Baton Rouge, LA"
07381440,23,ST,"Bayou Grosse Tete at Rosedale, LA"
073814675,23,ST,"Bayou Boeuf at Railroad Bridge at Amelia, LA"
07381495,309,ST,"(COE) Atchafalaya River at Melville, LA"
07381590,105,ST,"Wax Lake Outlet at Calumet, LA"
07381600,209,ST,"Lower Atchafalaya River at Morgan City, LA"
08010000,30,ST,"Bayou Des Cannes near Eunice, LA"
08012150,44,ST,"Mermentau River At Mermentau, LA"
08012470,33,ST,"Bayou Lacassine near Lake Arthur, LA"
08014500,173,ST,"Ouiska Chitto Creek Near Oberlin, LA"
322023090544500,169,ST,"MISSISSIPPI RIVER ABOVE VICKSBURG AT MILE 438, MS"
330255092064301,103,ST,"Ouachita River below Felsenthal Lock and Dam, AR"
330937092081001,113,ST,"Ouachita River at Mile 237.9 n. of Felsenthal, AR"
06054500,26,ST,Missouri River at Toston MT
06057000,24,ST,Missouri River near Townsend MT
06126470,22,ST,Halfbreed Creek near Klein MT
06177500,22,ST,Redwater River at Circle MT
06177825,25,ST,Redwater River near Vida MT
06183450,22,ST,Big Muddy Creek near Antelope MT
06185500,91,ST,Missouri River near Culbertson MT
06187915,32,ST,Soda Butte Cr at Park Bndry at Silver Gate
06191500,33,ST,Yellowstone River at Corwin Springs MT
06208500,33,ST,Clarks Fork Yellowstone River at Edgar MT
06214500,49,ST,Yellowstone River at Billings MT
06279500,38,ST,"BIGHORN RIVER AT KANE, WY"
06294940,20,ST,Sarpy Creek near Hysham MT
06294980,25,ST,East Fork Armells Cr nr Colstrip MT
06294995,27,ST,Armells Creek near Forsyth MT
06295000,66,ST,Yellowstone River at Forsyth MT
06295250,25,ST,Rosebud Creek near Colstrip MT
06296003,30,ST,Rosebud Creek at mouth near Rosebud MT
06296120,41,ST,Yellowstone River near Miles City MT
06298000,32,ST,"TONGUE RIVER NEAR DAYTON, WY"
06306100,26,ST,Squirrel Creek nr Decker MT
06306300,61,ST,Tongue River at State Line nr Decker MT
06307500,70,ST,Tongue River at Tongue R Dam nr Decker MT
06307570,22,ST,Hanging Woman Cr bl Horse Cr nr Birney MT
06307600,32,ST,Hanging Woman Creek near Birney MT
06307616,30,ST,Tongue R at Birney Day School Br nr Birney MT
06307665,24,ST,Otter Creek near Otter MT
06307740,25,ST,Otter Creek at Ashland MT
06313500,44,ST,"POWDER RIVER AT SUSSEX, WY"
06316400,38,ST,"CRAZY WOMAN CREEK AT UPPER STA, NEAR ARVADA, WY"
06324500,89,ST,Powder River at Moorhead MT
06324890,31,ST,"LITTLE POWDER R BELOW CORRAL C NEAR WESTON, WY"
06324925,34,ST,"LITTLE POWDER RIVER NEAR WESTON, WY"
06324970,74,ST,"LITTLE POWDER RIVER AB DRY CREEK, NEAR WESTON, WY"
06326500,50,ST,Powder River near Locate MT
06326530,37,ST,"Yellowstone River near Terry, MT"
06326600,43,ST,O'Fallon Creek near Ismay MT
06329500,210,ST,Yellowstone River near Sidney MT
06330000,80,ST,"MISSOURI RIVER NEAR WILLISTON, ND"
06331570,27,ST,"STONY CREEK NR WILLISTON, ND"
06331850,41,ST,"BEAVER CREEK NR RAY, ND"
06332515,25,ST,"BEAR DEN CREEK NEAR MANDAREE, ND"
06332520,21,ST,"SHELL CREEK NR PARSHALL, ND"
06332523,21,ST,"EAST FORK SHELL CREEK NEAR PARSHALL, ND"
06332770,21,ST,"DEEPWATER CREEK AT MOUTH NEAR RAUB, ND"
06335750,45,ST,"DEEP CREEK NEAR AMIDON, ND"
06336500,26,ST,Beaver Creek at Wibaux MT
06336600,39,ST,"BEAVER CREEK NEAR TROTTERS, ND"
06337000,29,ST,"LITTLE MISSOURI RIVER NEAR WATFORD CITY, ND"
06337470,20,ST,"MOCCASIN CR AT MOUTH NR MANDAREE, ND"
06337480,20,ST,"SAKAKAWEA CREEK AB MOUTH NR MANDAREE, ND"
06338490,107,ST,"MISSOURI RIVER AT GARRISON DAM, ND"
06339100,43,ST,"KNIFE RIVER AT MANNING, ND"
06339300,39,ST,"KNIFE RIVER AT MARSHALL, ND"
06339550,43,ST,"COYOTE CREEK NR ZAP, ND"
06339560,84,ST,"BRUSH CREEK NR BEULAH, ND"
06339800,37,ST,"SPRING CREEK BELOW LAKE ILO NR DUNN CENTER, ND"
06339900,39,ST,"SPRING CREEK NR HALLIDAY, ND"
06340000,74,ST,"SPRING CREEK AT ZAP, ND"
06340500,57,ST,"KNIFE RIVER AT HAZEN, ND"
06340520,25,ST,"ANTELOPE CREEK ABOVE HAZEN, ND"
06340580,24,ST,"COAL CR NR STANTON, ND"
06340780,27,ST,"ALDERIN CREEK NR FORT CLARK, ND"
06340930,30,ST,"BUFFALO CREEK NR WASHBURN, ND"
06342040,20,ST,"SQUARE BUTTE CREEK NR HANNOVER, ND"
06342200,45,ST,"SQUARE BUTTE CREEK AB NELSON LAKE NR CENTER, ND"
06342230,29,ST,"HAGEL CREEK NR CENTER, ND"
06342500,53,ST,"MISSOURI RIVER AT BISMARCK, ND"
06343000,47,ST,"HEART RIVER NEAR SOUTH HEART, ND"
06344600,45,ST,"GREEN RIVER NEAR NEW HRADEC, ND"
06349000,23,ST,"HEART RIVER NEAR MANDAN, ND"
06349700,43,ST,"MISSOURI RIVER NEAR SCHMIDT, ND"
06349900,27,ST,"CANNONBALL RIVER AT NEW ENGLAND, ND"
06349930,67,ST,"COAL BANK CREEK NR HAVELOCK, ND"
06350000,39,ST,"CANNONBALL RIVER AT REGENT, ND"
06352400,36,ST,"TIMBER CREEK NR BENTLEY, ND"
06354000,29,ST,"CANNONBALL RIVER AT BREIEN, ND"
06355310,72,ST,"BUFFALO CREEK TRIBUTARY NR GASCOYNE, ND"
06364700,35,ST,"ANTELOPE CREEK NEAR TECKLA, WY"
06375600,40,ST,"LITTLE THUNDER CREEK NEAR HAMPSHIRE, WY"
06378300,21,ST,LODGEPOLE C NR HAMPSHIRE WY
06425900,21,ST,"CABALLO CREEK AT MOUTH, NEAR PINEY, WY"
06426400,36,ST,"DONKEY CREEK NEAR MOORCROFT, WY"
06436180,36,ST,"WHITEWOOD CREEK ABOVE WHITEWOOD, SD"
06436198,35,ST,"WHITEWOOD CREEK ABOVE VALE, SD"
06437000,31,ST,"BELLE FOURCHE RIVER NEAR STURGIS, SD"
06438000,28,ST,"BELLE FOURCHE RIVER NEAR ELM SPRINGS, SD"
06440000,35,ST,"MISSOURI RIVER AT PIERRE, SD"
06453000,40,ST,MISSOURI RIVER AT FORT RANDALL DAM SD
06453305,24,ST,"MISSOURI RIVER BELOW CHOTEAU CREEK NEAR VERDEL, NE"
06463720,24,ST,"Niobrara River at Mariaville, Nebr."
06467500,59,ST,"MISSOURI RIVER AT YANKTON, SD"
06485500,89,ST,"BIG SIOUX RIVER AT AKRON, IA"
06607500,118,ST,"Little Sioux River near Turin, IA"
06609500,118,ST,"Boyer River at Logan, IA"
06610000,5,ST,"Missouri River at Omaha, NE"
06611100,24,ST,"GRIZZLY CREEK NEAR SPICER, CO."
06611200,24,ST,"BUFFALO CREEK NEAR HEBRON, CO."
06611300,24,ST,"GRIZZLY CREEK NEAR HEBRON, CO."
06611800,24,ST,"LITTLE GRIZZLY CREEK ABOVE COALMONT, CO."
06611900,25,ST,"LITTLE GRIZZLY CREEK ABOVE HEBRON, CO."
06697100,35,ST,"TARRYALL CREEK BLW PARK GULCH NR COMO, CO"
06698500,42,ST,"TARRYALL CREEK NEAR JEFFERSON, CO."
06710200,10,ST,"BIG DRY CREEK TRIBUTARY AT LITTLETON, CO."
06710247,28,ST,"SOUTH PLATTE RIVER BELOW UNION AVE, AT ENGLEWOOD,C"
06711635,18,FA-QC,"NORTH AVENUE STORM DRAIN AT DFC AT LAKEWOOD, CO."
06713500,234,ST,"CHERRY CREEK AT DENVER, CO."
06714000,113,ST,"SOUTH PLATTE RIVER AT DENVER, CO."
06719505,29,ST,"CLEAR CREEK AT GOLDEN, CO"
06720500,56,ST,"SOUTH PLATTE RIVER AT HENDERSON, CO"
06721500,32,ST,"NORTH ST. VRAIN CREEK NEAR ALLENS PARK, CO."
06731000,30,ST,"ST. VRAIN CREEK AT MOUTH, NEAR PLATTEVILLE, CO."
06734900,32,ST,"OLYMPUS TUNNEL AT LAKE ESTES, CO."
06752000,29,ST,"CACHE LA POUDRE RIV AT MO OF CN, NR FT COLLINS, CO"
06753400,26,ST,"LONETREE CREEK AT CARR, CO."
06753990,63,ST,"LONETREE CREEK NEAR GREELEY, CO."
06754000,241,ST,"SOUTH PLATTE RIVER NEAR KERSEY, CO"
06759910,30,ST,"SOUTH PLATTE RIVER AT COOPER BRIDGE, NR BALZAC, CO"
06765500,29,ST,"SOUTH PLATTE RIVER AT NORTH PLATTE, NEBR."
06770500,22,ST,"Platte River near Grand Island, Nebr."
06775900,200,ST,"Dismal River near Thedford, Nebr."
06791150,20,ST,"LOUP RIVER NEAR PALMER, NE"
06795500,18,ST,"Shell Creek near Columbus, Nebr."
06800000,215,ST,"Maple Creek near Nickerson, Nebr."
06800500,227,ST,"Elkhorn River at Waterloo, Nebr."
06801000,22,ST,"Platte River near Ashland, Nebr."
06805500,300,ST,"Platte River at Louisville, Nebr."
06810000,130,ST,"Nishnabotna River above Hamburg, IA"
06818000,37,ST,"Missouri River at St. Joseph, MO"
06856600,22,ST,"REPUBLICAN R AT CLAY CENTER, KS"
06877600,20,ST,"SMOKY HILL R AT ENTERPRISE, KS"
06879100,36,ST,"KANSAS R AT FORT RILEY, KS"
06879650,20,ST,"KINGS C NR MANHATTAN, KS"
06880800,43,ST,"West Fork Big Blue River near Dorchester, Nebr."
06882000,35,ST,"Big Blue River at Barneston, Nebr."
06884025,32,ST,"Little Blue River at Hollenberg, KS"
06885500,35,ST,"BLACK VERMILLION R NR FRANKFORT, KS"
06887000,58,ST,"BIG BLUE R NR MANHATTAN, KS"
06888500,35,ST,"MILL C NR PAXICO, KS"
06889000,35,ST,"KANSAS R AT TOPEKA, KS"
06890100,41,ST,"DELAWARE R NR MUSCOTAH, KS"
06890900,32,ST,"DELAWARE R AT PERRY, KS"
06891500,33,ST,"WAKARUSA R NR LAWRENCE, KS"
06892350,190,ST,"KANSAS R AT DESOTO, KS"
06893150,47,ST,"Blue River at Blue Ridge Blvd Ext in KC, MO"
06893350,17,ST,"TOMAHAWK C NR OVERLAND PARK, KS"
06893390,25,ST,"INDIAN C AT STATE LINE RD, LEAWOOD, KS"
06893400,36,ST,"Indian Creek at 103rd St in Kansas City, MO"
06893500,43,ST,"Blue River at Kansas City, MO"
06893557,49,ST,"Brush Creek at Ward Parkway in Kansas City, MO"
06893562,47,ST,"Brush Creek at Rockhill Road in Kansas City, MO"
06893563,26,ST,"Town Fork Creek at Satchel Paige Mem Stad, in KC"
06893564,9,ST,"Brush Creek at Elmwood Avenue in Kansas City, MO"
06893578,36,ST,"Blue River at Stadium Drive in Kansas City, MO"
06893620,54,ST,"Rock Creek at Kentucky Road in Independence, MO"
06893820,49,ST,Little Blue R. at Lees Summit Rd in Independence
06893830,49,ST,"Adair Creek at Independence, MO"
06893890,49,ST,"East Fork Little Blue River near Blue Springs, MO"
06893940,36,ST,"Crackerneck Creek at Selsa Rd. in Independence, MO"
06893970,50,ST,"Spring Branch Ck at Holke Rd in Independence, MO"
06893990,9,ST,"Burr Oak Creek at Independence, MO"
06894000,49,ST,"Little Blue River near Lake City, MO"
06902000,32,ST,"Grand River near Sumner, MO"
06905500,25,ST,"Chariton River near Prairie Hill, MO"
06923150,37,ST,Dousinbury Cr at Hwy JJ near Wall Street
06923250,30,ST,"Niangua River at Windyville, MO"
06926510,24,ST,"Osage River below St. Thomas, MO"
06929315,38,ST,"Paddy Creek above Slabtown Spring, MO"
06930800,29,ST,"Gasconade River above Jerome, MO"
06934500,304,ST,"Missouri River at Hermann, MO"
09013000,33,SB-TSM,"ALVA B ADAMS TUN AT E PORTAL, NR ESTES PARK, CO."
384926092251301,22,GW,COLUMBIA USGS 07
385014092243001,23,GW,COLUMBIA USGS 06
385025092261701,23,GW,COLUMBIA USGS 04
385034092252501,22,GW,COLUMBIA USGS 05S
385034092252502,22,GW,COLUMBIA USGS 05D
385102092252801,22,GW,COLUMBIA USGS 03S
385102092252802,23,GW,COLUMBIA USGS 03D
385104092252402,23,ST,COLUMBIA Perche Creek near USGS-3
385105092252002,20,LK,COLUMBIA Blew hole near USGS-3
385107092261001,20,GW,COLUMBIA USGS 02S
385112092263101,27,GW,COLUMBIA MW 04-2A
385112092263102,26,GW,COLUMBIA MW 04-2B
385132092263301,27,GW,COLUMBIA MW 04-1A
385132092263302,27,GW,COLUMBIA MW 04-1B
385149092255501,22,GW,COLUMBIA USGS 01
385218092262001,27,GW,COLUMBIA MW 02-1A
385218092262002,28,GW,COLUMBIA MW 02-1B
385220092270701,25,GW,COLUMBIA USGS 08S
385220092270702,26,GW,COLUMBIA USGS 08D
385328092265901,25,GW,COLUMBIA MW 01-3A
385328092265902,25,GW,COLUMBIA MW 01-3B
385335092264301,25,GW,COLUMBIA MW 01-2A
385335092264302,24,GW,COLUMBIA MW 01-2B
385347092262701,25,GW,COLUMBIA MW 01-1A
385347092262702,25,GW,COLUMBIA MW 01-1B
385406092261401,27,GW,COLUMBIA MW 01-4A
385406092261402,27,GW,COLUMBIA MW 01-4B
385419092280001,25,GW,COLUMBIA USGS 09S
385419092280002,26,GW,COLUMBIA USGS 09D
385520094420000,15,ST,"INDIAN C AT COLLEGE BLVD, JOHNSON CO, KS"
390617094190201,36,ST,Bundshu Creek at N. Little Blue Pkwy in Independen
391344105133601,32,ST,"FOURMILE CREEK ABOVE YMCA CAMP NEAR DECKERS, CO"
392023105070601,31,ST,"PINE CREEK NEAR SPRUCEWOOD, CO"
394000105533000,24,LA,"LOVELAND PASS SNOW SITE, CO"
394329104490101,26,ST,"TOLL GATE CREEK ABOVE 6TH AVE AT AURORA, CO"
394839104570300,31,ST,"SAND CREEK AT MOUTH NR COMMERCE CITY,CO"
395010104522401,16,GW,34005
395122104512501,16,GW,26160
400200105340000,28,LA,"UNIVERSITY CAMP SNOW SITE, CO"
401138105384101,26,ST,UPPER OUZEL CREEK BLW BLUEBIRD LAKE AT RMNP
401156105360101,39,ST,OUZEL CREEK AT BRIDGE BLW OUZEL FALLS IN RMNP CO
401201105354701,25,ST,N. ST. VRAIN CK ABV OUZEL CK AT RMNP
401226105340100,79,ST,N ST VRAIN CREEK AT WILD BASIN TRAIL NR ALLENSPARK
401642105400600,117,ST,SKY POND INLET - LOCH VALE
401642105400601,54,LK,SKY POND SURFACE - LOCH VALE
401642105400602,18,LK,SKY POND METALIMNION - LOCH VALE
401642105400603,52,LK,SKY POND HYPOLIMNION - LOCH VALE
401642105400604,118,ST,SKY POND OUTLET - LOCH VALE
401655105395403,45,ST,GLASS LAKE OUTLET - LOCH VALE
401707105395000,130,ST,ICY BROOK-LOCH VALE-RMNP
401722105400300,27,LA,"LOCH VALE FOREST SNOW SITE, CO"
401723105394800,124,ST,ANDREWS CREEK - LOCH VALE
401723105400000,270,ST,ANDREWS CREEK-LOCH VALE-RMNP
401725105400001,20,LA,"LOCH VALE MEADOW SNOW SITE, CO"
401727105400000,268,SP,ANDREWS SPRING 1
401733105392400,167,ST,THE LOCH INLET - LOCH VALE
401733105392401,87,LK,THE LOCH SURFACE - LOCH VALE
401733105392402,20,LK,THE LOCH METALIMNION - LOCH VALE
401733105392403,76,LK,THE LOCH HYPOLIMNION - LOCH VALE
401733105392404,409,ST,THE LOCH OUTLET - LOCH VALE
401736105393000,43,ST,LITTLE LOCH CREEK - LOCH VALE
401821105394402,28,ST, HAIYAHA O
401843105400603,28,ST,EMERALD O
401924105362201,13,ST,GLACIER CREEK NR SPRAGUE LAKE IN RMNP CO
402114105350101,296,ST,"BIG THOMPSON BL MORAINE PARK NR ESTES PARK, CO"
402123105370401,43,ST,"BIG THOMPSON R NR FERN LAKE ROAD, RMNP, CO"
403028105371302,27,ST,LOUISE O
403028105371303,21,ST,LOUISE LAKE INLET
403100105540000,29,LA,"CAMERON PASS SNOW SITE, CO"
403245106404900,55,LK,"SUMMIT LAKE NEAR BUFFALO PASS, CO"
405344106405100,68,LK,SEVEN LAKES
405344106405101,51,ST,SEVEN LAKES INFLOW
410917106583300,28,LA,"OLD BATTLE SNOW SITE, WY"
412229106144100,28,LA,"BROOKLYN LAKE SNOW SITE, WY"
423420108503400,27,LA,"SOUTH PASS SNOW SITE, WY"
424728099182201,23,GW, 33N 17W34BDDD1
424728099182202,23,GW, 33N 17W34BDDD2
434452110031300,25,LA,"TOGWOTEE PASS SNOW SITE, WY"
442828110091700,27,LA,"SYLVAN LAKE SNOW SITE, WY"
444142111174700,28,LA,"LIONHEAD SNOW SITE, MT"
444303110304801,26,LA,"CANYON SNOW SITE, WY"
445548111032200,19,LA,"TWENTY-ONE MILE SNOW SITE, MT"
450303109571100,28,LA,"DAISY PASS SNOW SITE, MT"
451638111255900,28,LA,"BIG SKY SNOW SITE, MT"
454147113560900,28,LA,"CHIEF JOSEPH PASS SNOW SITE, MT"
454620112293100,28,LA,"RED MOUNTAIN SNOW SITE, MT"
463246111363601,16,LK,"Canyon Ferry Lake near Winston, MT"
463837111425901,16,LK,"Canyon Ferry Lake near Canyon Ferry, MT"
463900111280000,22,LA,"SPRING GULCH SNOW SITE, MT"
464500112195200,24,LA,"MOUNT BELMONT SNOW SITE, MT"
465100110420000,27,LA,"KINGS HILL SNOW SITE, MT"
07048600,152,ST,"White River near Fayetteville, AR"
07048700,122,ST,"White River near Goshen, AR"
07048780,31,ST,"Richland Creek near Goshen, AR"
07048800,120,ST,"Richland Creek at Goshen, AR"
07048910,136,LK,Beaver Lake at Hwy 412 bridge near Sonora
07049000,129,ST,"War Eagle Creek near Hindsville, AR"
07049050,23,ST,"War Eagle Creek at War Eagle, AR"
07049160,73,ST,War Eagle Creek above White River nr Lowell
07049187,119,LK,"Beaver Lake ds Hickory Ck Landing nr Springdale,AR"
07049200,136,LK,Beaver Lake near Lowell
07049500,137,LK,"Beaver Lake @ Hwy 12 bridge near Rogers, AR"
07049690,48,LK,"Beaver Lake near Eureka Springs, AR"
07050500,29,ST,"Kings River near Berryville, AR"
07053250,49,ST,"Yocum Creek near Oak Grove, AR"
07055646,56,ST,"Buffalo River near Boxley, AR"
07055814,10,ST,"Big Creek at Carver, AR"
07055893,24,ST,"Calf Creek near Silver Hill, AR"
07056000,95,ST,"Buffalo River near St. Joe, AR"
07056515,60,ST,"Bear Creek near Silver Hill, AR"
07060710,182,ST,"North Sylamore Creek near Fifty Six, AR"
07061600,36,ST,"Black River below Annapolis, MO"
07065495,37,ST,"Jacks Fork at Alley Spring, MO"
07075025,31,LK,GREERS FERRY LK @ BRUSH CK
07075215,31,LK,GREERS FERRY LK AB HILL CK AR
07075627,31,LK,"Greers Ferry Lake nr Greers Ferry, AR"
07083000,27,ST,"HALFMOON CREEK NEAR MALTA, CO"
07097000,16,ST,"ARKANSAS RIVER AT PORTLAND, CO."
07099200,119,ST,"ARKANSAS RIVER NEAR PORTLAND, CO."
07099400,120,ST,"ARKANSAS RIVER ABOVE PUEBLO, CO"
07143672,105,ST,"L ARKANSAS R AT HWY 50 NR HALSTEAD, KS"
07144100,186,ST,"L ARKANSAS R NR SEDGWICK, KS"
07144780,74,ST,"NF NINNESCAH R AB CHENEY RE, KS"
07144790,118,LK,"CHENEY RE NR CHENEY, KS"
07159720,47,ST,"Cottonwood Creek near Navina, OK"
07186480,41,ST,"Center Creek near Smithfield, MO"
07189000,48,ST,"Elk River near Tiff City, Mo"
07196500,28,ST,"Illinois River near Tahlequah, OK"
07221500,55,ST,"CANADIAN RIVER NEAR SANCHEZ, NM"
07226560,10,LK,"UTE RE AT SITE B,0.6 MILES AB UTE DAM, NM"
07227140,50,ST,"CANADIAN RIVER ABOVE NM-TX STATE LINE, NM"
07231975,16,ST,"Brushy Creek near Haileyville, OK"
07231990,15,ST,"Peaceable Creek near Haileyville, OK"
07241550,157,ST,"North Canadian River near Harrah, OK"
07246615,18,ST,"Coal Creek near Spiro, OK"
07247450,17,ST,"Fourche Maline near Wilburton, OK"
07248600,18,ST,"Caston Creek at Wister, OK"
07249100,14,ST,"Owl Creek near McCurtain, OK"
07257480,12,ST,"North Fork Illinois Bayou nr Scottsville, AR"
07257500,12,ST,"Illinois Bayou near Scottsville, AR"
07257693,59,ST,"Huckleberry Creek nr Augsburg, AR"
0725769302,23,ST,"Unnamed Tributary A near Augsburg, AR"
07257694,21,ST,"Unnamed Tributary B near Augsburg, AR"
0725769402,22,ST,"Unnamed Tributary C near Augsburg, AR"
07257695,11,LK,"Huckleberry Reservoir nr Augsburg, AR"
07257696,54,ST,Huckleberry Res @ Out-take Struc nr Russellville
07257698,30,ST,Huckleberry Res @ Bldg 2 of T Plt nr Russellville
07257699,25,ST,Ill Byu blw Huckleberry Res @ intake nr Russelvlle
07258010,26,ST,Whig Cr @ WWT Plant nr Russellville
07258020,26,ST,Whig Cr @ Confluence with Ark Rv nr Dardanelle
07261090,22,ST,"Cypress Creek nr Birdtown, AR"
07261100,16,LK,Brewer Lake at Mouth of Cypress Creek
07261110,24,LK,Brewer Lake nr Intake Structure
07263295,199,ST,"Maumelle River at Williams Junction, AR"
07263296,136,ST,"Maumelle River near Wye, AR"
072632962,51,ST,"Bringle Creek at Martindale, AR"
072632965,47,LK,"Lake Maumelle west of Hwy 10 bridge near Wye, AR"
072632966,57,ST,"Lake Maumelle at State Hwy 10 near Wye, AR"
072632968,32,LK,"Lk Maumelle at Mouth of Pigeon Roost Cr nr Wye, AR"
07263297,179,LK,"Lake Maumelle east of Hwy 10 bridge near Wye, AR"
072632971,48,ST,"Yount Creek near Martindale, AR"
0726329710,31,LK,Lake Maumelle at mouth of Yount Cr nr Martindale
072632972,44,LK,"LAKE MAUMELLE DS FROM YOUNT CREEK NEAR WYE, AR"
072632978,4,ST,"TWIN CREEK NEAR WYE, ARKANSAS"
07263298,7,LK,"LAKE MAUMELLE DS FROM TWIN CREEK NEAR WYE, AR"
072632982,49,ST,"Reece Creek at Little Italy, AR"
07263299,181,LK,"Lake Maumelle near Little Italy, AR"
072632990,31,LK,Lake Maumelle at Mouth of Reece Cr nr Martindale
072632992,44,LK,"LAKE MAUMELLE NEAR PINNACLE, ARKANSAS"
072632995,186,LK,Lake Maumelle at Natural Steps
07263620,315,ST,"AR River@David D Terry L&D below Little Rock, AR"
07332950,16,ST,"Muddy Boggy Creek at Atoka, OK"
07333910,41,ST,"McGee Creek near Farris, OK"
351409097231801,4,GW,09N-02W-22 DDA 1
375327097285401,83,GW,25S 01W 07BCCC01  SMW-S11 NR CW36
375348097262800,20,ST,"DISCHARGE FROM L ARKANSAS R ASR NR SEDGWICK, KS"
375350097262800,99,ST,"L ARKANSAS R UPSTREAM OF ASR FAC NR SEDGWICK, KS"
381559104465500,113,LK,PUEBLO RESERVOIR SITE 5C
381602104435200,111,LK,PUEBLO RESERVOIR SITE 7B
381725104494400,93,LK,PUEBLO RESERVOIR SITE 3B
383100106193000,28,LA,"MONARCH PASS SNOW SITE, CO"
383600104430301,21,GW,SC01706506BCC CC-1
383606104414701,18,GW,SC01706505BCA EP-6
383608104415101,20,GW,SC01706505BCA2 SCBD-5
383610104414901,20,GW,SC01706505BCA1 SCBD-4
383615104415101,15,GW,SC01706505BBD SCAD-1
383621104430801,19,GW,SC01606636AAA FC-2
383631104430701,19,GW,SC01606636DDA FC-1
383703104423901,19,GW,SC01606531BAD WW-6A
390500106323000,27,LA,"BRUMLEY SNOW SITE, CO"
392200106120000,27,LA,"FREMONT PASS SNOW SITE, CO"
